nonlinearity,hidden_layers,hidden_size,cd_runtime_seconds,spice_runtime_seconds,speedup_vs_spice,average_outer_iterations,average_inner_iterations_per_call,total_inner_iterations,coord_metadata_rel_path,spice_source_rel_path
double_diode_exponential,1,64,2.574875337071717,22.06463937018998,8.569206847615016,9.0,1.8885802469135802,6119,hidden_1/hidden_64/20260311-170020_double_diode_exponential/codex_cpu_rerun_float_64/20260320-160846_double_diode_exponential/validation_metadata.json,hidden_1/hidden_64/validation/validation_states_spice_layers.timing.json
double_diode_exponential,1,128,2.0038081044331193,73.60776480892673,36.733939066361096,8.969444444444445,1.0,3229,hidden_1/hidden_128/20260311-162256_double_diode_exponential/codex_cpu_rerun_float_64/20260320-160852_double_diode_exponential/validation_metadata.json,hidden_1/hidden_128/validation_states_spice_layers.timing.json
double_diode_exponential,1,256,2.831394115462899,100.49945606896654,35.49468988443387,9.0,1.9657407407407408,6369,hidden_1/hidden_256/20260311-170041_double_diode_exponential/codex_cpu_rerun_float_64/20260320-160857_double_diode_exponential/validation_metadata.json,hidden_1/hidden_256/validation/validation_states_spice_layers.timing.json
double_diode_exponential,1,512,3.0510037755593657,309.58070794213563,101.46847749651756,9.0,1.9962962962962962,6468,hidden_1/hidden_512/20260311-170102_double_diode_exponential/codex_cpu_rerun_float_64/20260320-160903_double_diode_exponential/validation_metadata.json,hidden_1/hidden_512/validation/validation_states_spice_layers.timing.json
double_diode_exponential,1,1024,3.5796652510762215,1107.3490477870218,309.34430180422567,9.0,2.0,6480,hidden_1/hidden_1024/20260311-170123_double_diode_exponential/codex_cpu_rerun_float_64/20260320-160910_double_diode_exponential/validation_metadata.json,hidden_1/hidden_1024/validation/validation_states_spice_layers.timing.json
double_diode_exponential,2,64,5.844131239689887,68.51403796602972,11.723562520417552,16.752777777777776,1.0,12062,hidden_2/hidden_64/20260311-170549_double_diode_exponential/codex_cpu_rerun_float_64/20260320-160917_double_diode_exponential/validation_metadata.json,hidden_2/hidden_64/validation/validation_states_spice_layers.timing.json
double_diode_exponential,2,128,6.143221139907837,549.9558434470091,89.52239076571152,15.83611111111111,1.2117172425890195,13816,hidden_2/hidden_128/super_high_accuracy/20260316-145914_double_diode_exponential/codex_cpu_rerun_float_64/20260320-160926_double_diode_exponential/validation_metadata.json,hidden_2/hidden_128/super_high_accuracy/validation_states_spice_layers.timing.json
double_diode_exponential,2,256,7.275139237754047,4312.23443189892,592.735656455996,18.030555555555555,1.0,12982,hidden_2/hidden_256/20260311-170612_double_diode_exponential/codex_cpu_rerun_float_64/20260320-160936_double_diode_exponential/validation_metadata.json,hidden_2/hidden_256/validation_states_spice_layers.timing.json
double_diode_exponential,2,512,12.041170606389642,51768.449848369,4299.287132506709,26.544444444444444,1.0,19112,hidden_2/hidden_512/20260311-170652_double_diode_exponential/codex_cpu_rerun_float_64/20260320-160946_double_diode_exponential/validation_metadata.json,hidden_2/hidden_512/20260311-170652_double_diode_exponential/validation_states_spice_layers.timing.json
double_diode_exponential,3,64,10.93627498485148,168.08995010424405,15.369945464710424,9.555555555555555,1.7148996215765506,26737,hidden_3/hidden_64/20260311-185700_double_diode_exponential/codex_cpu_rerun_float_64/20260320-161026_double_diode_exponential/validation_metadata.json,hidden_3/hidden_64/validation_states_spice_layers.timing.json
double_diode_exponential,3,128,9.693770012818277,1183.5095278018853,122.08970568075223,16.17222222222222,1.3898431237833506,24275,hidden_3/hidden_128/20260313-155212_double_diode_exponential/codex_cpu_rerun_float_64/20260320-161040_double_diode_exponential/validation_metadata.json,hidden_3/hidden_128/excellent_trained_amp4/validation_states_spice_layers.timing.json
double_diode_exponential,3,256,10.014894017018378,14361.823428260162,1434.0464715707444,16.42222222222222,1.2882837167343257,22849,hidden_3/hidden_256/validation/20260317-161243_double_diode_exponential/codex_cpu_rerun_float_64/20260320-161053_double_diode_exponential/validation_metadata.json,hidden_3/hidden_256/validation_states_spice_layers.timing.json
experimental,1,64,5.3059760658070445,22.023331308970228,4.150665407424987,13.780555555555555,20.352549889135254,100969,hidden_1/hidden_64/20260317-113144_experimental/codex_cpu_rerun/20260320-132051_experimental/validation_metadata.json,hidden_1/hidden_64/redundant/20260311-172944_experimental/validation_states_spice_layers.timing.json
experimental,1,128,1.3858249364420772,39.070677741081454,28.193083205293064,14.147222222222222,1.0235617514235225,5213,hidden_1/hidden_128/20260317-113144_experimental/codex_cpu_rerun/20260320-132213_experimental/validation_metadata.json,hidden_1/hidden_128/validation_states_spice_layers.timing.json
experimental,1,256,3.79892931971699,94.7898937149439,24.95173922372567,8.047222222222222,20.873662409389024,60471,hidden_1/hidden_256/20260317-113706_experimental/codex_cpu_rerun/20260320-132218_experimental/validation_metadata.json,hidden_1/hidden_256/validation_states_spice_layers.timing.json
experimental,1,512,3.99214134644717,311.14014074695297,77.93815743118765,7.233333333333333,21.082181259600613,54898,hidden_1/hidden_512/20260317-113706_experimental/codex_cpu_rerun/20260320-132225_experimental/validation_metadata.json,hidden_1/hidden_512/validation_states_spice_layers.timing.json
experimental,1,1024,4.736403568647802,1094.951770302141,231.1778872793011,5.758333333333334,24.47515677761698,50737,hidden_1/hidden_1024/20260317-113706_experimental/codex_cpu_rerun/20260320-132232_experimental/validation_metadata.json,hidden_1/hidden_1024/validation_states_spice_layers.timing.json
experimental,2,64,4.44640454929322,61.481018747901544,13.82713112725523,33.4,1.0,24048,hidden_2/hidden_64/20260313-150228_experimental/codex_cpu_rerun/20260320-133359_experimental/validation_metadata.json,hidden_2/hidden_64/20260311-171025_experimental/validation_states_spice_layers.timing.json
experimental,2,128,5.388705927878618,543.7305558170192,100.90187942971878,21.241666666666667,3.956388126062508,60509,hidden_2/hidden_128/20260313-150244_experimental/codex_cpu_rerun/20260320-133407_experimental/validation_metadata.json,hidden_2/hidden_128/super_high_accuracy/validation_states_spice_layers.timing.json
experimental,2,256,6.1438468135893345,4301.242321081925,700.0894474725794,39.95,1.0,28764,hidden_2/hidden_256/20260313-150302_experimental/codex_cpu_rerun/20260320-133415_experimental/validation_metadata.json,hidden_2/hidden_256/20260311-171041_experimental/validation_states_spice_layers.timing.json
experimental,2,512,11.82926631718874,52009.10704533104,4396.646896837399,61.986111111111114,1.0,44630,hidden_2/hidden_512/20260313-150320_experimental/codex_cpu_rerun/20260320-133425_experimental/validation_metadata.json,/home/filip/paper_simulation_results_/digits_simulations/experimental/hidden_2/hidden_512/validation/validation_states_spice_layers.timing.json
experimental,3,64,6.900183388963342,165.07923992117867,23.923891672968935,7.425,15.819179448809079,126854,hidden_3/hidden_64/validation/20260313-151007_experimental/codex_cpu_rerun/20260320-133506_experimental/validation_metadata.json,hidden_3/hidden_64/validation_states_spice_layers.timing.json
experimental,3,128,12.899679130874574,1131.4812394059263,87.71390574342247,26.23611111111111,6.905417328392447,195665,hidden_3/hidden_128/amp_4/validation/20260313-151035_experimental/codex_cpu_rerun/20260320-133516_experimental/validation_metadata.json,hidden_3/hidden_128/amp_4/validation_states_spice_layers.timing.json
experimental,3,256,5.3481221543625,13723.796278140042,2566.096263703597,13.166666666666666,3.642897327707454,51802,hidden_3/hidden_256/validation/20260313-151121_experimental/codex_cpu_rerun/20260320-133532_experimental/validation_metadata.json,hidden_3/hidden_256/validation_states_spice_layers.timing.json
single_diode_exponential,1,64,2.1570780938491225,22.600482965819538,10.477359642316378,5.544444444444444,2.0,7984,hidden_1/hidden_64/20260317-170659_single_diode_exponential/codex_cpu_rerun/20260319-151912_single_diode_exponential/validation_metadata.json,hidden_1/hidden_64/validation_states_spice_layers.timing.json
single_diode_exponential,1,128,3.639927822165191,30.891481618396938,8.486839060457333,9.0,2.0,12960,hidden_1/hidden_128/20260316-172522_single_diode_exponential/codex_cpu_rerun/20260319-151919_single_diode_exponential/validation_metadata.json,hidden_1/hidden_128/validation_states_spice_layers.timing.json
single_diode_exponential,1,256,2.6082527805119753,69.38601060211658,26.60248696773047,5.872222222222222,2.0,8456,hidden_1/hidden_256/20260311-170349_single_diode_exponential/codex_cpu_rerun/20260319-151927_single_diode_exponential/validation_metadata.json,hidden_1/hidden_256/validation_states_spice_layers.timing.json
single_diode_exponential,1,512,2.5246123326942325,198.34174450021237,78.56324788231733,5.472222222222222,1.9931472081218273,7853,hidden_1/hidden_512/20260311-170405_single_diode_exponential/codex_cpu_rerun_use_polish_true/20260320-170655_single_diode_exponential/validation_metadata.json,hidden_1/hidden_512/validation_states_spice_layers.timing.json
single_diode_exponential,1,1024,2.6209905799478292,793.8469280702993,302.88049645951065,5.108333333333333,2.0,7356,hidden_1/hidden_1024/20260311-170419_single_diode_exponential/codex_cpu_rerun/20260319-151941_single_diode_exponential/validation_metadata.json,hidden_1/hidden_1024/validation_states_spice_layers.timing.json
single_diode_exponential,2,64,7.80562146473676,76.6610030089505,9.821255534268449,15.169444444444444,1.4004303241164622,30591,hidden_2/hidden_64/20260317-103528_single_diode_exponential/codex_cpu_rerun/20260319-114011_single_diode_exponential/validation_metadata.json,hidden_2/hidden_64/validation_states_spice_layers.timing.json
single_diode_exponential,2,128,7.581706562079489,477.83643113891594,63.024917573156024,14.877777777777778,1.0832710978342046,23208,hidden_2/hidden_128/20260314-160910_single_diode_exponential/codex_cpu_rerun/20260319-114106_single_diode_exponential/validation_metadata.json,hidden_2/hidden_128/validation_states_spice_layers.timing.json
single_diode_exponential,2,256,10.335061233490705,4293.154445757158,415.39709816572895,21.461111111111112,1.0,30904,hidden_2/hidden_256/20260317-094836_single_diode_exponential/codex_cpu_rerun/20260319-114203_single_diode_exponential/validation_metadata.json,hidden_2/hidden_256/validation_states_spice_layers.timing.json
single_diode_exponential,3,64,37.486092486418784,172.43416523188353,4.599950376112326,57.675,1.143115156769253,142407,hidden_3/hidden_64/codex_cpu_rerun/20260319-100810_single_diode_exponential/validation_metadata.json,hidden_3/hidden_64/validation_states_spice_layers.timing.json
single_diode_exponential,3,128,15.560175705701113,1660.8683615187183,106.73840661774729,17.030555555555555,1.749932039362801,64373,hidden_3/hidden_128/codex_cpu_rerun/20260319-155148_single_diode_exponential/validation_metadata.json,hidden_3/hidden_128/validation_states_spice_layers.timing.json
