case,architecture,beta,sigma,seed,T,K,epochs,target,status,role,config,config_sha256,pack_directory,collected_result,best_validation_percent,final_validation_percent,best_drop_pp,final_drop_pp,completed_epochs,noise_stream_group
RN_conv1_baseline_beta100_sigma1em5_seed0,conv1,100,1e-05,0,4,4,10,akibscomputer,complete_collected_validated,noisy_training,configs/conv/eqprop_baseline_read_noise_20260916_v1/RN_conv1_baseline_beta100_sigma1em5_seed0.json,47796ca053d326cd11207e0c0081c6de18b85c21dac0ff3b7b4c25323988f729,production/akibscomputer/RN_conv1_baseline_beta100_sigma1em5_seed0,bundles/baseline_read_noise_20260916/conv1/beta_100/sigma_1e-05/seed0/result.json,96.18,96.04,-0.00,0.00,10,rtx3080_torch2.5.1_cuda12.1
RN_conv1_baseline_beta100_sigma3em5_seed0,conv1,100,3e-05,0,4,4,10,akibscomputer,complete_collected_validated,noisy_training,configs/conv/eqprop_baseline_read_noise_20260916_v1/RN_conv1_baseline_beta100_sigma3em5_seed0.json,0963558e98af12e3c164d722e78d2872c158f397f5deacdc10fb283978150220,production/akibscomputer/RN_conv1_baseline_beta100_sigma3em5_seed0,bundles/baseline_read_noise_20260916/conv1/beta_100/sigma_3e-05/seed0/result.json,96.18,96.04,-0.00,0.00,10,rtx3080_torch2.5.1_cuda12.1
RN_conv1_baseline_beta100_sigma1em4_seed0,conv1,100,0.0001,0,4,4,10,akibscomputer,complete_collected_validated,noisy_training,configs/conv/eqprop_baseline_read_noise_20260916_v1/RN_conv1_baseline_beta100_sigma1em4_seed0.json,a0ede87cb303725e4696a552aa62846ab7d4e11d2b86879349f3cfd570ef5bf4,production/akibscomputer/RN_conv1_baseline_beta100_sigma1em4_seed0,bundles/baseline_read_noise_20260916/conv1/beta_100/sigma_0.0001/seed0/result.json,96.20,96.00,-0.02,0.04,10,rtx3080_torch2.5.1_cuda12.1
RN_conv1_baseline_beta100_sigma3em4_seed0,conv1,100,0.0003,0,4,4,10,akibscomputer,complete_collected_validated,noisy_training,configs/conv/eqprop_baseline_read_noise_20260916_v1/RN_conv1_baseline_beta100_sigma3em4_seed0.json,c184830af0ea77d5566508dae86616b37cdbc03742f4f52e1e6e122051ce7f3c,production/akibscomputer/RN_conv1_baseline_beta100_sigma3em4_seed0,bundles/baseline_read_noise_20260916/conv1/beta_100/sigma_0.0003/seed0/result.json,96.18,96.02,-0.00,0.02,10,rtx3080_torch2.5.1_cuda12.1
RN_conv1_baseline_beta100_sigma5em4_seed0,conv1,100,0.0005,0,4,4,10,akibscomputer,complete_collected_validated,noisy_training,configs/conv/eqprop_baseline_read_noise_20260916_v1/RN_conv1_baseline_beta100_sigma5em4_seed0.json,12cb5cbc09e8205e1e6fdf317725483e2082839e89ee01d3e61fef703d8edbcf,production/akibscomputer/RN_conv1_baseline_beta100_sigma5em4_seed0,bundles/baseline_read_noise_20260916/conv1/beta_100/sigma_0.0005/seed0/result.json,96.18,96.04,-0.00,0.00,10,rtx3080_torch2.5.1_cuda12.1
RN_conv1_baseline_beta200_sigma0_seed0,conv1,200,0.0,0,4,4,10,nom-cool-1,complete_collected_validated,clean_control,configs/conv/eqprop_baseline_read_noise_20260916_v1/RN_conv1_baseline_beta200_sigma0_seed0.json,ba834f2039ed57e93856f4198d3a4f6edce163a32a60bd968d6fc4709f2f34f5,production/nom-cool-1/RN_conv1_baseline_beta200_sigma0_seed0,bundles/baseline_read_noise_20260916/conv1/beta_200/sigma_0/seed0/result.json,96.16,96.02,0.00,0.00,10,rtx3090_torch2.5.1_cuda12.1
RN_conv1_baseline_beta200_sigma1em5_seed0,conv1,200,1e-05,0,4,4,10,nom-cool-1,complete_collected_validated,noisy_training,configs/conv/eqprop_baseline_read_noise_20260916_v1/RN_conv1_baseline_beta200_sigma1em5_seed0.json,85a066b6a146606d3713d6bec79dac7e0b53b12f45410d654966fd91674e1312,production/nom-cool-1/RN_conv1_baseline_beta200_sigma1em5_seed0,bundles/baseline_read_noise_20260916/conv1/beta_200/sigma_1e-05/seed0/result.json,96.16,96.02,0.00,0.00,10,rtx3090_torch2.5.1_cuda12.1
RN_conv1_baseline_beta200_sigma3em5_seed0,conv1,200,3e-05,0,4,4,10,nom-cool-1,complete_collected_validated,noisy_training,configs/conv/eqprop_baseline_read_noise_20260916_v1/RN_conv1_baseline_beta200_sigma3em5_seed0.json,5a9b048c2906070bf8c255d3279381265622cd9380515e518dab2d71f5f82d77,production/nom-cool-1/RN_conv1_baseline_beta200_sigma3em5_seed0,bundles/baseline_read_noise_20260916/conv1/beta_200/sigma_3e-05/seed0/result.json,96.16,96.02,0.00,0.00,10,rtx3090_torch2.5.1_cuda12.1
RN_conv1_baseline_beta200_sigma1em4_seed0,conv1,200,0.0001,0,4,4,10,nom-cool-1,complete_collected_validated,noisy_training,configs/conv/eqprop_baseline_read_noise_20260916_v1/RN_conv1_baseline_beta200_sigma1em4_seed0.json,b493d4c3150bcd7295c28ce8b83de0e9ac9cb3ebe47a80993513bf84aaa512f7,production/nom-cool-1/RN_conv1_baseline_beta200_sigma1em4_seed0,bundles/baseline_read_noise_20260916/conv1/beta_200/sigma_0.0001/seed0/result.json,96.16,96.02,0.00,0.00,10,rtx3090_torch2.5.1_cuda12.1
RN_conv1_baseline_beta200_sigma3em4_seed0,conv1,200,0.0003,0,4,4,10,nom-cool-1,complete_collected_validated,noisy_training,configs/conv/eqprop_baseline_read_noise_20260916_v1/RN_conv1_baseline_beta200_sigma3em4_seed0.json,dd255793ce36720f8c9e451cc2da8923436f3165a4ebea9f49cdad08d08314db,production/nom-cool-1/RN_conv1_baseline_beta200_sigma3em4_seed0,bundles/baseline_read_noise_20260916/conv1/beta_200/sigma_0.0003/seed0/result.json,96.18,96.02,-0.02,0.00,10,rtx3090_torch2.5.1_cuda12.1
RN_conv1_baseline_beta200_sigma5em4_seed0,conv1,200,0.0005,0,4,4,10,nom-cool-1,complete_collected_validated,noisy_training,configs/conv/eqprop_baseline_read_noise_20260916_v1/RN_conv1_baseline_beta200_sigma5em4_seed0.json,3622a3337dbc36d39bbc852ef98207b610effe4d54922fedab2a4857541127a4,production/nom-cool-1/RN_conv1_baseline_beta200_sigma5em4_seed0,bundles/baseline_read_noise_20260916/conv1/beta_200/sigma_0.0005/seed0/result.json,96.18,96.04,-0.02,-0.02,10,rtx3090_torch2.5.1_cuda12.1
RN_conv2_baseline_beta100_sigma1em5_seed0,conv2,100,1e-05,0,6,6,30,local,complete_collected_validated,noisy_training,configs/conv/eqprop_baseline_read_noise_20260916_v1/RN_conv2_baseline_beta100_sigma1em5_seed0.json,6d51176ed27745264f23f2f4bf6e1b61efad80079b2f1b45a8b7f386586e0b5e,production/local/RN_conv2_baseline_beta100_sigma1em5_seed0,bundles/baseline_read_noise_20260916/conv2/beta_100/sigma_1e-05/seed0/result.json,97.30,97.30,-0.08,-0.08,30,rtx3090_torch2.5.1_cuda12.1
RN_conv2_baseline_beta100_sigma3em5_seed0,conv2,100,3e-05,0,6,6,30,local,complete_collected_validated,noisy_training,configs/conv/eqprop_baseline_read_noise_20260916_v1/RN_conv2_baseline_beta100_sigma3em5_seed0.json,d46a3dc0620925de21bf2a6543574ef67b127340668148748d5051aeb8213503,production/local/RN_conv2_baseline_beta100_sigma3em5_seed0,bundles/baseline_read_noise_20260916/conv2/beta_100/sigma_3e-05/seed0/result.json,97.38,97.38,-0.16,-0.16,30,rtx3090_torch2.5.1_cuda12.1
RN_conv2_baseline_beta100_sigma1em4_seed0,conv2,100,0.0001,0,6,6,30,local,complete_collected_validated,noisy_training,configs/conv/eqprop_baseline_read_noise_20260916_v1/RN_conv2_baseline_beta100_sigma1em4_seed0.json,28ea0006483386b154157cd6b9a0fe450fd7b3cc73f0d6808f702a68b5563149,production/local/RN_conv2_baseline_beta100_sigma1em4_seed0,bundles/baseline_read_noise_20260916/conv2/beta_100/sigma_0.0001/seed0/result.json,97.36,97.36,-0.14,-0.14,30,rtx3090_torch2.5.1_cuda12.1
RN_conv2_baseline_beta100_sigma3em4_seed0,conv2,100,0.0003,0,6,6,30,local,complete_collected_validated,noisy_training,configs/conv/eqprop_baseline_read_noise_20260916_v1/RN_conv2_baseline_beta100_sigma3em4_seed0.json,184a787db227e8068e083d016fb0f622b5e117d3f18c6148f5144c4ecf2f9d8f,production/local/RN_conv2_baseline_beta100_sigma3em4_seed0,bundles/baseline_read_noise_20260916/conv2/beta_100/sigma_0.0003/seed0/result.json,97.34,97.34,-0.12,-0.12,30,rtx3090_torch2.5.1_cuda12.1
RN_conv2_baseline_beta100_sigma5em4_seed0,conv2,100,0.0005,0,6,6,30,local,complete_collected_validated,noisy_training,configs/conv/eqprop_baseline_read_noise_20260916_v1/RN_conv2_baseline_beta100_sigma5em4_seed0.json,bc377002f772aa672864abc28bc03fdf1cd48e215120267f5b199455f255ab08,production/local/RN_conv2_baseline_beta100_sigma5em4_seed0,bundles/baseline_read_noise_20260916/conv2/beta_100/sigma_0.0005/seed0/result.json,97.24,97.24,-0.02,-0.02,30,rtx3090_torch2.5.1_cuda12.1
RN_conv3_baseline_beta10_sigma0_seed0,conv3,10,0.0,0,8,8,30,fifi,complete_collected_validated,clean_control,configs/conv/eqprop_baseline_read_noise_20260916_v1/RN_conv3_baseline_beta10_sigma0_seed0.json,afac8ad274bc598f053a599fe9cbcb0621544fd0cb3084b767c3f63cd3fa2cb0,production/fifi/pair1,bundles/baseline_read_noise_20260916/conv3/beta_10/sigma_0/seed0/result.json,97.64,97.64,0.00,0.00,30,rtx5090_torch2.11_cuda12.8
RN_conv3_baseline_beta10_sigma1em5_seed0,conv3,10,1e-05,0,8,8,30,fifi,complete_collected_validated,noisy_training,configs/conv/eqprop_baseline_read_noise_20260916_v1/RN_conv3_baseline_beta10_sigma1em5_seed0.json,59ff89a10744eb96ce6166e0be3c5a2a448f5c721a01596ddb0253d48675b1f6,production/fifi/pair1,bundles/baseline_read_noise_20260916/conv3/beta_10/sigma_1e-05/seed0/result.json,97.48,97.48,0.16,0.16,30,rtx5090_torch2.11_cuda12.8
RN_conv3_baseline_beta10_sigma3em5_seed0,conv3,10,3e-05,0,8,8,30,fifi,complete_collected_validated,noisy_training,configs/conv/eqprop_baseline_read_noise_20260916_v1/RN_conv3_baseline_beta10_sigma3em5_seed0.json,60c2de33e8e384f6c0d944a60f2743380013399bdfe3bd45dcf4ec7be2930348,production/fifi/pair2,bundles/baseline_read_noise_20260916/conv3/beta_10/sigma_3e-05/seed0/result.json,97.08,97.04,0.56,0.60,30,rtx5090_torch2.11_cuda12.8
RN_conv3_baseline_beta10_sigma1em4_seed0,conv3,10,0.0001,0,8,8,30,fifi,complete_collected_validated,noisy_training,configs/conv/eqprop_baseline_read_noise_20260916_v1/RN_conv3_baseline_beta10_sigma1em4_seed0.json,89059224de18bf39631d628d74140633a4507b07dec34d37a98cedac99930b9e,production/fifi/pair2,bundles/baseline_read_noise_20260916/conv3/beta_10/sigma_0.0001/seed0/result.json,96.70,96.64,0.94,1.00,30,rtx5090_torch2.11_cuda12.8
RN_conv3_baseline_beta10_sigma3em4_seed0,conv3,10,0.0003,0,8,8,30,fifi,complete_collected_validated,noisy_training,configs/conv/eqprop_baseline_read_noise_20260916_v1/RN_conv3_baseline_beta10_sigma3em4_seed0.json,6ffd09896c47bef98c07eafb24d8ebbda42f0a0d78e73875639708dc51982706,production/fifi/pair3,bundles/baseline_read_noise_20260916/conv3/beta_10/sigma_0.0003/seed0/result.json,96.52,96.48,1.12,1.16,30,rtx5090_torch2.11_cuda12.8
RN_conv3_baseline_beta10_sigma5em4_seed0,conv3,10,0.0005,0,8,8,30,fifi,complete_collected_validated,noisy_training,configs/conv/eqprop_baseline_read_noise_20260916_v1/RN_conv3_baseline_beta10_sigma5em4_seed0.json,4ae5ffcd9a29d0fa6501f972dd84fd77356e799c4873db10d2b1cfb06d985600,production/fifi/pair3,bundles/baseline_read_noise_20260916/conv3/beta_10/sigma_0.0005/seed0/result.json,96.10,96.04,1.54,1.60,30,rtx5090_torch2.11_cuda12.8
