architecture,scheme,checkpoint_role,grouping,cosine_threshold,norm_gate,current_anchor,ratio_to_anchor,selected_beta,upper_edge_open,passing_regions,passing_count
conv1,baseline,both,layerwise,0.9,False,100,30.0,3000.0,False,"[{'low': 1.0, 'high': 3000.0}]",12
conv1,baseline,both,layerwise,0.95,False,100,10.0,1000.0,False,"[{'low': 1.0, 'high': 1000.0}]",10
conv1,baseline,both,layerwise,0.99,False,100,3.0,300.0,False,"[{'low': 1.0, 'high': 300.0}]",7
conv1,baseline,both,layerwise,0.9,True,100,30.0,3000.0,False,"[{'low': 1.0, 'high': 3000.0}]",12
conv1,baseline,both,layerwise,0.95,True,100,10.0,1000.0,False,"[{'low': 1.0, 'high': 1000.0}]",10
conv1,baseline,both,layerwise,0.99,True,100,3.0,300.0,False,"[{'low': 1.0, 'high': 300.0}]",7
conv1,baseline,both,whole_gradient,0.9,False,100,100.0,10000.0,False,"[{'low': 1.0, 'high': 10000.0}]",15
conv1,baseline,both,whole_gradient,0.95,False,100,100.0,10000.0,False,"[{'low': 1.0, 'high': 10000.0}]",15
conv1,baseline,both,whole_gradient,0.99,False,100,50.0,5000.0,False,"[{'low': 1.0, 'high': 5000.0}]",13
conv1,baseline,both,whole_gradient,0.9,True,100,100.0,10000.0,False,"[{'low': 1.0, 'high': 10000.0}]",15
conv1,baseline,both,whole_gradient,0.95,True,100,100.0,10000.0,False,"[{'low': 1.0, 'high': 10000.0}]",15
conv1,baseline,both,whole_gradient,0.99,True,100,50.0,5000.0,False,"[{'low': 1.0, 'high': 5000.0}]",13
conv1,baseline,reconstructed_initialization,layerwise,0.9,False,100,100.0,10000.0,False,"[{'low': 1.0, 'high': 10000.0}]",15
conv1,baseline,reconstructed_initialization,layerwise,0.95,False,100,100.0,10000.0,False,"[{'low': 1.0, 'high': 10000.0}]",15
conv1,baseline,reconstructed_initialization,layerwise,0.99,False,100,20.0,2000.0,False,"[{'low': 1.0, 'high': 2000.0}]",11
conv1,baseline,reconstructed_initialization,layerwise,0.9,True,100,100.0,10000.0,False,"[{'low': 1.0, 'high': 10000.0}]",15
conv1,baseline,reconstructed_initialization,layerwise,0.95,True,100,100.0,10000.0,False,"[{'low': 1.0, 'high': 10000.0}]",15
conv1,baseline,reconstructed_initialization,layerwise,0.99,True,100,20.0,2000.0,False,"[{'low': 1.0, 'high': 2000.0}]",11
conv1,baseline,reconstructed_initialization,whole_gradient,0.9,False,100,100.0,10000.0,False,"[{'low': 1.0, 'high': 10000.0}]",15
conv1,baseline,reconstructed_initialization,whole_gradient,0.95,False,100,100.0,10000.0,False,"[{'low': 1.0, 'high': 10000.0}]",15
conv1,baseline,reconstructed_initialization,whole_gradient,0.99,False,100,75.0,7500.0,False,"[{'low': 1.0, 'high': 7500.0}]",14
conv1,baseline,reconstructed_initialization,whole_gradient,0.9,True,100,100.0,10000.0,False,"[{'low': 1.0, 'high': 10000.0}]",15
conv1,baseline,reconstructed_initialization,whole_gradient,0.95,True,100,100.0,10000.0,False,"[{'low': 1.0, 'high': 10000.0}]",15
conv1,baseline,reconstructed_initialization,whole_gradient,0.99,True,100,75.0,7500.0,False,"[{'low': 1.0, 'high': 7500.0}]",14
conv1,baseline,best_validation,layerwise,0.9,False,100,30.0,3000.0,False,"[{'low': 1.0, 'high': 3000.0}]",12
conv1,baseline,best_validation,layerwise,0.95,False,100,10.0,1000.0,False,"[{'low': 1.0, 'high': 1000.0}]",10
conv1,baseline,best_validation,layerwise,0.99,False,100,3.0,300.0,False,"[{'low': 1.0, 'high': 300.0}]",7
conv1,baseline,best_validation,layerwise,0.9,True,100,30.0,3000.0,False,"[{'low': 1.0, 'high': 3000.0}]",12
conv1,baseline,best_validation,layerwise,0.95,True,100,10.0,1000.0,False,"[{'low': 1.0, 'high': 1000.0}]",10
conv1,baseline,best_validation,layerwise,0.99,True,100,3.0,300.0,False,"[{'low': 1.0, 'high': 300.0}]",7
conv1,baseline,best_validation,whole_gradient,0.9,False,100,100.0,10000.0,False,"[{'low': 1.0, 'high': 10000.0}]",15
conv1,baseline,best_validation,whole_gradient,0.95,False,100,100.0,10000.0,False,"[{'low': 1.0, 'high': 10000.0}]",15
conv1,baseline,best_validation,whole_gradient,0.99,False,100,50.0,5000.0,False,"[{'low': 1.0, 'high': 5000.0}]",13
conv1,baseline,best_validation,whole_gradient,0.9,True,100,100.0,10000.0,False,"[{'low': 1.0, 'high': 10000.0}]",15
conv1,baseline,best_validation,whole_gradient,0.95,True,100,100.0,10000.0,False,"[{'low': 1.0, 'high': 10000.0}]",15
conv1,baseline,best_validation,whole_gradient,0.99,True,100,50.0,5000.0,False,"[{'low': 1.0, 'high': 5000.0}]",13
conv1,ours,both,layerwise,0.9,False,30,75.0,2250.0,False,"[{'low': 0.3, 'high': 2250.0}]",14
conv1,ours,both,layerwise,0.95,False,30,50.0,1500.0,False,"[{'low': 0.3, 'high': 1500.0}]",13
conv1,ours,both,layerwise,0.99,False,30,10.0,300.0,False,"[{'low': 0.3, 'high': 300.0}]",10
conv1,ours,both,layerwise,0.9,True,30,75.0,2250.0,False,"[{'low': 0.3, 'high': 2250.0}]",14
conv1,ours,both,layerwise,0.95,True,30,50.0,1500.0,False,"[{'low': 0.3, 'high': 1500.0}]",13
conv1,ours,both,layerwise,0.99,True,30,10.0,300.0,False,"[{'low': 0.3, 'high': 300.0}]",10
conv1,ours,both,whole_gradient,0.9,False,30,100.0,3000.0,False,"[{'low': 0.3, 'high': 3000.0}]",15
conv1,ours,both,whole_gradient,0.95,False,30,100.0,3000.0,False,"[{'low': 0.3, 'high': 3000.0}]",15
conv1,ours,both,whole_gradient,0.99,False,30,50.0,1500.0,False,"[{'low': 0.3, 'high': 1500.0}]",13
conv1,ours,both,whole_gradient,0.9,True,30,100.0,3000.0,False,"[{'low': 0.3, 'high': 3000.0}]",15
conv1,ours,both,whole_gradient,0.95,True,30,100.0,3000.0,False,"[{'low': 0.3, 'high': 3000.0}]",15
conv1,ours,both,whole_gradient,0.99,True,30,50.0,1500.0,False,"[{'low': 0.3, 'high': 1500.0}]",13
conv1,ours,reconstructed_initialization,layerwise,0.9,False,30,100.0,3000.0,False,"[{'low': 0.3, 'high': 3000.0}]",15
conv1,ours,reconstructed_initialization,layerwise,0.95,False,30,100.0,3000.0,False,"[{'low': 0.3, 'high': 3000.0}]",15
conv1,ours,reconstructed_initialization,layerwise,0.99,False,30,20.0,600.0,False,"[{'low': 0.3, 'high': 600.0}]",11
conv1,ours,reconstructed_initialization,layerwise,0.9,True,30,100.0,3000.0,False,"[{'low': 0.3, 'high': 3000.0}]",15
conv1,ours,reconstructed_initialization,layerwise,0.95,True,30,100.0,3000.0,False,"[{'low': 0.3, 'high': 3000.0}]",15
conv1,ours,reconstructed_initialization,layerwise,0.99,True,30,20.0,600.0,False,"[{'low': 0.3, 'high': 600.0}]",11
conv1,ours,reconstructed_initialization,whole_gradient,0.9,False,30,100.0,3000.0,False,"[{'low': 0.3, 'high': 3000.0}]",15
conv1,ours,reconstructed_initialization,whole_gradient,0.95,False,30,100.0,3000.0,False,"[{'low': 0.3, 'high': 3000.0}]",15
conv1,ours,reconstructed_initialization,whole_gradient,0.99,False,30,50.0,1500.0,False,"[{'low': 0.3, 'high': 1500.0}]",13
conv1,ours,reconstructed_initialization,whole_gradient,0.9,True,30,100.0,3000.0,False,"[{'low': 0.3, 'high': 3000.0}]",15
conv1,ours,reconstructed_initialization,whole_gradient,0.95,True,30,100.0,3000.0,False,"[{'low': 0.3, 'high': 3000.0}]",15
conv1,ours,reconstructed_initialization,whole_gradient,0.99,True,30,50.0,1500.0,False,"[{'low': 0.3, 'high': 1500.0}]",13
conv1,ours,best_validation,layerwise,0.9,False,30,75.0,2250.0,False,"[{'low': 0.3, 'high': 2250.0}]",14
conv1,ours,best_validation,layerwise,0.95,False,30,50.0,1500.0,False,"[{'low': 0.3, 'high': 1500.0}]",13
conv1,ours,best_validation,layerwise,0.99,False,30,10.0,300.0,False,"[{'low': 0.3, 'high': 300.0}]",10
conv1,ours,best_validation,layerwise,0.9,True,30,75.0,2250.0,False,"[{'low': 0.3, 'high': 2250.0}]",14
conv1,ours,best_validation,layerwise,0.95,True,30,50.0,1500.0,False,"[{'low': 0.3, 'high': 1500.0}]",13
conv1,ours,best_validation,layerwise,0.99,True,30,10.0,300.0,False,"[{'low': 0.3, 'high': 300.0}]",10
conv1,ours,best_validation,whole_gradient,0.9,False,30,100.0,3000.0,False,"[{'low': 0.3, 'high': 3000.0}]",15
conv1,ours,best_validation,whole_gradient,0.95,False,30,100.0,3000.0,False,"[{'low': 0.3, 'high': 3000.0}]",15
conv1,ours,best_validation,whole_gradient,0.99,False,30,50.0,1500.0,False,"[{'low': 0.3, 'high': 1500.0}]",13
conv1,ours,best_validation,whole_gradient,0.9,True,30,100.0,3000.0,False,"[{'low': 0.3, 'high': 3000.0}]",15
conv1,ours,best_validation,whole_gradient,0.95,True,30,100.0,3000.0,False,"[{'low': 0.3, 'high': 3000.0}]",15
conv1,ours,best_validation,whole_gradient,0.99,True,30,50.0,1500.0,False,"[{'low': 0.3, 'high': 1500.0}]",13
conv1,legacy,both,layerwise,0.9,False,3,300.0,900.0,False,"[{'low': 0.03, 'high': 900.0}]",16
conv1,legacy,both,layerwise,0.95,False,3,100.0,300.0,False,"[{'low': 0.03, 'high': 300.0}]",15
conv1,legacy,both,layerwise,0.99,False,3,20.0,60.0,False,"[{'low': 0.03, 'high': 60.0}]",11
conv1,legacy,both,layerwise,0.9,True,3,100.0,300.0,False,"[{'low': 0.03, 'high': 300.0}]",15
conv1,legacy,both,layerwise,0.95,True,3,100.0,300.0,False,"[{'low': 0.03, 'high': 300.0}]",15
conv1,legacy,both,layerwise,0.99,True,3,20.0,60.0,False,"[{'low': 0.03, 'high': 60.0}]",11
conv1,legacy,both,whole_gradient,0.9,False,3,1000.0,3000.0,True,"[{'low': 0.03, 'high': 3000.0}]",17
conv1,legacy,both,whole_gradient,0.95,False,3,300.0,900.0,False,"[{'low': 0.03, 'high': 900.0}]",16
conv1,legacy,both,whole_gradient,0.99,False,3,300.0,900.0,False,"[{'low': 0.03, 'high': 900.0}]",16
conv1,legacy,both,whole_gradient,0.9,True,3,1000.0,3000.0,True,"[{'low': 0.03, 'high': 3000.0}]",17
conv1,legacy,both,whole_gradient,0.95,True,3,300.0,900.0,False,"[{'low': 0.03, 'high': 900.0}]",16
conv1,legacy,both,whole_gradient,0.99,True,3,300.0,900.0,False,"[{'low': 0.03, 'high': 900.0}]",16
conv1,legacy,reconstructed_initialization,layerwise,0.9,False,3,1000.0,3000.0,True,"[{'low': 0.03, 'high': 3000.0}]",17
conv1,legacy,reconstructed_initialization,layerwise,0.95,False,3,1000.0,3000.0,True,"[{'low': 0.03, 'high': 3000.0}]",17
conv1,legacy,reconstructed_initialization,layerwise,0.99,False,3,100.0,300.0,False,"[{'low': 0.03, 'high': 300.0}]",15
conv1,legacy,reconstructed_initialization,layerwise,0.9,True,3,1000.0,3000.0,True,"[{'low': 0.03, 'high': 3000.0}]",17
conv1,legacy,reconstructed_initialization,layerwise,0.95,True,3,1000.0,3000.0,True,"[{'low': 0.03, 'high': 3000.0}]",17
conv1,legacy,reconstructed_initialization,layerwise,0.99,True,3,100.0,300.0,False,"[{'low': 0.03, 'high': 300.0}]",15
conv1,legacy,reconstructed_initialization,whole_gradient,0.9,False,3,1000.0,3000.0,True,"[{'low': 0.03, 'high': 3000.0}]",17
conv1,legacy,reconstructed_initialization,whole_gradient,0.95,False,3,1000.0,3000.0,True,"[{'low': 0.03, 'high': 3000.0}]",17
conv1,legacy,reconstructed_initialization,whole_gradient,0.99,False,3,300.0,900.0,False,"[{'low': 0.03, 'high': 900.0}]",16
conv1,legacy,reconstructed_initialization,whole_gradient,0.9,True,3,1000.0,3000.0,True,"[{'low': 0.03, 'high': 3000.0}]",17
conv1,legacy,reconstructed_initialization,whole_gradient,0.95,True,3,1000.0,3000.0,True,"[{'low': 0.03, 'high': 3000.0}]",17
conv1,legacy,reconstructed_initialization,whole_gradient,0.99,True,3,300.0,900.0,False,"[{'low': 0.03, 'high': 900.0}]",16
conv1,legacy,best_validation,layerwise,0.9,False,3,300.0,900.0,False,"[{'low': 0.03, 'high': 900.0}]",16
conv1,legacy,best_validation,layerwise,0.95,False,3,100.0,300.0,False,"[{'low': 0.03, 'high': 300.0}]",15
conv1,legacy,best_validation,layerwise,0.99,False,3,20.0,60.0,False,"[{'low': 0.03, 'high': 60.0}]",11
conv1,legacy,best_validation,layerwise,0.9,True,3,100.0,300.0,False,"[{'low': 0.03, 'high': 300.0}]",15
conv1,legacy,best_validation,layerwise,0.95,True,3,100.0,300.0,False,"[{'low': 0.03, 'high': 300.0}]",15
conv1,legacy,best_validation,layerwise,0.99,True,3,20.0,60.0,False,"[{'low': 0.03, 'high': 60.0}]",11
conv1,legacy,best_validation,whole_gradient,0.9,False,3,1000.0,3000.0,True,"[{'low': 0.03, 'high': 3000.0}]",17
conv1,legacy,best_validation,whole_gradient,0.95,False,3,300.0,900.0,False,"[{'low': 0.03, 'high': 900.0}]",16
conv1,legacy,best_validation,whole_gradient,0.99,False,3,300.0,900.0,False,"[{'low': 0.03, 'high': 900.0}]",16
conv1,legacy,best_validation,whole_gradient,0.9,True,3,1000.0,3000.0,True,"[{'low': 0.03, 'high': 3000.0}]",17
conv1,legacy,best_validation,whole_gradient,0.95,True,3,300.0,900.0,False,"[{'low': 0.03, 'high': 900.0}]",16
conv1,legacy,best_validation,whole_gradient,0.99,True,3,300.0,900.0,False,"[{'low': 0.03, 'high': 900.0}]",16
conv2,baseline,both,layerwise,0.9,False,100,5.0,500.0,False,"[{'low': 1.0, 'high': 500.0}]",8
conv2,baseline,both,layerwise,0.95,False,100,5.0,500.0,False,"[{'low': 1.0, 'high': 500.0}]",8
conv2,baseline,both,layerwise,0.99,False,100,1.0,100.0,False,"[{'low': 1.0, 'high': 100.0}]",5
conv2,baseline,both,layerwise,0.9,True,100,3.0,300.0,False,"[{'low': 1.0, 'high': 300.0}]",7
conv2,baseline,both,layerwise,0.95,True,100,3.0,300.0,False,"[{'low': 1.0, 'high': 300.0}]",7
conv2,baseline,both,layerwise,0.99,True,100,1.0,100.0,False,"[{'low': 1.0, 'high': 100.0}]",5
conv2,baseline,both,whole_gradient,0.9,False,100,30.0,3000.0,False,"[{'low': 1.0, 'high': 3000.0}]",12
conv2,baseline,both,whole_gradient,0.95,False,100,20.0,2000.0,False,"[{'low': 1.0, 'high': 2000.0}]",11
conv2,baseline,both,whole_gradient,0.99,False,100,10.0,1000.0,False,"[{'low': 1.0, 'high': 1000.0}]",10
conv2,baseline,both,whole_gradient,0.9,True,100,20.0,2000.0,False,"[{'low': 1.0, 'high': 2000.0}]",11
conv2,baseline,both,whole_gradient,0.95,True,100,20.0,2000.0,False,"[{'low': 1.0, 'high': 2000.0}]",11
conv2,baseline,both,whole_gradient,0.99,True,100,10.0,1000.0,False,"[{'low': 1.0, 'high': 1000.0}]",10
conv2,baseline,reconstructed_initialization,layerwise,0.9,False,100,5.0,500.0,False,"[{'low': 1.0, 'high': 500.0}]",8
conv2,baseline,reconstructed_initialization,layerwise,0.95,False,100,5.0,500.0,False,"[{'low': 1.0, 'high': 500.0}]",8
conv2,baseline,reconstructed_initialization,layerwise,0.99,False,100,1.0,100.0,False,"[{'low': 1.0, 'high': 100.0}]",5
conv2,baseline,reconstructed_initialization,layerwise,0.9,True,100,3.0,300.0,False,"[{'low': 1.0, 'high': 300.0}]",7
conv2,baseline,reconstructed_initialization,layerwise,0.95,True,100,3.0,300.0,False,"[{'low': 1.0, 'high': 300.0}]",7
conv2,baseline,reconstructed_initialization,layerwise,0.99,True,100,1.0,100.0,False,"[{'low': 1.0, 'high': 100.0}]",5
conv2,baseline,reconstructed_initialization,whole_gradient,0.9,False,100,30.0,3000.0,False,"[{'low': 1.0, 'high': 3000.0}]",12
conv2,baseline,reconstructed_initialization,whole_gradient,0.95,False,100,20.0,2000.0,False,"[{'low': 1.0, 'high': 2000.0}]",11
conv2,baseline,reconstructed_initialization,whole_gradient,0.99,False,100,10.0,1000.0,False,"[{'low': 1.0, 'high': 1000.0}]",10
conv2,baseline,reconstructed_initialization,whole_gradient,0.9,True,100,20.0,2000.0,False,"[{'low': 1.0, 'high': 2000.0}]",11
conv2,baseline,reconstructed_initialization,whole_gradient,0.95,True,100,20.0,2000.0,False,"[{'low': 1.0, 'high': 2000.0}]",11
conv2,baseline,reconstructed_initialization,whole_gradient,0.99,True,100,10.0,1000.0,False,"[{'low': 1.0, 'high': 1000.0}]",10
conv2,baseline,best_validation,layerwise,0.9,False,100,75.0,7500.0,False,"[{'low': 1.0, 'high': 7500.0}]",14
conv2,baseline,best_validation,layerwise,0.95,False,100,30.0,3000.0,False,"[{'low': 1.0, 'high': 3000.0}]",12
conv2,baseline,best_validation,layerwise,0.99,False,100,5.0,500.0,False,"[{'low': 1.0, 'high': 500.0}]",8
conv2,baseline,best_validation,layerwise,0.9,True,100,30.0,3000.0,False,"[{'low': 1.0, 'high': 3000.0}]",12
conv2,baseline,best_validation,layerwise,0.95,True,100,30.0,3000.0,False,"[{'low': 1.0, 'high': 3000.0}]",12
conv2,baseline,best_validation,layerwise,0.99,True,100,5.0,500.0,False,"[{'low': 1.0, 'high': 500.0}]",8
conv2,baseline,best_validation,whole_gradient,0.9,False,100,100.0,10000.0,False,"[{'low': 1.0, 'high': 10000.0}]",15
conv2,baseline,best_validation,whole_gradient,0.95,False,100,75.0,7500.0,False,"[{'low': 1.0, 'high': 7500.0}]",14
conv2,baseline,best_validation,whole_gradient,0.99,False,100,10.0,1000.0,False,"[{'low': 1.0, 'high': 1000.0}]",10
conv2,baseline,best_validation,whole_gradient,0.9,True,100,100.0,10000.0,False,"[{'low': 1.0, 'high': 10000.0}]",15
conv2,baseline,best_validation,whole_gradient,0.95,True,100,75.0,7500.0,False,"[{'low': 1.0, 'high': 7500.0}]",14
conv2,baseline,best_validation,whole_gradient,0.99,True,100,10.0,1000.0,False,"[{'low': 1.0, 'high': 1000.0}]",10
conv2,ours,both,layerwise,0.9,False,10,5.0,50.0,False,"[{'low': 0.1, 'high': 50.0}]",8
conv2,ours,both,layerwise,0.95,False,10,3.0,30.0,False,"[{'low': 0.1, 'high': 30.0}]",7
conv2,ours,both,layerwise,0.99,False,10,1.0,10.0,False,"[{'low': 0.1, 'high': 10.0}]",5
conv2,ours,both,layerwise,0.9,True,10,2.0,20.0,False,"[{'low': 0.1, 'high': 20.0}]",6
conv2,ours,both,layerwise,0.95,True,10,2.0,20.0,False,"[{'low': 0.1, 'high': 20.0}]",6
conv2,ours,both,layerwise,0.99,True,10,1.0,10.0,False,"[{'low': 0.1, 'high': 10.0}]",5
conv2,ours,both,whole_gradient,0.9,False,10,20.0,200.0,False,"[{'low': 0.1, 'high': 200.0}]",11
conv2,ours,both,whole_gradient,0.95,False,10,10.0,100.0,False,"[{'low': 0.1, 'high': 100.0}]",10
conv2,ours,both,whole_gradient,0.99,False,10,10.0,100.0,False,"[{'low': 0.1, 'high': 100.0}]",10
conv2,ours,both,whole_gradient,0.9,True,10,10.0,100.0,False,"[{'low': 0.1, 'high': 100.0}]",10
conv2,ours,both,whole_gradient,0.95,True,10,10.0,100.0,False,"[{'low': 0.1, 'high': 100.0}]",10
conv2,ours,both,whole_gradient,0.99,True,10,10.0,100.0,False,"[{'low': 0.1, 'high': 100.0}]",10
conv2,ours,reconstructed_initialization,layerwise,0.9,False,10,5.0,50.0,False,"[{'low': 0.1, 'high': 50.0}]",8
conv2,ours,reconstructed_initialization,layerwise,0.95,False,10,3.0,30.0,False,"[{'low': 0.1, 'high': 30.0}]",7
conv2,ours,reconstructed_initialization,layerwise,0.99,False,10,1.0,10.0,False,"[{'low': 0.1, 'high': 10.0}]",5
conv2,ours,reconstructed_initialization,layerwise,0.9,True,10,2.0,20.0,False,"[{'low': 0.1, 'high': 20.0}]",6
conv2,ours,reconstructed_initialization,layerwise,0.95,True,10,2.0,20.0,False,"[{'low': 0.1, 'high': 20.0}]",6
conv2,ours,reconstructed_initialization,layerwise,0.99,True,10,1.0,10.0,False,"[{'low': 0.1, 'high': 10.0}]",5
conv2,ours,reconstructed_initialization,whole_gradient,0.9,False,10,20.0,200.0,False,"[{'low': 0.1, 'high': 200.0}]",11
conv2,ours,reconstructed_initialization,whole_gradient,0.95,False,10,10.0,100.0,False,"[{'low': 0.1, 'high': 100.0}]",10
conv2,ours,reconstructed_initialization,whole_gradient,0.99,False,10,10.0,100.0,False,"[{'low': 0.1, 'high': 100.0}]",10
conv2,ours,reconstructed_initialization,whole_gradient,0.9,True,10,10.0,100.0,False,"[{'low': 0.1, 'high': 100.0}]",10
conv2,ours,reconstructed_initialization,whole_gradient,0.95,True,10,10.0,100.0,False,"[{'low': 0.1, 'high': 100.0}]",10
conv2,ours,reconstructed_initialization,whole_gradient,0.99,True,10,10.0,100.0,False,"[{'low': 0.1, 'high': 100.0}]",10
conv2,ours,best_validation,layerwise,0.9,False,10,50.0,500.0,False,"[{'low': 0.1, 'high': 500.0}]",13
conv2,ours,best_validation,layerwise,0.95,False,10,20.0,200.0,False,"[{'low': 0.1, 'high': 200.0}]",11
conv2,ours,best_validation,layerwise,0.99,False,10,3.0,30.0,False,"[{'low': 0.1, 'high': 30.0}]",7
conv2,ours,best_validation,layerwise,0.9,True,10,5.0,50.0,False,"[{'low': 0.1, 'high': 50.0}]",8
conv2,ours,best_validation,layerwise,0.95,True,10,5.0,50.0,False,"[{'low': 0.1, 'high': 50.0}]",8
conv2,ours,best_validation,layerwise,0.99,True,10,3.0,30.0,False,"[{'low': 0.1, 'high': 30.0}]",7
conv2,ours,best_validation,whole_gradient,0.9,False,10,100.0,1000.0,False,"[{'low': 0.1, 'high': 1000.0}]",15
conv2,ours,best_validation,whole_gradient,0.95,False,10,75.0,750.0,False,"[{'low': 0.1, 'high': 750.0}]",14
conv2,ours,best_validation,whole_gradient,0.99,False,10,30.0,300.0,False,"[{'low': 0.1, 'high': 300.0}]",12
conv2,ours,best_validation,whole_gradient,0.9,True,10,100.0,1000.0,False,"[{'low': 0.1, 'high': 1000.0}]",15
conv2,ours,best_validation,whole_gradient,0.95,True,10,75.0,750.0,False,"[{'low': 0.1, 'high': 750.0}]",14
conv2,ours,best_validation,whole_gradient,0.99,True,10,30.0,300.0,False,"[{'low': 0.1, 'high': 300.0}]",12
conv2,legacy,both,layerwise,0.9,False,0.03,1000.0,30.0,True,"[{'low': 0.0003, 'high': 30.0}]",17
conv2,legacy,both,layerwise,0.95,False,0.03,1000.0,30.0,True,"[{'low': 0.0003, 'high': 30.0}]",17
conv2,legacy,both,layerwise,0.99,False,0.03,100.0,3.0,False,"[{'low': 0.0003, 'high': 3.0}]",15
conv2,legacy,both,layerwise,0.9,True,0.03,100.0,3.0,False,"[{'low': 0.0003, 'high': 3.0}]",15
conv2,legacy,both,layerwise,0.95,True,0.03,100.0,3.0,False,"[{'low': 0.0003, 'high': 3.0}]",15
conv2,legacy,both,layerwise,0.99,True,0.03,100.0,3.0,False,"[{'low': 0.0003, 'high': 3.0}]",15
conv2,legacy,both,whole_gradient,0.9,False,0.03,1000.0,30.0,True,"[{'low': 0.0003, 'high': 30.0}]",17
conv2,legacy,both,whole_gradient,0.95,False,0.03,1000.0,30.0,True,"[{'low': 0.0003, 'high': 30.0}]",17
conv2,legacy,both,whole_gradient,0.99,False,0.03,1000.0,30.0,True,"[{'low': 0.0003, 'high': 30.0}]",17
conv2,legacy,both,whole_gradient,0.9,True,0.03,1000.0,30.0,True,"[{'low': 0.0003, 'high': 30.0}]",17
conv2,legacy,both,whole_gradient,0.95,True,0.03,1000.0,30.0,True,"[{'low': 0.0003, 'high': 30.0}]",17
conv2,legacy,both,whole_gradient,0.99,True,0.03,1000.0,30.0,True,"[{'low': 0.0003, 'high': 30.0}]",17
conv2,legacy,reconstructed_initialization,layerwise,0.9,False,0.03,1000.0,30.0,True,"[{'low': 0.0003, 'high': 30.0}]",17
conv2,legacy,reconstructed_initialization,layerwise,0.95,False,0.03,1000.0,30.0,True,"[{'low': 0.0003, 'high': 30.0}]",17
conv2,legacy,reconstructed_initialization,layerwise,0.99,False,0.03,100.0,3.0,False,"[{'low': 0.0003, 'high': 3.0}]",15
conv2,legacy,reconstructed_initialization,layerwise,0.9,True,0.03,300.0,9.0,False,"[{'low': 0.0003, 'high': 9.0}]",16
conv2,legacy,reconstructed_initialization,layerwise,0.95,True,0.03,300.0,9.0,False,"[{'low': 0.0003, 'high': 9.0}]",16
conv2,legacy,reconstructed_initialization,layerwise,0.99,True,0.03,100.0,3.0,False,"[{'low': 0.0003, 'high': 3.0}]",15
conv2,legacy,reconstructed_initialization,whole_gradient,0.9,False,0.03,1000.0,30.0,True,"[{'low': 0.0003, 'high': 30.0}]",17
conv2,legacy,reconstructed_initialization,whole_gradient,0.95,False,0.03,1000.0,30.0,True,"[{'low': 0.0003, 'high': 30.0}]",17
conv2,legacy,reconstructed_initialization,whole_gradient,0.99,False,0.03,1000.0,30.0,True,"[{'low': 0.0003, 'high': 30.0}]",17
conv2,legacy,reconstructed_initialization,whole_gradient,0.9,True,0.03,1000.0,30.0,True,"[{'low': 0.0003, 'high': 30.0}]",17
conv2,legacy,reconstructed_initialization,whole_gradient,0.95,True,0.03,1000.0,30.0,True,"[{'low': 0.0003, 'high': 30.0}]",17
conv2,legacy,reconstructed_initialization,whole_gradient,0.99,True,0.03,1000.0,30.0,True,"[{'low': 0.0003, 'high': 30.0}]",17
conv2,legacy,best_validation,layerwise,0.9,False,0.03,1000.0,30.0,True,"[{'low': 0.0003, 'high': 30.0}]",17
conv2,legacy,best_validation,layerwise,0.95,False,0.03,1000.0,30.0,True,"[{'low': 0.0003, 'high': 30.0}]",17
conv2,legacy,best_validation,layerwise,0.99,False,0.03,100.0,3.0,False,"[{'low': 0.0003, 'high': 3.0}]",15
conv2,legacy,best_validation,layerwise,0.9,True,0.03,100.0,3.0,False,"[{'low': 0.0003, 'high': 3.0}]",15
conv2,legacy,best_validation,layerwise,0.95,True,0.03,100.0,3.0,False,"[{'low': 0.0003, 'high': 3.0}]",15
conv2,legacy,best_validation,layerwise,0.99,True,0.03,100.0,3.0,False,"[{'low': 0.0003, 'high': 3.0}]",15
conv2,legacy,best_validation,whole_gradient,0.9,False,0.03,1000.0,30.0,True,"[{'low': 0.0003, 'high': 30.0}]",17
conv2,legacy,best_validation,whole_gradient,0.95,False,0.03,1000.0,30.0,True,"[{'low': 0.0003, 'high': 30.0}]",17
conv2,legacy,best_validation,whole_gradient,0.99,False,0.03,1000.0,30.0,True,"[{'low': 0.0003, 'high': 30.0}]",17
conv2,legacy,best_validation,whole_gradient,0.9,True,0.03,1000.0,30.0,True,"[{'low': 0.0003, 'high': 30.0}]",17
conv2,legacy,best_validation,whole_gradient,0.95,True,0.03,1000.0,30.0,True,"[{'low': 0.0003, 'high': 30.0}]",17
conv2,legacy,best_validation,whole_gradient,0.99,True,0.03,1000.0,30.0,True,"[{'low': 0.0003, 'high': 30.0}]",17
conv3,baseline,both,layerwise,0.9,False,10,30.0,300.0,False,"[{'low': 0.1, 'high': 300.0}]",12
conv3,baseline,both,layerwise,0.95,False,10,10.0,100.0,False,"[{'low': 0.1, 'high': 100.0}]",10
conv3,baseline,both,layerwise,0.99,False,10,1.0,10.0,False,"[{'low': 0.1, 'high': 10.0}]",5
conv3,baseline,both,layerwise,0.9,True,10,5.0,50.0,False,"[{'low': 0.1, 'high': 50.0}]",8
conv3,baseline,both,layerwise,0.95,True,10,5.0,50.0,False,"[{'low': 0.1, 'high': 50.0}]",8
conv3,baseline,both,layerwise,0.99,True,10,1.0,10.0,False,"[{'low': 0.1, 'high': 10.0}]",5
conv3,baseline,both,whole_gradient,0.9,False,10,100.0,1000.0,False,"[{'low': 0.1, 'high': 1000.0}]",15
conv3,baseline,both,whole_gradient,0.95,False,10,100.0,1000.0,False,"[{'low': 0.1, 'high': 1000.0}]",15
conv3,baseline,both,whole_gradient,0.99,False,10,75.0,750.0,False,"[{'low': 0.1, 'high': 750.0}]",14
conv3,baseline,both,whole_gradient,0.9,True,10,100.0,1000.0,False,"[{'low': 0.1, 'high': 1000.0}]",15
conv3,baseline,both,whole_gradient,0.95,True,10,100.0,1000.0,False,"[{'low': 0.1, 'high': 1000.0}]",15
conv3,baseline,both,whole_gradient,0.99,True,10,75.0,750.0,False,"[{'low': 0.1, 'high': 750.0}]",14
conv3,baseline,reconstructed_initialization,layerwise,0.9,False,10,30.0,300.0,False,"[{'low': 0.1, 'high': 300.0}]",12
conv3,baseline,reconstructed_initialization,layerwise,0.95,False,10,10.0,100.0,False,"[{'low': 0.1, 'high': 100.0}]",10
conv3,baseline,reconstructed_initialization,layerwise,0.99,False,10,1.0,10.0,False,"[{'low': 0.1, 'high': 10.0}]",5
conv3,baseline,reconstructed_initialization,layerwise,0.9,True,10,5.0,50.0,False,"[{'low': 0.1, 'high': 50.0}]",8
conv3,baseline,reconstructed_initialization,layerwise,0.95,True,10,5.0,50.0,False,"[{'low': 0.1, 'high': 50.0}]",8
conv3,baseline,reconstructed_initialization,layerwise,0.99,True,10,1.0,10.0,False,"[{'low': 0.1, 'high': 10.0}]",5
conv3,baseline,reconstructed_initialization,whole_gradient,0.9,False,10,100.0,1000.0,False,"[{'low': 0.1, 'high': 1000.0}]",15
conv3,baseline,reconstructed_initialization,whole_gradient,0.95,False,10,100.0,1000.0,False,"[{'low': 0.1, 'high': 1000.0}]",15
conv3,baseline,reconstructed_initialization,whole_gradient,0.99,False,10,75.0,750.0,False,"[{'low': 0.1, 'high': 750.0}]",14
conv3,baseline,reconstructed_initialization,whole_gradient,0.9,True,10,100.0,1000.0,False,"[{'low': 0.1, 'high': 1000.0}]",15
conv3,baseline,reconstructed_initialization,whole_gradient,0.95,True,10,100.0,1000.0,False,"[{'low': 0.1, 'high': 1000.0}]",15
conv3,baseline,reconstructed_initialization,whole_gradient,0.99,True,10,75.0,750.0,False,"[{'low': 0.1, 'high': 750.0}]",14
conv3,baseline,best_validation,layerwise,0.9,False,10,1000.0,10000.0,True,"[{'low': 0.1, 'high': 10000.0}]",17
conv3,baseline,best_validation,layerwise,0.95,False,10,1000.0,10000.0,True,"[{'low': 0.1, 'high': 10000.0}]",17
conv3,baseline,best_validation,layerwise,0.99,False,10,100.0,1000.0,False,"[{'low': 0.1, 'high': 1000.0}]",15
conv3,baseline,best_validation,layerwise,0.9,True,10,300.0,3000.0,False,"[{'low': 0.1, 'high': 3000.0}]",16
conv3,baseline,best_validation,layerwise,0.95,True,10,300.0,3000.0,False,"[{'low': 0.1, 'high': 3000.0}]",16
conv3,baseline,best_validation,layerwise,0.99,True,10,100.0,1000.0,False,"[{'low': 0.1, 'high': 1000.0}]",15
conv3,baseline,best_validation,whole_gradient,0.9,False,10,1000.0,10000.0,True,"[{'low': 0.1, 'high': 10000.0}]",17
conv3,baseline,best_validation,whole_gradient,0.95,False,10,1000.0,10000.0,True,"[{'low': 0.1, 'high': 10000.0}]",17
conv3,baseline,best_validation,whole_gradient,0.99,False,10,300.0,3000.0,False,"[{'low': 0.1, 'high': 3000.0}]",16
conv3,baseline,best_validation,whole_gradient,0.9,True,10,1000.0,10000.0,True,"[{'low': 0.1, 'high': 10000.0}]",17
conv3,baseline,best_validation,whole_gradient,0.95,True,10,1000.0,10000.0,True,"[{'low': 0.1, 'high': 10000.0}]",17
conv3,baseline,best_validation,whole_gradient,0.99,True,10,300.0,3000.0,False,"[{'low': 0.1, 'high': 3000.0}]",16
conv3,ours,both,layerwise,0.9,False,3,1.0,3.0,False,"[{'low': 0.03, 'high': 3.0}]",5
conv3,ours,both,layerwise,0.95,False,3,0.3,0.9,False,"[{'low': 0.03, 'high': 0.9}]",4
conv3,ours,both,layerwise,0.99,False,3,0.3,0.9,False,"[{'low': 0.03, 'high': 0.9}]",4
conv3,ours,both,layerwise,0.9,True,3,0.09999999999999999,0.3,False,"[{'low': 0.03, 'high': 0.3}]",3
conv3,ours,both,layerwise,0.95,True,3,0.09999999999999999,0.3,False,"[{'low': 0.03, 'high': 0.3}]",3
conv3,ours,both,layerwise,0.99,True,3,0.09999999999999999,0.3,False,"[{'low': 0.03, 'high': 0.3}]",3
conv3,ours,both,whole_gradient,0.9,False,3,10.0,30.0,False,"[{'low': 0.03, 'high': 30.0}]",10
conv3,ours,both,whole_gradient,0.95,False,3,10.0,30.0,False,"[{'low': 0.03, 'high': 30.0}]",10
conv3,ours,both,whole_gradient,0.99,False,3,7.5,22.5,False,"[{'low': 0.03, 'high': 22.5}]",9
conv3,ours,both,whole_gradient,0.9,True,3,10.0,30.0,False,"[{'low': 0.03, 'high': 30.0}]",10
conv3,ours,both,whole_gradient,0.95,True,3,10.0,30.0,False,"[{'low': 0.03, 'high': 30.0}]",10
conv3,ours,both,whole_gradient,0.99,True,3,7.5,22.5,False,"[{'low': 0.03, 'high': 22.5}]",9
conv3,ours,reconstructed_initialization,layerwise,0.9,False,3,1.0,3.0,False,"[{'low': 0.03, 'high': 3.0}]",5
conv3,ours,reconstructed_initialization,layerwise,0.95,False,3,0.3,0.9,False,"[{'low': 0.03, 'high': 0.9}]",4
conv3,ours,reconstructed_initialization,layerwise,0.99,False,3,0.3,0.9,False,"[{'low': 0.03, 'high': 0.9}]",4
conv3,ours,reconstructed_initialization,layerwise,0.9,True,3,0.09999999999999999,0.3,False,"[{'low': 0.03, 'high': 0.3}]",3
conv3,ours,reconstructed_initialization,layerwise,0.95,True,3,0.09999999999999999,0.3,False,"[{'low': 0.03, 'high': 0.3}]",3
conv3,ours,reconstructed_initialization,layerwise,0.99,True,3,0.09999999999999999,0.3,False,"[{'low': 0.03, 'high': 0.3}]",3
conv3,ours,reconstructed_initialization,whole_gradient,0.9,False,3,10.0,30.0,False,"[{'low': 0.03, 'high': 30.0}]",10
conv3,ours,reconstructed_initialization,whole_gradient,0.95,False,3,10.0,30.0,False,"[{'low': 0.03, 'high': 30.0}]",10
conv3,ours,reconstructed_initialization,whole_gradient,0.99,False,3,7.5,22.5,False,"[{'low': 0.03, 'high': 22.5}]",9
conv3,ours,reconstructed_initialization,whole_gradient,0.9,True,3,10.0,30.0,False,"[{'low': 0.03, 'high': 30.0}]",10
conv3,ours,reconstructed_initialization,whole_gradient,0.95,True,3,10.0,30.0,False,"[{'low': 0.03, 'high': 30.0}]",10
conv3,ours,reconstructed_initialization,whole_gradient,0.99,True,3,7.5,22.5,False,"[{'low': 0.03, 'high': 22.5}]",9
conv3,ours,best_validation,layerwise,0.9,False,3,100.0,300.0,False,"[{'low': 0.03, 'high': 300.0}]",15
conv3,ours,best_validation,layerwise,0.95,False,3,30.0,90.0,False,"[{'low': 0.03, 'high': 90.0}]",12
conv3,ours,best_validation,layerwise,0.99,False,3,5.0,15.0,False,"[{'low': 0.03, 'high': 15.0}]",8
conv3,ours,best_validation,layerwise,0.9,True,3,7.5,22.5,False,"[{'low': 0.03, 'high': 22.5}]",9
conv3,ours,best_validation,layerwise,0.95,True,3,7.5,22.5,False,"[{'low': 0.03, 'high': 22.5}]",9
conv3,ours,best_validation,layerwise,0.99,True,3,5.0,15.0,False,"[{'low': 0.03, 'high': 15.0}]",8
conv3,ours,best_validation,whole_gradient,0.9,False,3,100.0,300.0,False,"[{'low': 0.03, 'high': 300.0}]",15
conv3,ours,best_validation,whole_gradient,0.95,False,3,100.0,300.0,False,"[{'low': 0.03, 'high': 300.0}]",15
conv3,ours,best_validation,whole_gradient,0.99,False,3,30.0,90.0,False,"[{'low': 0.03, 'high': 90.0}]",12
conv3,ours,best_validation,whole_gradient,0.9,True,3,100.0,300.0,False,"[{'low': 0.03, 'high': 300.0}]",15
conv3,ours,best_validation,whole_gradient,0.95,True,3,100.0,300.0,False,"[{'low': 0.03, 'high': 300.0}]",15
conv3,ours,best_validation,whole_gradient,0.99,True,3,30.0,90.0,False,"[{'low': 0.03, 'high': 90.0}]",12
conv3,legacy,both,layerwise,0.9,False,0.001,1000.0,1.0,True,"[{'low': 1e-05, 'high': 1.0}]",17
conv3,legacy,both,layerwise,0.95,False,0.001,1000.0,1.0,True,"[{'low': 1e-05, 'high': 1.0}]",17
conv3,legacy,both,layerwise,0.99,False,0.001,100.0,0.1,False,"[{'low': 1e-05, 'high': 0.1}]",15
conv3,legacy,both,layerwise,0.9,True,0.001,300.0,0.3,False,"[{'low': 1e-05, 'high': 0.3}]",16
conv3,legacy,both,layerwise,0.95,True,0.001,300.0,0.3,False,"[{'low': 1e-05, 'high': 0.3}]",16
conv3,legacy,both,layerwise,0.99,True,0.001,100.0,0.1,False,"[{'low': 1e-05, 'high': 0.1}]",15
conv3,legacy,both,whole_gradient,0.9,False,0.001,1000.0,1.0,True,"[{'low': 1e-05, 'high': 1.0}]",17
conv3,legacy,both,whole_gradient,0.95,False,0.001,1000.0,1.0,True,"[{'low': 1e-05, 'high': 1.0}]",17
conv3,legacy,both,whole_gradient,0.99,False,0.001,1000.0,1.0,True,"[{'low': 1e-05, 'high': 1.0}]",17
conv3,legacy,both,whole_gradient,0.9,True,0.001,1000.0,1.0,True,"[{'low': 1e-05, 'high': 1.0}]",17
conv3,legacy,both,whole_gradient,0.95,True,0.001,1000.0,1.0,True,"[{'low': 1e-05, 'high': 1.0}]",17
conv3,legacy,both,whole_gradient,0.99,True,0.001,1000.0,1.0,True,"[{'low': 1e-05, 'high': 1.0}]",17
conv3,legacy,reconstructed_initialization,layerwise,0.9,False,0.001,1000.0,1.0,True,"[{'low': 1e-05, 'high': 1.0}]",17
conv3,legacy,reconstructed_initialization,layerwise,0.95,False,0.001,1000.0,1.0,True,"[{'low': 1e-05, 'high': 1.0}]",17
conv3,legacy,reconstructed_initialization,layerwise,0.99,False,0.001,100.0,0.1,False,"[{'low': 1e-05, 'high': 0.1}]",15
conv3,legacy,reconstructed_initialization,layerwise,0.9,True,0.001,300.0,0.3,False,"[{'low': 1e-05, 'high': 0.3}]",16
conv3,legacy,reconstructed_initialization,layerwise,0.95,True,0.001,300.0,0.3,False,"[{'low': 1e-05, 'high': 0.3}]",16
conv3,legacy,reconstructed_initialization,layerwise,0.99,True,0.001,100.0,0.1,False,"[{'low': 1e-05, 'high': 0.1}]",15
conv3,legacy,reconstructed_initialization,whole_gradient,0.9,False,0.001,1000.0,1.0,True,"[{'low': 1e-05, 'high': 1.0}]",17
conv3,legacy,reconstructed_initialization,whole_gradient,0.95,False,0.001,1000.0,1.0,True,"[{'low': 1e-05, 'high': 1.0}]",17
conv3,legacy,reconstructed_initialization,whole_gradient,0.99,False,0.001,1000.0,1.0,True,"[{'low': 1e-05, 'high': 1.0}]",17
conv3,legacy,reconstructed_initialization,whole_gradient,0.9,True,0.001,1000.0,1.0,True,"[{'low': 1e-05, 'high': 1.0}]",17
conv3,legacy,reconstructed_initialization,whole_gradient,0.95,True,0.001,1000.0,1.0,True,"[{'low': 1e-05, 'high': 1.0}]",17
conv3,legacy,reconstructed_initialization,whole_gradient,0.99,True,0.001,1000.0,1.0,True,"[{'low': 1e-05, 'high': 1.0}]",17
conv3,legacy,best_validation,layerwise,0.9,False,0.001,1000.0,1.0,True,"[{'low': 1e-05, 'high': 1.0}]",17
conv3,legacy,best_validation,layerwise,0.95,False,0.001,1000.0,1.0,True,"[{'low': 1e-05, 'high': 1.0}]",17
conv3,legacy,best_validation,layerwise,0.99,False,0.001,1000.0,1.0,True,"[{'low': 1e-05, 'high': 1.0}]",17
conv3,legacy,best_validation,layerwise,0.9,True,0.001,1000.0,1.0,True,"[{'low': 1e-05, 'high': 1.0}]",17
conv3,legacy,best_validation,layerwise,0.95,True,0.001,1000.0,1.0,True,"[{'low': 1e-05, 'high': 1.0}]",17
conv3,legacy,best_validation,layerwise,0.99,True,0.001,1000.0,1.0,True,"[{'low': 1e-05, 'high': 1.0}]",17
conv3,legacy,best_validation,whole_gradient,0.9,False,0.001,1000.0,1.0,True,"[{'low': 1e-05, 'high': 1.0}]",17
conv3,legacy,best_validation,whole_gradient,0.95,False,0.001,1000.0,1.0,True,"[{'low': 1e-05, 'high': 1.0}]",17
conv3,legacy,best_validation,whole_gradient,0.99,False,0.001,1000.0,1.0,True,"[{'low': 1e-05, 'high': 1.0}]",17
conv3,legacy,best_validation,whole_gradient,0.9,True,0.001,1000.0,1.0,True,"[{'low': 1e-05, 'high': 1.0}]",17
conv3,legacy,best_validation,whole_gradient,0.95,True,0.001,1000.0,1.0,True,"[{'low': 1e-05, 'high': 1.0}]",17
conv3,legacy,best_validation,whole_gradient,0.99,True,0.001,1000.0,1.0,True,"[{'low': 1e-05, 'high': 1.0}]",17
