architecture,scheme,beta,anchor,factor,checkpoint_role,layerwise_cosine,whole_gradient_cosine,layerwise_norm_delta,whole_gradient_norm_delta,residual_passed,state,result_directory
conv3,baseline,0.1,10,0.01,reconstructed_initialization,0.9999688553092345,0.9999999682950839,0.00648704592638413,5.905686750551311e-06,True,complete,results/eqprop-beta-rule-comparison-20260918-v1/production/conv3_baseline_beta0p1
conv3,baseline,0.1,10,0.01,best_validation,0.9999997447726545,0.9999999817246882,0.0005541741252592839,7.90981471255665e-05,False,complete,results/eqprop-beta-rule-comparison-20260918-v1/production/conv3_baseline_beta0p1
conv3,baseline,0.3,10,0.03,reconstructed_initialization,0.9998480595587995,0.9999998606957947,0.009018781112729257,1.515931087616471e-05,True,complete,results/eqprop-beta-rule-comparison-20260918-v1/production/conv3_baseline_beta0p3
conv3,baseline,0.3,10,0.03,best_validation,0.9999995435824213,0.9999995808636843,0.0005538238363181237,7.909771104139227e-05,False,complete,results/eqprop-beta-rule-comparison-20260918-v1/production/conv3_baseline_beta0p3
conv3,baseline,1.0,10,0.1,reconstructed_initialization,0.9996767737934351,0.999999680690534,0.02212367267060065,2.6566974785821404e-05,True,complete,results/eqprop-beta-rule-comparison-20260918-v1/production/conv3_baseline_beta1
conv3,baseline,1.0,10,0.1,best_validation,0.9999890983366064,0.9999900093893449,0.0006096881664927325,8.359129476169513e-05,False,complete,results/eqprop-beta-rule-comparison-20260918-v1/production/conv3_baseline_beta1
conv3,baseline,3.0,10,0.3,reconstructed_initialization,0.9985630760516941,0.999999007798808,0.026454693185399822,4.706550329843534e-05,True,complete,results/eqprop-beta-rule-comparison-20260918-v1/production/conv3_baseline_beta3
conv3,baseline,3.0,10,0.3,best_validation,0.9999835745219104,0.999984947566089,0.0007964266555067714,9.501247133055334e-05,False,complete,results/eqprop-beta-rule-comparison-20260918-v1/production/conv3_baseline_beta3
conv3,baseline,10.0,10,1,reconstructed_initialization,0.9948864048327192,0.9999960895382034,0.0570058539965755,9.732989455478435e-05,True,complete,results/eqprop-beta-rule-comparison-20260918-v1/production/conv3_baseline_beta10
conv3,baseline,10.0,10,1,best_validation,0.9999435246106909,0.999948920985468,0.0013782719964145031,0.00012555159288743558,False,complete,results/eqprop-beta-rule-comparison-20260918-v1/production/conv3_baseline_beta10
conv3,baseline,20.0,10,2,reconstructed_initialization,0.982515336738483,0.9999893219665774,0.07371705729186359,0.0001190890208082623,True,complete,results/eqprop-beta-rule-comparison-20260918-v1/production/conv3_baseline_beta20
conv3,baseline,20.0,10,2,best_validation,0.9999181589312196,0.9999259797222334,0.0015951014712783918,0.0002658474014783895,False,complete,results/eqprop-beta-rule-comparison-20260918-v1/production/conv3_baseline_beta20
conv3,baseline,30.0,10,3,reconstructed_initialization,0.9802064250126024,0.9999875143726585,0.08623480335979314,0.0001309527251830295,True,complete,results/eqprop-beta-rule-comparison-20260918-v1/production/conv3_baseline_beta30
conv3,baseline,30.0,10,3,best_validation,0.9999081753860797,0.9999169620214146,0.0032851983866977064,0.0005155825695898511,False,complete,results/eqprop-beta-rule-comparison-20260918-v1/production/conv3_baseline_beta30
conv3,baseline,50.0,10,5,reconstructed_initialization,0.9782347533759459,0.9999850696139798,0.0976927523512125,0.0001242512346039474,True,complete,results/eqprop-beta-rule-comparison-20260918-v1/production/conv3_baseline_beta50
conv3,baseline,50.0,10,5,best_validation,0.9997872961499963,0.9998078177199748,0.00502815350903284,0.0010234278977774957,False,complete,results/eqprop-beta-rule-comparison-20260918-v1/production/conv3_baseline_beta50
conv3,baseline,75.0,10,7.5,reconstructed_initialization,0.977007883625424,0.9999786029664138,0.16080027979995834,0.00016890083846747905,True,complete,results/eqprop-beta-rule-comparison-20260918-v1/production/conv3_baseline_beta75
conv3,baseline,75.0,10,7.5,best_validation,0.9996453269002835,0.9996821640311823,0.011392181059098514,0.0012363897213951431,False,complete,results/eqprop-beta-rule-comparison-20260918-v1/production/conv3_baseline_beta75
conv3,baseline,100.0,10,10,reconstructed_initialization,0.9673926637228818,0.9999633958531348,0.1842596479603944,0.0003149071778382444,True,complete,results/eqprop-beta-rule-comparison-20260918-v1/production/conv3_baseline_beta100
conv3,baseline,100.0,10,10,best_validation,0.9994211245704722,0.9994810907282973,0.01602008191749466,0.00263367057293098,False,complete,results/eqprop-beta-rule-comparison-20260918-v1/production/conv3_baseline_beta100
conv3,baseline,200.0,10,20,reconstructed_initialization,0.9407996323627008,0.9998873747847591,0.2618029684534783,0.0013090470539726627,True,complete,results/eqprop-beta-rule-comparison-20260918-v1/production/conv3_baseline_beta200
conv3,baseline,200.0,10,20,best_validation,0.9989425182448441,0.9990515363452486,0.02372309831624124,0.004682306467348052,False,complete,results/eqprop-beta-rule-comparison-20260918-v1/production/conv3_baseline_beta200
conv3,baseline,300.0,10,30,reconstructed_initialization,0.9314210196957116,0.999724260819907,0.28685105633939145,0.0029936472753769056,True,complete,results/eqprop-beta-rule-comparison-20260918-v1/production/conv3_baseline_beta300
conv3,baseline,300.0,10,30,best_validation,0.9986845459026819,0.9988200126051466,0.02492302497555784,0.005429635421318674,False,complete,results/eqprop-beta-rule-comparison-20260918-v1/production/conv3_baseline_beta300
conv3,baseline,500.0,10,50,reconstructed_initialization,0.8403284415941776,0.9985004903545447,0.3587706110532809,0.008962321107679487,True,complete,results/eqprop-beta-rule-comparison-20260918-v1/production/conv3_baseline_beta500
conv3,baseline,500.0,10,50,best_validation,0.9965512398158042,0.9983117898506858,0.027250787036461548,0.006644609772854528,False,complete,results/eqprop-beta-rule-comparison-20260918-v1/production/conv3_baseline_beta500
conv3,baseline,750.0,10,75,reconstructed_initialization,0.6966297613989499,0.9940878242460005,0.4790166541397919,0.02365032080409119,True,complete,results/eqprop-beta-rule-comparison-20260918-v1/production/conv3_baseline_beta750
conv3,baseline,750.0,10,75,best_validation,0.9944882023184662,0.9976115898546504,0.03581483200247178,0.007086071617478724,False,complete,results/eqprop-beta-rule-comparison-20260918-v1/production/conv3_baseline_beta750
conv3,baseline,1000.0,10,100,reconstructed_initialization,0.5199856525639209,0.9849440060314771,0.5474526350412879,0.050286333221395065,True,complete,results/eqprop-beta-rule-comparison-20260918-v1/production/conv3_baseline_beta1000
conv3,baseline,1000.0,10,100,best_validation,0.9932662548823058,0.996913189057291,0.04213325411282944,0.00998881740099993,False,complete,results/eqprop-beta-rule-comparison-20260918-v1/production/conv3_baseline_beta1000
conv3,baseline,3000.0,10,300,reconstructed_initialization,-0.43606641292519505,0.8192147051510632,0.938087964114371,0.4820085777938729,True,complete,results/eqprop-beta-rule-comparison-20260918-v1/production/conv3_baseline_beta3000
conv3,baseline,3000.0,10,300,best_validation,0.9849149199279229,0.991430096761927,0.062239274473930906,0.02440520564691878,False,complete,results/eqprop-beta-rule-comparison-20260918-v1/production/conv3_baseline_beta3000
conv3,baseline,10000.0,10,1000,reconstructed_initialization,-0.6202959057886972,0.5756852319253318,1.5430766345457592,1.300092808764926,True,complete,results/eqprop-beta-rule-comparison-20260918-v1/production/conv3_baseline_beta10000
conv3,baseline,10000.0,10,1000,best_validation,0.9625365154638907,0.9670165028654713,0.17803089967306374,0.07433802577938445,False,complete,results/eqprop-beta-rule-comparison-20260918-v1/production/conv3_baseline_beta10000
conv3,ours,0.03,3,0.01,reconstructed_initialization,0.9996016845782522,0.9999997848653722,0.02466905496690039,1.9896138051908562e-05,True,complete,results/eqprop-beta-rule-comparison-20260918-v1/production/conv3_ours_beta0p03
conv3,ours,0.03,3,0.01,best_validation,0.9998581036053021,0.9999640912667808,0.0036459120316336617,0.00015048441217555263,True,complete,results/eqprop-beta-rule-comparison-20260918-v1/production/conv3_ours_beta0p03
conv3,ours,0.09,3,0.03,reconstructed_initialization,0.998565256007526,0.9999991729216481,0.0224717917840994,3.6847295740768065e-05,True,complete,results/eqprop-beta-rule-comparison-20260918-v1/production/conv3_ours_beta0p09
conv3,ours,0.09,3,0.03,best_validation,0.9997109248312332,0.999926866367061,0.0051958852319802604,0.00019437242060952583,True,complete,results/eqprop-beta-rule-comparison-20260918-v1/production/conv3_ours_beta0p09
conv3,ours,0.3,3,0.1,reconstructed_initialization,0.9930662426662995,0.9999966240722173,0.033669126789391005,5.6244637343652523e-05,True,complete,results/eqprop-beta-rule-comparison-20260918-v1/production/conv3_ours_beta0p3
conv3,ours,0.3,3,0.1,best_validation,0.9995598590017926,0.9998924364841353,0.013347290386784448,0.0003854293111971714,True,complete,results/eqprop-beta-rule-comparison-20260918-v1/production/conv3_ours_beta0p3
conv3,ours,0.9,3,0.3,reconstructed_initialization,0.9922298134866206,0.999990466724745,0.10890604947121049,0.00010137361779207033,True,complete,results/eqprop-beta-rule-comparison-20260918-v1/production/conv3_ours_beta0p9
conv3,ours,0.9,3,0.3,best_validation,0.9989595483811774,0.9997112165525299,0.026289090237923186,0.0004459838372766682,True,complete,results/eqprop-beta-rule-comparison-20260918-v1/production/conv3_ours_beta0p9
conv3,ours,3.0,3,1,reconstructed_initialization,0.939168192826838,0.9999676432642232,0.27817788383858766,0.0004032753636750182,True,complete,results/eqprop-beta-rule-comparison-20260918-v1/production/conv3_ours_beta3
conv3,ours,3.0,3,1,best_validation,0.9954844536284092,0.9987511535591613,0.05613254047950267,0.0029352220966175502,True,complete,results/eqprop-beta-rule-comparison-20260918-v1/production/conv3_ours_beta3
conv3,ours,6.0,3,2,reconstructed_initialization,0.8869811572097297,0.9998557554879284,0.45456241890160964,0.0016948677308597857,True,complete,results/eqprop-beta-rule-comparison-20260918-v1/production/conv3_ours_beta6
conv3,ours,6.0,3,2,best_validation,0.993957531305419,0.998338740471612,0.05763881932002023,0.007121321660288257,True,complete,results/eqprop-beta-rule-comparison-20260918-v1/production/conv3_ours_beta6
conv3,ours,9.0,3,3,reconstructed_initialization,0.8436420127542523,0.9995839150381717,0.5840993871058706,0.0038857448923827792,True,complete,results/eqprop-beta-rule-comparison-20260918-v1/production/conv3_ours_beta9
conv3,ours,9.0,3,3,best_validation,0.993104860512932,0.9981206441289415,0.0623601551035854,0.008244188163145686,True,complete,results/eqprop-beta-rule-comparison-20260918-v1/production/conv3_ours_beta9
conv3,ours,15.0,3,5,reconstructed_initialization,0.7116072089135657,0.9978177248647819,0.7095618417929823,0.011852529560115404,True,complete,results/eqprop-beta-rule-comparison-20260918-v1/production/conv3_ours_beta15
conv3,ours,15.0,3,5,best_validation,0.990594478782033,0.9977555511793066,0.05638276640488155,0.008150260066567966,True,complete,results/eqprop-beta-rule-comparison-20260918-v1/production/conv3_ours_beta15
conv3,ours,22.5,3,7.5,reconstructed_initialization,0.45494647289276363,0.9913271411802863,0.664651695177798,0.032537872138378936,True,complete,results/eqprop-beta-rule-comparison-20260918-v1/production/conv3_ours_beta22p5
conv3,ours,22.5,3,7.5,best_validation,0.9874276658328095,0.9969931555636411,0.09206622826511243,0.010863078983807787,True,complete,results/eqprop-beta-rule-comparison-20260918-v1/production/conv3_ours_beta22p5
conv3,ours,30.0,3,10,reconstructed_initialization,0.42012040205928175,0.9784508970387309,0.5334222336564556,0.07002712664672525,True,complete,results/eqprop-beta-rule-comparison-20260918-v1/production/conv3_ours_beta30
conv3,ours,30.0,3,10,best_validation,0.9846828928161419,0.9963407349047647,0.11243193563321102,0.012307790466887916,True,complete,results/eqprop-beta-rule-comparison-20260918-v1/production/conv3_ours_beta30
conv3,ours,60.0,3,20,reconstructed_initialization,0.3891960774834849,0.8849968433516815,1.1045443122913434,0.3109087658867796,True,complete,results/eqprop-beta-rule-comparison-20260918-v1/production/conv3_ours_beta60
conv3,ours,60.0,3,20,best_validation,0.9760987198974478,0.9943897609988017,0.12705446611604773,0.014078294009705046,True,complete,results/eqprop-beta-rule-comparison-20260918-v1/production/conv3_ours_beta60
conv3,ours,90.0,3,30,reconstructed_initialization,-0.5252800817094434,0.7903379112985188,1.0725198623884107,0.5653996825115593,True,complete,results/eqprop-beta-rule-comparison-20260918-v1/production/conv3_ours_beta90
conv3,ours,90.0,3,30,best_validation,0.9673091158461438,0.9922889854992962,0.13789077314155102,0.018017205866354812,True,complete,results/eqprop-beta-rule-comparison-20260918-v1/production/conv3_ours_beta90
conv3,ours,150.0,3,50,reconstructed_initialization,-0.5916747592679091,0.6719665409951525,1.4460694903775044,0.9333778189663354,True,complete,results/eqprop-beta-rule-comparison-20260918-v1/production/conv3_ours_beta150
conv3,ours,150.0,3,50,best_validation,0.9497877436371257,0.9880193344749338,0.14518812098228814,0.02066921183256764,True,complete,results/eqprop-beta-rule-comparison-20260918-v1/production/conv3_ours_beta150
conv3,ours,225.0,3,75,reconstructed_initialization,-0.5579739075730895,0.5988507134105533,1.5013990674845668,1.2036769639005194,True,complete,results/eqprop-beta-rule-comparison-20260918-v1/production/conv3_ours_beta225
conv3,ours,225.0,3,75,best_validation,0.933289550828841,0.9833059444267672,0.1762277049585051,0.021228674931243363,True,complete,results/eqprop-beta-rule-comparison-20260918-v1/production/conv3_ours_beta225
conv3,ours,300.0,3,100,reconstructed_initialization,-0.7127053220990869,0.5596173137025986,1.538289350828657,1.366934300296505,True,complete,results/eqprop-beta-rule-comparison-20260918-v1/production/conv3_ours_beta300
conv3,ours,300.0,3,100,best_validation,0.9172177417952808,0.9778558151730254,0.16046791599289803,0.029167691032242773,True,complete,results/eqprop-beta-rule-comparison-20260918-v1/production/conv3_ours_beta300
conv3,ours,900.0,3,300,reconstructed_initialization,-0.8178642492978241,0.46962074428358963,1.7621975841356998,1.7620387643316515,True,complete,results/eqprop-beta-rule-comparison-20260918-v1/production/conv3_ours_beta900
conv3,ours,900.0,3,300,best_validation,0.7723726067094254,0.8615436814845828,0.32495060563200967,0.26610440750650677,True,complete,results/eqprop-beta-rule-comparison-20260918-v1/production/conv3_ours_beta900
conv3,ours,3000.0,3,1000,reconstructed_initialization,-0.8320159174808762,0.43665652987631715,1.9255000570332956,1.9254480047730158,True,complete,results/eqprop-beta-rule-comparison-20260918-v1/production/conv3_ours_beta3000
conv3,ours,3000.0,3,1000,best_validation,0.2685284782099371,0.5101853222134654,1.0682654298594607,1.0224015488017546,True,complete,results/eqprop-beta-rule-comparison-20260918-v1/production/conv3_ours_beta3000
conv3,legacy,1e-05,0.001,0.01,reconstructed_initialization,0.9999654023978465,0.9999999954514662,0.00033600207139544735,3.1016789201855643e-07,True,complete,results/eqprop-beta-rule-comparison-20260918-v1/production/conv3_legacy_beta1e-05
conv3,legacy,1e-05,0.001,0.01,best_validation,0.9923741828599915,0.9999996218071988,0.01266075313108422,1.1085603693369527e-06,True,complete,results/eqprop-beta-rule-comparison-20260918-v1/production/conv3_legacy_beta1e-05
conv3,legacy,3e-05,0.001,0.03,reconstructed_initialization,0.9999962870615274,0.9999999995076694,0.0001108027052162026,2.6318747887717104e-07,True,complete,results/eqprop-beta-rule-comparison-20260918-v1/production/conv3_legacy_beta3e-05
conv3,legacy,3e-05,0.001,0.03,best_validation,0.9990691302617374,0.9999999582576461,0.0026343756806302804,3.3178171550908633e-07,True,complete,results/eqprop-beta-rule-comparison-20260918-v1/production/conv3_legacy_beta3e-05
conv3,legacy,0.0001,0.001,0.1,reconstructed_initialization,0.9999992527156952,0.9999999988880133,0.0006303366483981891,1.1408260356504335e-06,True,complete,results/eqprop-beta-rule-comparison-20260918-v1/production/conv3_legacy_beta0p0001
conv3,legacy,0.0001,0.001,0.1,best_validation,0.9999219473312735,0.9999999959762542,0.00037079871632033663,1.3517896739669426e-07,True,complete,results/eqprop-beta-rule-comparison-20260918-v1/production/conv3_legacy_beta0p0001
conv3,legacy,0.0003,0.001,0.3,reconstructed_initialization,0.9999932162355959,0.9999999901660481,0.0011211837581387497,1.1231516073335031e-06,True,complete,results/eqprop-beta-rule-comparison-20260918-v1/production/conv3_legacy_beta0p0003
conv3,legacy,0.0003,0.001,0.3,best_validation,0.999991245851437,0.9999999440227246,0.00032244415191752193,5.544718887073958e-07,True,complete,results/eqprop-beta-rule-comparison-20260918-v1/production/conv3_legacy_beta0p0003
conv3,legacy,0.001,0.001,1,reconstructed_initialization,0.9999609247113058,0.9999999753424724,0.003262728988660905,3.725949269585139e-06,True,complete,results/eqprop-beta-rule-comparison-20260918-v1/production/conv3_legacy_beta0p001
conv3,legacy,0.001,0.001,1,best_validation,0.999990491048787,0.9999997679693187,0.0006376981663916755,1.0325325488330395e-06,True,complete,results/eqprop-beta-rule-comparison-20260918-v1/production/conv3_legacy_beta0p001
conv3,legacy,0.002,0.001,2,reconstructed_initialization,0.9999494080898782,0.9999999657589257,0.005469209078684912,7.482668859208271e-06,True,complete,results/eqprop-beta-rule-comparison-20260918-v1/production/conv3_legacy_beta0p002
conv3,legacy,0.002,0.001,2,best_validation,0.9999883000173506,0.9999997145197964,0.0007158436348270338,1.1156788949993596e-06,True,complete,results/eqprop-beta-rule-comparison-20260918-v1/production/conv3_legacy_beta0p002
conv3,legacy,0.003,0.001,3,reconstructed_initialization,0.9998908729821178,0.999999932850999,0.005911471588622492,1.1410174477538997e-05,True,complete,results/eqprop-beta-rule-comparison-20260918-v1/production/conv3_legacy_beta0p003
conv3,legacy,0.003,0.001,3,best_validation,0.9999875192333656,0.9999996954689883,0.0012429566412672857,2.055728850412233e-06,True,complete,results/eqprop-beta-rule-comparison-20260918-v1/production/conv3_legacy_beta0p003
conv3,legacy,0.005,0.001,5,reconstructed_initialization,0.9997970977389014,0.9999998645683407,0.010564111477940934,1.5208751450680263e-05,True,complete,results/eqprop-beta-rule-comparison-20260918-v1/production/conv3_legacy_beta0p005
conv3,legacy,0.005,0.001,5,best_validation,0.9999864270745176,0.9999996797906203,0.0019548437064318214,5.720849505316357e-06,True,complete,results/eqprop-beta-rule-comparison-20260918-v1/production/conv3_legacy_beta0p005
conv3,legacy,0.0075,0.001,7.5,reconstructed_initialization,0.9997009608738847,0.9999997880026008,0.01475887684778941,1.981709611602781e-05,True,complete,results/eqprop-beta-rule-comparison-20260918-v1/production/conv3_legacy_beta0p0075
conv3,legacy,0.0075,0.001,7.5,best_validation,0.9999305509687656,0.9999986391452944,0.0034808259345042994,1.3856689338224622e-05,True,complete,results/eqprop-beta-rule-comparison-20260918-v1/production/conv3_legacy_beta0p0075
conv3,legacy,0.01,0.001,10,reconstructed_initialization,0.9996376117337723,0.9999997344806306,0.017327242148712292,2.0838304714231254e-05,True,complete,results/eqprop-beta-rule-comparison-20260918-v1/production/conv3_legacy_beta0p01
conv3,legacy,0.01,0.001,10,best_validation,0.9998808171319661,0.9999975742832811,0.0068178193380399555,3.16393636792097e-05,True,complete,results/eqprop-beta-rule-comparison-20260918-v1/production/conv3_legacy_beta0p01
conv3,legacy,0.02,0.001,20,reconstructed_initialization,0.9991489762708123,0.9999997126909361,0.01988498886086072,2.7428352026287175e-05,True,complete,results/eqprop-beta-rule-comparison-20260918-v1/production/conv3_legacy_beta0p02
conv3,legacy,0.02,0.001,20,best_validation,0.9995816515516776,0.9999915067931425,0.012875181980611189,5.523382492507029e-05,True,complete,results/eqprop-beta-rule-comparison-20260918-v1/production/conv3_legacy_beta0p02
conv3,legacy,0.03,0.001,30,reconstructed_initialization,0.9986749219341005,0.9999993633309713,0.023200292891485556,3.253234057798483e-05,True,complete,results/eqprop-beta-rule-comparison-20260918-v1/production/conv3_legacy_beta0p03
conv3,legacy,0.03,0.001,30,best_validation,0.9994411750886356,0.9999886724617313,0.014713146406186458,6.24204380545719e-05,True,complete,results/eqprop-beta-rule-comparison-20260918-v1/production/conv3_legacy_beta0p03
conv3,legacy,0.05,0.001,50,reconstructed_initialization,0.9964415231182123,0.9999989203792458,0.032740717680919955,4.540295998812084e-05,True,complete,results/eqprop-beta-rule-comparison-20260918-v1/production/conv3_legacy_beta0p05
conv3,legacy,0.05,0.001,50,best_validation,0.9992211685651985,0.999984452898206,0.01443427279787553,7.781421752238183e-05,True,complete,results/eqprop-beta-rule-comparison-20260918-v1/production/conv3_legacy_beta0p05
conv3,legacy,0.075,0.001,75,reconstructed_initialization,0.9934172643601151,0.9999982388887007,0.0467903123245871,6.407337684293955e-05,True,complete,results/eqprop-beta-rule-comparison-20260918-v1/production/conv3_legacy_beta0p075
conv3,legacy,0.075,0.001,75,best_validation,0.9990408647043928,0.9999809163395693,0.016801161578130157,8.713391418743031e-05,True,complete,results/eqprop-beta-rule-comparison-20260918-v1/production/conv3_legacy_beta0p075
conv3,legacy,0.1,0.001,100,reconstructed_initialization,0.9911607140179312,0.9999977267220359,0.05343476189619398,7.261285073049803e-05,True,complete,results/eqprop-beta-rule-comparison-20260918-v1/production/conv3_legacy_beta0p1
conv3,legacy,0.1,0.001,100,best_validation,0.9989320005210957,0.9999787691087257,0.017997647027876044,9.175647267342975e-05,True,complete,results/eqprop-beta-rule-comparison-20260918-v1/production/conv3_legacy_beta0p1
conv3,legacy,0.3,0.001,300,reconstructed_initialization,0.9738911483263823,0.9999885461504839,0.09138681896808994,0.00010386065852789652,True,complete,results/eqprop-beta-rule-comparison-20260918-v1/production/conv3_legacy_beta0p3
conv3,legacy,0.3,0.001,300,best_validation,0.9986017378894974,0.9999721641626323,0.02690173250452912,0.00010285207704417105,True,complete,results/eqprop-beta-rule-comparison-20260918-v1/production/conv3_legacy_beta0p3
conv3,legacy,1.0,0.001,1000,reconstructed_initialization,0.9606315461846276,0.9999805014212363,0.11678907277440315,0.00013325817276634006,True,complete,results/eqprop-beta-rule-comparison-20260918-v1/production/conv3_legacy_beta1
conv3,legacy,1.0,0.001,1000,best_validation,0.9946197089123874,0.9998711398392468,0.06324264337413103,0.0005025018703945155,True,complete,results/eqprop-beta-rule-comparison-20260918-v1/production/conv3_legacy_beta1
conv2,baseline,1.0,100,0.01,reconstructed_initialization,0.9998642047330549,0.9999988517856899,0.005509908984550918,1.7689230884536993e-05,True,complete,results/eqprop-beta-rule-comparison-20260918-v1/production/conv2_baseline_beta1
conv2,baseline,1.0,100,0.01,best_validation,0.9999660223698881,0.9999841277156393,0.001400492819143967,0.00013714871823127079,True,complete,results/eqprop-beta-rule-comparison-20260918-v1/production/conv2_baseline_beta1
conv2,baseline,3.0,100,0.03,reconstructed_initialization,0.9996625643189229,0.9999973395700644,0.008083751067894851,3.599058750138006e-05,True,complete,results/eqprop-beta-rule-comparison-20260918-v1/production/conv2_baseline_beta3
conv2,baseline,3.0,100,0.03,best_validation,0.9998058737351722,0.9999139886983859,0.0023357365337480407,0.0008028572988588074,True,complete,results/eqprop-beta-rule-comparison-20260918-v1/production/conv2_baseline_beta3
conv2,baseline,10.0,100,0.1,reconstructed_initialization,0.9992432121243053,0.9999926123248462,0.01717711000813716,7.847100805916515e-05,True,complete,results/eqprop-beta-rule-comparison-20260918-v1/production/conv2_baseline_beta10
conv2,baseline,10.0,100,0.1,best_validation,0.9992354286305691,0.999661802122336,0.0032033040659794907,0.0014329242208744556,True,complete,results/eqprop-beta-rule-comparison-20260918-v1/production/conv2_baseline_beta10
conv2,baseline,30.0,100,0.3,reconstructed_initialization,0.9977851253608642,0.9999781265919452,0.028067771892599805,0.00012601776052966802,True,complete,results/eqprop-beta-rule-comparison-20260918-v1/production/conv2_baseline_beta30
conv2,baseline,30.0,100,0.3,best_validation,0.9989995377887547,0.9995575372122825,0.0038909458295415898,0.0016678675547339519,True,complete,results/eqprop-beta-rule-comparison-20260918-v1/production/conv2_baseline_beta30
conv2,baseline,100.0,100,1,reconstructed_initialization,0.9920294361443316,0.9999291224054636,0.06251516649620752,0.0003110796235859695,True,complete,results/eqprop-beta-rule-comparison-20260918-v1/production/conv2_baseline_beta100
conv2,baseline,100.0,100,1,best_validation,0.9981459576702337,0.9993319524099612,0.012342877562098582,0.0022183930286603197,True,complete,results/eqprop-beta-rule-comparison-20260918-v1/production/conv2_baseline_beta100
conv2,baseline,200.0,100,2,reconstructed_initialization,0.9843964357962667,0.9998488602124485,0.08044941198763214,0.0005073218234442841,True,complete,results/eqprop-beta-rule-comparison-20260918-v1/production/conv2_baseline_beta200
conv2,baseline,200.0,100,2,best_validation,0.9966849693569214,0.9985219823644138,0.026914401799390888,0.005152677758090925,True,complete,results/eqprop-beta-rule-comparison-20260918-v1/production/conv2_baseline_beta200
conv2,baseline,300.0,100,3,reconstructed_initialization,0.9733545459898693,0.9997051431685117,0.09074819844232217,0.000846762835410587,True,complete,results/eqprop-beta-rule-comparison-20260918-v1/production/conv2_baseline_beta300
conv2,baseline,300.0,100,3,best_validation,0.9936336897378975,0.9971431795684566,0.03856161224668144,0.008064551286926385,True,complete,results/eqprop-beta-rule-comparison-20260918-v1/production/conv2_baseline_beta300
conv2,baseline,500.0,100,5,reconstructed_initialization,0.95727100297097,0.9991079488233793,0.10271057044057166,0.0027335132094529024,True,complete,results/eqprop-beta-rule-comparison-20260918-v1/production/conv2_baseline_beta500
conv2,baseline,500.0,100,5,best_validation,0.9902307998931069,0.9956118990732546,0.04491008996403837,0.009639722588080601,True,complete,results/eqprop-beta-rule-comparison-20260918-v1/production/conv2_baseline_beta500
conv2,baseline,750.0,100,7.5,reconstructed_initialization,0.8996477790434496,0.9974269758254805,0.13624479180421356,0.007801954151113552,True,complete,results/eqprop-beta-rule-comparison-20260918-v1/production/conv2_baseline_beta750
conv2,baseline,750.0,100,7.5,best_validation,0.9868941077025188,0.994150114503781,0.043638433889292644,0.011182609458683584,True,complete,results/eqprop-beta-rule-comparison-20260918-v1/production/conv2_baseline_beta750
conv2,baseline,1000.0,100,10,reconstructed_initialization,0.8329702448371428,0.9941774584883935,0.13800896689477557,0.01701750656046021,True,complete,results/eqprop-beta-rule-comparison-20260918-v1/production/conv2_baseline_beta1000
conv2,baseline,1000.0,100,10,best_validation,0.98415527286729,0.9929429932536108,0.04213717887289049,0.016407521598344906,True,complete,results/eqprop-beta-rule-comparison-20260918-v1/production/conv2_baseline_beta1000
conv2,baseline,2000.0,100,20,reconstructed_initialization,0.7071213467195258,0.9597056440025219,0.235166484701505,0.09961006699135813,True,complete,results/eqprop-beta-rule-comparison-20260918-v1/production/conv2_baseline_beta2000
conv2,baseline,2000.0,100,20,best_validation,0.9748658207781666,0.9887948972303088,0.06254234342985351,0.031454846062784994,True,complete,results/eqprop-beta-rule-comparison-20260918-v1/production/conv2_baseline_beta2000
conv2,baseline,3000.0,100,30,reconstructed_initialization,0.6534877607793727,0.9011211866924858,0.3182950788778422,0.23253622014455472,True,complete,results/eqprop-beta-rule-comparison-20260918-v1/production/conv2_baseline_beta3000
conv2,baseline,3000.0,100,30,best_validation,0.967199155000624,0.985112761408289,0.07740232498131355,0.038938707476811926,True,complete,results/eqprop-beta-rule-comparison-20260918-v1/production/conv2_baseline_beta3000
conv2,baseline,5000.0,100,50,reconstructed_initialization,0.5493063668482809,0.7847766047093733,0.5292634954360097,0.518205091956556,True,complete,results/eqprop-beta-rule-comparison-20260918-v1/production/conv2_baseline_beta5000
conv2,baseline,5000.0,100,50,best_validation,0.9487794969367073,0.9749541130714826,0.10761406825889046,0.046763963046945176,True,complete,results/eqprop-beta-rule-comparison-20260918-v1/production/conv2_baseline_beta5000
conv2,baseline,7500.0,100,75,reconstructed_initialization,0.5368264479237526,0.6876976106976431,0.8158737418125462,0.8044401455679618,True,complete,results/eqprop-beta-rule-comparison-20260918-v1/production/conv2_baseline_beta7500
conv2,baseline,7500.0,100,75,best_validation,0.9210030798671214,0.9564084524509358,0.1251564510078772,0.04972995908221028,True,complete,results/eqprop-beta-rule-comparison-20260918-v1/production/conv2_baseline_beta7500
conv2,baseline,10000.0,100,100,reconstructed_initialization,0.4484618852345424,0.6293678313006837,1.0192075247081096,1.008517684107497,True,complete,results/eqprop-beta-rule-comparison-20260918-v1/production/conv2_baseline_beta10000
conv2,baseline,10000.0,100,100,best_validation,0.8895887199345615,0.9335302995678627,0.12969913824606671,0.05184527581412083,True,complete,results/eqprop-beta-rule-comparison-20260918-v1/production/conv2_baseline_beta10000
conv2,baseline,30000.0,100,300,reconstructed_initialization,0.2060589623092259,0.47732441743082593,1.597413057796792,1.5918778033425351,True,complete,results/eqprop-beta-rule-comparison-20260918-v1/production/conv2_baseline_beta30000
conv2,baseline,30000.0,100,300,best_validation,0.632576985832551,0.6489902077206435,0.5267082947391246,0.38954579972402326,True,complete,results/eqprop-beta-rule-comparison-20260918-v1/production/conv2_baseline_beta30000
conv2,baseline,100000.0,100,1000,reconstructed_initialization,0.14990728565745623,0.41940830597032813,1.869660520878487,1.8677194388658056,True,complete,results/eqprop-beta-rule-comparison-20260918-v1/production/conv2_baseline_beta100000
conv2,baseline,100000.0,100,1000,best_validation,0.25056107837908387,0.24281300673835018,1.3548853059582249,1.2322984718185033,True,complete,results/eqprop-beta-rule-comparison-20260918-v1/production/conv2_baseline_beta100000
conv2,ours,0.1,10,0.01,reconstructed_initialization,0.999928801868249,0.9999982237315146,0.004596867896003354,2.7571273989574743e-05,True,complete,results/eqprop-beta-rule-comparison-20260918-v1/production/conv2_ours_beta0p1
conv2,ours,0.1,10,0.01,best_validation,0.9999333363859101,0.9999916232249806,0.0011162851929530785,5.324253500070837e-05,True,complete,results/eqprop-beta-rule-comparison-20260918-v1/production/conv2_ours_beta0p1
conv2,ours,0.3,10,0.03,reconstructed_initialization,0.9997234336014678,0.9999964878495119,0.008808553590076564,6.35741802497632e-05,True,complete,results/eqprop-beta-rule-comparison-20260918-v1/production/conv2_ours_beta0p3
conv2,ours,0.3,10,0.03,best_validation,0.9990076190940329,0.9998750364675953,0.004314518326100984,0.0002675335721996922,True,complete,results/eqprop-beta-rule-comparison-20260918-v1/production/conv2_ours_beta0p3
conv2,ours,1.0,10,0.1,reconstructed_initialization,0.9989772105118679,0.9999931173459629,0.015993964604206646,9.231570376770855e-05,True,complete,results/eqprop-beta-rule-comparison-20260918-v1/production/conv2_ours_beta1
conv2,ours,1.0,10,0.1,best_validation,0.998226185539822,0.999777557661954,0.0063684494710318455,0.00041193728845134655,True,complete,results/eqprop-beta-rule-comparison-20260918-v1/production/conv2_ours_beta1
conv2,ours,3.0,10,0.3,reconstructed_initialization,0.9962008821619851,0.9999820771224269,0.03182574361055358,0.00016174099671127092,True,complete,results/eqprop-beta-rule-comparison-20260918-v1/production/conv2_ours_beta3
conv2,ours,3.0,10,0.3,best_validation,0.9978667293291834,0.9997323968376886,0.008726698454539144,0.000618779538716019,True,complete,results/eqprop-beta-rule-comparison-20260918-v1/production/conv2_ours_beta3
conv2,ours,10.0,10,1,reconstructed_initialization,0.9919642906368703,0.9999344617214282,0.05349493467483107,0.00025053500578323075,True,complete,results/eqprop-beta-rule-comparison-20260918-v1/production/conv2_ours_beta10
conv2,ours,10.0,10,1,best_validation,0.9962791995595096,0.9994775215745553,0.019913498630095203,0.0013186913781643634,True,complete,results/eqprop-beta-rule-comparison-20260918-v1/production/conv2_ours_beta10
conv2,ours,20.0,10,2,reconstructed_initialization,0.9774593713685961,0.9998224562963615,0.09592053367066887,0.000622818385822936,True,complete,results/eqprop-beta-rule-comparison-20260918-v1/production/conv2_ours_beta20
conv2,ours,20.0,10,2,best_validation,0.9933637357222534,0.9990635498577602,0.05230594211326438,0.002136254437832402,True,complete,results/eqprop-beta-rule-comparison-20260918-v1/production/conv2_ours_beta20
conv2,ours,30.0,10,3,reconstructed_initialization,0.9610444888939575,0.9996135764610518,0.12272410376341163,0.0012627293838724828,True,complete,results/eqprop-beta-rule-comparison-20260918-v1/production/conv2_ours_beta30
conv2,ours,30.0,10,3,best_validation,0.9908668905777185,0.9987127107768794,0.0657442670292464,0.002507775752748663,True,complete,results/eqprop-beta-rule-comparison-20260918-v1/production/conv2_ours_beta30
conv2,ours,50.0,10,5,reconstructed_initialization,0.9290876959546426,0.9986510086406779,0.173501899663429,0.004051764173138151,True,complete,results/eqprop-beta-rule-comparison-20260918-v1/production/conv2_ours_beta50
conv2,ours,50.0,10,5,best_validation,0.9865799947737097,0.9981106914817034,0.09623073375912052,0.0025759801713342713,True,complete,results/eqprop-beta-rule-comparison-20260918-v1/production/conv2_ours_beta50
conv2,ours,75.0,10,7.5,reconstructed_initialization,0.8821279961384865,0.9957788788127089,0.17849719719155957,0.012036976115058998,True,complete,results/eqprop-beta-rule-comparison-20260918-v1/production/conv2_ours_beta75
conv2,ours,75.0,10,7.5,best_validation,0.9814889521045465,0.9973912054937024,0.12221078624940611,0.0040534137818577665,True,complete,results/eqprop-beta-rule-comparison-20260918-v1/production/conv2_ours_beta75
conv2,ours,100.0,10,10,reconstructed_initialization,0.8530649780546985,0.9902584929993835,0.1600865852193533,0.02661924226889683,True,complete,results/eqprop-beta-rule-comparison-20260918-v1/production/conv2_ours_beta100
conv2,ours,100.0,10,10,best_validation,0.976663505201289,0.9967067290195757,0.12639240007390998,0.005414340724485057,True,complete,results/eqprop-beta-rule-comparison-20260918-v1/production/conv2_ours_beta100
conv2,ours,200.0,10,20,reconstructed_initialization,0.7626598597199177,0.9387147520965515,0.28092054536632544,0.14591710427569923,True,complete,results/eqprop-beta-rule-comparison-20260918-v1/production/conv2_ours_beta200
conv2,ours,200.0,10,20,best_validation,0.9601291539607328,0.9942384555326093,0.1157203895867227,0.007612313954836733,True,complete,results/eqprop-beta-rule-comparison-20260918-v1/production/conv2_ours_beta200
conv2,ours,300.0,10,30,reconstructed_initialization,0.655850993039035,0.8647598127932394,0.427320794772051,0.31337222507664597,True,complete,results/eqprop-beta-rule-comparison-20260918-v1/production/conv2_ours_beta300
conv2,ours,300.0,10,30,best_validation,0.9453660376281977,0.9916585524444713,0.12825673105647428,0.008268908298380104,True,complete,results/eqprop-beta-rule-comparison-20260918-v1/production/conv2_ours_beta300
conv2,ours,500.0,10,50,reconstructed_initialization,0.5296668130612942,0.7400505068445712,0.6447961375236992,0.633626716918342,True,complete,results/eqprop-beta-rule-comparison-20260918-v1/production/conv2_ours_beta500
conv2,ours,500.0,10,50,best_validation,0.91971730706637,0.9805801057456314,0.14811497164568507,0.008534309638078996,True,complete,results/eqprop-beta-rule-comparison-20260918-v1/production/conv2_ours_beta500
conv2,ours,750.0,10,75,reconstructed_initialization,0.4631512609065663,0.647518701706349,0.9352777021265847,0.924456391238647,True,complete,results/eqprop-beta-rule-comparison-20260918-v1/production/conv2_ours_beta750
conv2,ours,750.0,10,75,best_validation,0.8932732468959868,0.9568860417372568,0.16501310049891174,0.030536616926830035,True,complete,results/eqprop-beta-rule-comparison-20260918-v1/production/conv2_ours_beta750
conv2,ours,1000.0,10,100,reconstructed_initialization,0.424530067897285,0.5917339822061493,1.1302023366276097,1.120425072292335,True,complete,results/eqprop-beta-rule-comparison-20260918-v1/production/conv2_ours_beta1000
conv2,ours,1000.0,10,100,best_validation,0.8285009028763906,0.9249004654718297,0.219926528109947,0.07057404075068606,True,complete,results/eqprop-beta-rule-comparison-20260918-v1/production/conv2_ours_beta1000
conv2,ours,3000.0,10,300,reconstructed_initialization,0.2162594191655576,0.45891610018500845,1.6536682507921647,1.648934835024558,True,complete,results/eqprop-beta-rule-comparison-20260918-v1/production/conv2_ours_beta3000
conv2,ours,3000.0,10,300,best_validation,0.5373942408173401,0.6017190730827514,0.649831833875094,0.5954291921327707,True,complete,results/eqprop-beta-rule-comparison-20260918-v1/production/conv2_ours_beta3000
conv2,ours,10000.0,10,1000,reconstructed_initialization,0.1631289419117728,0.40919387894996506,1.8891679016904401,1.887547257050452,True,complete,results/eqprop-beta-rule-comparison-20260918-v1/production/conv2_ours_beta10000
conv2,ours,10000.0,10,1000,best_validation,0.09777447959654285,0.24470791061600614,1.4701913778277422,1.4343818395725514,True,complete,results/eqprop-beta-rule-comparison-20260918-v1/production/conv2_ours_beta10000
conv2,legacy,0.0003,0.03,0.01,reconstructed_initialization,0.9999980891674393,0.9999999613069519,0.0008924408937244014,7.489889105996087e-06,True,complete,results/eqprop-beta-rule-comparison-20260918-v1/production/conv2_legacy_beta0p0003
conv2,legacy,0.0003,0.03,0.01,best_validation,0.9999984303161228,0.9999998029222401,0.00034660193879589105,1.7953535540771385e-06,True,complete,results/eqprop-beta-rule-comparison-20260918-v1/production/conv2_legacy_beta0p0003
conv2,legacy,0.0009,0.03,0.03,reconstructed_initialization,0.9999941514829996,0.9999998428730731,0.0012029178145593607,7.490514795124899e-06,True,complete,results/eqprop-beta-rule-comparison-20260918-v1/production/conv2_legacy_beta0p0009
conv2,legacy,0.0009,0.03,0.03,best_validation,0.9999968527124127,0.9999996048600479,0.00048770054799337305,2.3967545846089757e-06,True,complete,results/eqprop-beta-rule-comparison-20260918-v1/production/conv2_legacy_beta0p0009
conv2,legacy,0.003,0.03,0.1,reconstructed_initialization,0.9999893987424743,0.9999997165861801,0.0016464650575307054,7.489395099907688e-06,True,complete,results/eqprop-beta-rule-comparison-20260918-v1/production/conv2_legacy_beta0p003
conv2,legacy,0.003,0.03,0.1,best_validation,0.9999647559639329,0.9999957135316639,0.0010718866600855634,9.057228315491126e-06,True,complete,results/eqprop-beta-rule-comparison-20260918-v1/production/conv2_legacy_beta0p003
conv2,legacy,0.009,0.03,0.3,reconstructed_initialization,0.9999496536226165,0.9999994906440691,0.003157486476097812,7.6274536781283316e-06,True,complete,results/eqprop-beta-rule-comparison-20260918-v1/production/conv2_legacy_beta0p009
conv2,legacy,0.009,0.03,0.3,best_validation,0.9999406321837176,0.999992779626729,0.0013932423006080578,6.321436755720151e-05,True,complete,results/eqprop-beta-rule-comparison-20260918-v1/production/conv2_legacy_beta0p009
conv2,legacy,0.03,0.03,1,reconstructed_initialization,0.99988306225001,0.9999990004963281,0.005051517145770865,1.229287432519309e-05,True,complete,results/eqprop-beta-rule-comparison-20260918-v1/production/conv2_legacy_beta0p03
conv2,legacy,0.03,0.03,1,best_validation,0.9999307053179113,0.9999915727611631,0.0018214099674778883,8.072783096128774e-05,True,complete,results/eqprop-beta-rule-comparison-20260918-v1/production/conv2_legacy_beta0p03
conv2,legacy,0.06,0.03,2,reconstructed_initialization,0.9998118035344828,0.9999986981574649,0.005132495429664965,1.6479467013020384e-05,True,complete,results/eqprop-beta-rule-comparison-20260918-v1/production/conv2_legacy_beta0p06
conv2,legacy,0.06,0.03,2,best_validation,0.999927296038388,0.9999911538083951,0.0025377540854815755,8.438510776636385e-05,True,complete,results/eqprop-beta-rule-comparison-20260918-v1/production/conv2_legacy_beta0p06
conv2,legacy,0.09,0.03,3,reconstructed_initialization,0.9997326582034405,0.999998399091148,0.00558855860503044,1.8314690625198205e-05,True,complete,results/eqprop-beta-rule-comparison-20260918-v1/production/conv2_legacy_beta0p09
conv2,legacy,0.09,0.03,3,best_validation,0.9999151127666045,0.999989398411239,0.004984114113831121,8.559789906131325e-05,True,complete,results/eqprop-beta-rule-comparison-20260918-v1/production/conv2_legacy_beta0p09
conv2,legacy,0.15,0.03,5,reconstructed_initialization,0.999624150867968,0.9999978834723827,0.006951910656156707,3.0470520111386588e-05,True,complete,results/eqprop-beta-rule-comparison-20260918-v1/production/conv2_legacy_beta0p15
conv2,legacy,0.15,0.03,5,best_validation,0.9995348955657284,0.9999418497799499,0.012036818619591294,0.00014608142065055405,True,complete,results/eqprop-beta-rule-comparison-20260918-v1/production/conv2_legacy_beta0p15
conv2,legacy,0.225,0.03,7.5,reconstructed_initialization,0.9995134844814879,0.9999968957157117,0.010574251019050605,3.1336757638762464e-05,True,complete,results/eqprop-beta-rule-comparison-20260918-v1/production/conv2_legacy_beta0p225
conv2,legacy,0.225,0.03,7.5,best_validation,0.9992303300247898,0.9999037105713683,0.01565143179642285,0.00021087115413619855,True,complete,results/eqprop-beta-rule-comparison-20260918-v1/production/conv2_legacy_beta0p225
conv2,legacy,0.3,0.03,10,reconstructed_initialization,0.9994356483589257,0.9999961180728045,0.012777187953762184,3.589104238088207e-05,True,complete,results/eqprop-beta-rule-comparison-20260918-v1/production/conv2_legacy_beta0p3
conv2,legacy,0.3,0.03,10,best_validation,0.9990492900333211,0.9998810230907386,0.017400535166388405,0.00024679159371271436,True,complete,results/eqprop-beta-rule-comparison-20260918-v1/production/conv2_legacy_beta0p3
conv2,legacy,0.6,0.03,20,reconstructed_initialization,0.9991489399973589,0.9999931281112269,0.015069105784027618,6.420939074662383e-05,True,complete,results/eqprop-beta-rule-comparison-20260918-v1/production/conv2_legacy_beta0p6
conv2,legacy,0.6,0.03,20,best_validation,0.9987968244798741,0.9998493312254557,0.026864761499382966,0.0005286343495332407,True,complete,results/eqprop-beta-rule-comparison-20260918-v1/production/conv2_legacy_beta0p6
conv2,legacy,0.9,0.03,30,reconstructed_initialization,0.9987330639000618,0.999988933091518,0.01929921074599848,8.451158196990933e-05,True,complete,results/eqprop-beta-rule-comparison-20260918-v1/production/conv2_legacy_beta0p9
conv2,legacy,0.9,0.03,30,best_validation,0.99864182473412,0.9998050566430408,0.028916985576400513,0.0007887466597995349,True,complete,results/eqprop-beta-rule-comparison-20260918-v1/production/conv2_legacy_beta0p9
conv2,legacy,1.5,0.03,50,reconstructed_initialization,0.9979976608799433,0.9999818746682849,0.028486616216075202,0.00010821337649803093,True,complete,results/eqprop-beta-rule-comparison-20260918-v1/production/conv2_legacy_beta1p5
conv2,legacy,1.5,0.03,50,best_validation,0.9977708352162538,0.9996807390290581,0.02742507682339866,0.0009567589226854924,True,complete,results/eqprop-beta-rule-comparison-20260918-v1/production/conv2_legacy_beta1p5
conv2,legacy,2.25,0.03,75,reconstructed_initialization,0.996356401331337,0.9999741635418499,0.030784858817457027,0.00011784807012545116,True,complete,results/eqprop-beta-rule-comparison-20260918-v1/production/conv2_legacy_beta2p25
conv2,legacy,2.25,0.03,75,best_validation,0.9966083088247245,0.9995743281769954,0.04830074377711316,0.0009668560332418112,True,complete,results/eqprop-beta-rule-comparison-20260918-v1/production/conv2_legacy_beta2p25
conv2,legacy,3.0,0.03,100,reconstructed_initialization,0.9939832828682029,0.9999635263138363,0.03037456236771965,0.00015895283672911302,True,complete,results/eqprop-beta-rule-comparison-20260918-v1/production/conv2_legacy_beta3
conv2,legacy,3.0,0.03,100,best_validation,0.9936167446855392,0.9991947574102669,0.0725117383316854,0.0011561056721806342,True,complete,results/eqprop-beta-rule-comparison-20260918-v1/production/conv2_legacy_beta3
conv2,legacy,9.0,0.03,300,reconstructed_initialization,0.9879679011145034,0.9998965601704998,0.07292402261098013,0.0002652755823125883,True,complete,results/eqprop-beta-rule-comparison-20260918-v1/production/conv2_legacy_beta9
conv2,legacy,9.0,0.03,300,best_validation,0.9830576592455187,0.9978543324453403,0.10963388698852473,0.0024497142998596093,True,complete,results/eqprop-beta-rule-comparison-20260918-v1/production/conv2_legacy_beta9
conv2,legacy,30.0,0.03,1000,reconstructed_initialization,0.9549346039777359,0.9991414081993563,0.1228255370032034,0.0021472391433692774,True,complete,results/eqprop-beta-rule-comparison-20260918-v1/production/conv2_legacy_beta30
conv2,legacy,30.0,0.03,1000,best_validation,0.9728637965517674,0.9962374596797876,0.1279255137636289,0.006430816761749815,True,complete,results/eqprop-beta-rule-comparison-20260918-v1/production/conv2_legacy_beta30
conv1,baseline,1.0,100,0.01,reconstructed_initialization,0.9999899647424414,0.9999999777366676,0.0005442007308581806,8.593165121058686e-07,True,complete,results/eqprop-beta-rule-comparison-20260918-v1/production/conv1_baseline_beta1
conv1,baseline,1.0,100,0.01,best_validation,0.9999517993955253,0.999998976335491,0.001285131071463613,5.419463026607199e-05,True,complete,results/eqprop-beta-rule-comparison-20260918-v1/production/conv1_baseline_beta1
conv1,baseline,3.0,100,0.03,reconstructed_initialization,0.9999848328663103,0.9999999707316642,0.0006957811755868238,1.5256555101250242e-06,True,complete,results/eqprop-beta-rule-comparison-20260918-v1/production/conv1_baseline_beta3
conv1,baseline,3.0,100,0.03,best_validation,0.999840409228532,0.9999931614296914,0.0033199478766297976,0.0001398552608733997,True,complete,results/eqprop-beta-rule-comparison-20260918-v1/production/conv1_baseline_beta3
conv1,baseline,10.0,100,0.1,reconstructed_initialization,0.9999683786150649,0.9999999452108549,0.0009320261426233133,2.1657620644123e-06,True,complete,results/eqprop-beta-rule-comparison-20260918-v1/production/conv1_baseline_beta10
conv1,baseline,10.0,100,0.1,best_validation,0.9997746517892175,0.9999905125956065,0.0027013319806480063,0.00011970840246070648,True,complete,results/eqprop-beta-rule-comparison-20260918-v1/production/conv1_baseline_beta10
conv1,baseline,30.0,100,0.3,reconstructed_initialization,0.9998972183741401,0.9999997997454078,0.0019712277213350038,4.537101766058186e-06,True,complete,results/eqprop-beta-rule-comparison-20260918-v1/production/conv1_baseline_beta30
conv1,baseline,30.0,100,0.3,best_validation,0.9994421654644879,0.9999776614362528,0.004203925175775336,0.00010892082728120545,True,complete,results/eqprop-beta-rule-comparison-20260918-v1/production/conv1_baseline_beta30
conv1,baseline,100.0,100,1,reconstructed_initialization,0.9997107382460938,0.9999993417986511,0.003193783380884773,7.854135627777897e-06,True,complete,results/eqprop-beta-rule-comparison-20260918-v1/production/conv1_baseline_beta100
conv1,baseline,100.0,100,1,best_validation,0.9976162238183232,0.9999248126351354,0.01344189048562237,0.0004959339301709902,True,complete,results/eqprop-beta-rule-comparison-20260918-v1/production/conv1_baseline_beta100
conv1,baseline,200.0,100,2,reconstructed_initialization,0.9994814157999954,0.9999987354549295,0.0043952392012233,1.4465452554875423e-05,True,complete,results/eqprop-beta-rule-comparison-20260918-v1/production/conv1_baseline_beta200
conv1,baseline,200.0,100,2,best_validation,0.9945161944061491,0.9998661023681199,0.016226906123374837,0.0006456281004438548,True,complete,results/eqprop-beta-rule-comparison-20260918-v1/production/conv1_baseline_beta200
conv1,baseline,300.0,100,3,reconstructed_initialization,0.9992843914086615,0.9999980066153735,0.005865026316683501,2.6006664209256245e-05,True,complete,results/eqprop-beta-rule-comparison-20260918-v1/production/conv1_baseline_beta300
conv1,baseline,300.0,100,3,best_validation,0.9922382620274695,0.9998102206347224,0.028337776370339535,0.0007831200408171823,True,complete,results/eqprop-beta-rule-comparison-20260918-v1/production/conv1_baseline_beta300
conv1,baseline,500.0,100,5,reconstructed_initialization,0.9987532851225476,0.9999960627875567,0.008357163918660003,4.7647914591068644e-05,True,complete,results/eqprop-beta-rule-comparison-20260918-v1/production/conv1_baseline_beta500
conv1,baseline,500.0,100,5,best_validation,0.987676120304399,0.999706499608317,0.04741333806212631,0.0016017620384883482,True,complete,results/eqprop-beta-rule-comparison-20260918-v1/production/conv1_baseline_beta500
conv1,baseline,750.0,100,7.5,reconstructed_initialization,0.9980849293117167,0.9999910543582653,0.010814874692016347,8.306821478251858e-05,True,complete,results/eqprop-beta-rule-comparison-20260918-v1/production/conv1_baseline_beta750
conv1,baseline,750.0,100,7.5,best_validation,0.9820808645213024,0.9995184364002726,0.052657835940378754,0.0023937112753747354,True,complete,results/eqprop-beta-rule-comparison-20260918-v1/production/conv1_baseline_beta750
conv1,baseline,1000.0,100,10,reconstructed_initialization,0.9973960007966259,0.9999814497563396,0.012459477232777846,0.00013679866987169066,True,complete,results/eqprop-beta-rule-comparison-20260918-v1/production/conv1_baseline_beta1000
conv1,baseline,1000.0,100,10,best_validation,0.9767487567974845,0.9993371904795519,0.05927179732752037,0.0031119565716427725,True,complete,results/eqprop-beta-rule-comparison-20260918-v1/production/conv1_baseline_beta1000
conv1,baseline,2000.0,100,20,reconstructed_initialization,0.9925009520013454,0.9998360354331177,0.024823984344527088,0.0007743256197540957,True,complete,results/eqprop-beta-rule-comparison-20260918-v1/production/conv1_baseline_beta2000
conv1,baseline,2000.0,100,20,best_validation,0.9462957411187086,0.9984581039449083,0.0871704130330649,0.005339278489720007,True,complete,results/eqprop-beta-rule-comparison-20260918-v1/production/conv1_baseline_beta2000
conv1,baseline,3000.0,100,30,reconstructed_initialization,0.9864352313637318,0.9994054949556034,0.034656047959900904,0.0022055636603536023,True,complete,results/eqprop-beta-rule-comparison-20260918-v1/production/conv1_baseline_beta3000
conv1,baseline,3000.0,100,30,best_validation,0.9148446870184035,0.9973031830686816,0.08865945721125058,0.006750654487217807,True,complete,results/eqprop-beta-rule-comparison-20260918-v1/production/conv1_baseline_beta3000
conv1,baseline,5000.0,100,50,reconstructed_initialization,0.9774409065246222,0.9971961697707798,0.05124498745163978,0.008360874115083135,True,complete,results/eqprop-beta-rule-comparison-20260918-v1/production/conv1_baseline_beta5000
conv1,baseline,5000.0,100,50,best_validation,0.8621741417896389,0.9942680350997355,0.105063945550498,0.007987820790099544,True,complete,results/eqprop-beta-rule-comparison-20260918-v1/production/conv1_baseline_beta5000
conv1,baseline,7500.0,100,75,reconstructed_initialization,0.9677088743052886,0.9907272193739795,0.06880298516898849,0.025845445194584378,True,complete,results/eqprop-beta-rule-comparison-20260918-v1/production/conv1_baseline_beta7500
conv1,baseline,7500.0,100,75,best_validation,0.8175828831923199,0.9881447409010116,0.12373654116179264,0.0165426061415242,True,complete,results/eqprop-beta-rule-comparison-20260918-v1/production/conv1_baseline_beta7500
conv1,baseline,10000.0,100,100,reconstructed_initialization,0.9569124467712854,0.9793357875961708,0.09466684873778984,0.053984617977594386,True,complete,results/eqprop-beta-rule-comparison-20260918-v1/production/conv1_baseline_beta10000
conv1,baseline,10000.0,100,100,best_validation,0.7801346877457958,0.978688533481419,0.1330225871175949,0.02811415507679503,True,complete,results/eqprop-beta-rule-comparison-20260918-v1/production/conv1_baseline_beta10000
conv1,baseline,30000.0,100,300,reconstructed_initialization,0.8107081992104912,0.8107016310812954,0.43610707184716857,0.43566312966009746,True,complete,results/eqprop-beta-rule-comparison-20260918-v1/production/conv1_baseline_beta30000
conv1,baseline,30000.0,100,300,best_validation,0.5699269127818364,0.824733780192272,0.2827832912758881,0.23960791037952509,True,complete,results/eqprop-beta-rule-comparison-20260918-v1/production/conv1_baseline_beta30000
conv1,baseline,100000.0,100,1000,reconstructed_initialization,0.5355263498567451,0.5354088370204768,1.2379374860905807,1.2375325441999014,True,complete,results/eqprop-beta-rule-comparison-20260918-v1/production/conv1_baseline_beta100000
conv1,baseline,100000.0,100,1000,best_validation,0.21667956500883484,0.4219096692387109,1.0115642489585628,0.9864105193577961,True,complete,results/eqprop-beta-rule-comparison-20260918-v1/production/conv1_baseline_beta100000
conv1,ours,0.3,30,0.01,reconstructed_initialization,0.9999844083762711,0.9999999686135657,0.0002207378497714602,7.99338601732133e-07,True,complete,results/eqprop-beta-rule-comparison-20260918-v1/production/conv1_ours_beta0p3
conv1,ours,0.3,30,0.01,best_validation,0.9999414559455992,0.9999980588498956,0.0020938702634484252,6.33977426562657e-05,True,complete,results/eqprop-beta-rule-comparison-20260918-v1/production/conv1_ours_beta0p3
conv1,ours,0.9,30,0.03,reconstructed_initialization,0.9999781862491693,0.9999999560984555,0.00047081587041388043,1.364859671400863e-06,True,complete,results/eqprop-beta-rule-comparison-20260918-v1/production/conv1_ours_beta0p9
conv1,ours,0.9,30,0.03,best_validation,0.9998794202208816,0.9999959925160633,0.0030681093991019527,9.497655055486193e-05,True,complete,results/eqprop-beta-rule-comparison-20260918-v1/production/conv1_ours_beta0p9
conv1,ours,3.0,30,0.1,reconstructed_initialization,0.9999578698830514,0.9999999151698133,0.0011771453908881175,4.015672424299685e-06,True,complete,results/eqprop-beta-rule-comparison-20260918-v1/production/conv1_ours_beta3
conv1,ours,3.0,30,0.1,best_validation,0.9998406755210029,0.9999947071946332,0.003481738420494209,0.00010477040668357671,True,complete,results/eqprop-beta-rule-comparison-20260918-v1/production/conv1_ours_beta3
conv1,ours,9.0,30,0.3,reconstructed_initialization,0.9998680528132101,0.9999997335197026,0.0020656443004605754,7.6257887991121595e-06,True,complete,results/eqprop-beta-rule-comparison-20260918-v1/production/conv1_ours_beta9
conv1,ours,9.0,30,0.3,best_validation,0.9996637748940973,0.9999888942898078,0.0028187158173936374,8.572385452830754e-05,True,complete,results/eqprop-beta-rule-comparison-20260918-v1/production/conv1_ours_beta9
conv1,ours,30.0,30,1,reconstructed_initialization,0.9996054143352089,0.9999991125273047,0.0028950017826307444,1.2300016793311398e-05,True,complete,results/eqprop-beta-rule-comparison-20260918-v1/production/conv1_ours_beta30
conv1,ours,30.0,30,1,best_validation,0.999077376216964,0.999972466866327,0.009255352861702003,0.0002727757397496115,True,complete,results/eqprop-beta-rule-comparison-20260918-v1/production/conv1_ours_beta30
conv1,ours,60.0,30,2,reconstructed_initialization,0.9992843138514065,0.9999984200236762,0.0037951789235615885,3.7421206328237955e-05,True,complete,results/eqprop-beta-rule-comparison-20260918-v1/production/conv1_ours_beta60
conv1,ours,60.0,30,2,best_validation,0.9982148093946785,0.9999491084786306,0.0117941190594157,0.000503543418674723,True,complete,results/eqprop-beta-rule-comparison-20260918-v1/production/conv1_ours_beta60
conv1,ours,90.0,30,3,reconstructed_initialization,0.9989543003983986,0.9999971951449868,0.005112389985147771,6.054645904592114e-05,True,complete,results/eqprop-beta-rule-comparison-20260918-v1/production/conv1_ours_beta90
conv1,ours,90.0,30,3,best_validation,0.9974123972310568,0.9999223053629902,0.01448412823510862,0.0006873980837784048,True,complete,results/eqprop-beta-rule-comparison-20260918-v1/production/conv1_ours_beta90
conv1,ours,150.0,30,5,reconstructed_initialization,0.9982760985683221,0.999993132432967,0.006904627856683313,0.00010135025127702631,True,complete,results/eqprop-beta-rule-comparison-20260918-v1/production/conv1_ours_beta150
conv1,ours,150.0,30,5,best_validation,0.9953736710869414,0.9998651748947244,0.02328601014620746,0.0010468518941719877,True,complete,results/eqprop-beta-rule-comparison-20260918-v1/production/conv1_ours_beta150
conv1,ours,225.0,30,7.5,reconstructed_initialization,0.9971960800381554,0.9999836336537559,0.009924323823828754,0.0001574032556754295,True,complete,results/eqprop-beta-rule-comparison-20260918-v1/production/conv1_ours_beta225
conv1,ours,225.0,30,7.5,best_validation,0.9929064339059865,0.9998012746116378,0.03183211699274452,0.0015359238594009727,True,complete,results/eqprop-beta-rule-comparison-20260918-v1/production/conv1_ours_beta225
conv1,ours,300.0,30,10,reconstructed_initialization,0.9959300785302369,0.9999627645463525,0.013426395134497466,0.0002790733290505688,True,complete,results/eqprop-beta-rule-comparison-20260918-v1/production/conv1_ours_beta300
conv1,ours,300.0,30,10,best_validation,0.9907916643029986,0.9997129212527833,0.03898480900511353,0.0020361713085327074,True,complete,results/eqprop-beta-rule-comparison-20260918-v1/production/conv1_ours_beta300
conv1,ours,600.0,30,20,reconstructed_initialization,0.9900726431456227,0.9996609970806314,0.024690364533130435,0.0015803050827251277,True,complete,results/eqprop-beta-rule-comparison-20260918-v1/production/conv1_ours_beta600
conv1,ours,600.0,30,20,best_validation,0.9800913028740805,0.9992250911997369,0.052018852533038916,0.004055715496230143,True,complete,results/eqprop-beta-rule-comparison-20260918-v1/production/conv1_ours_beta600
conv1,ours,900.0,30,30,reconstructed_initialization,0.9836916985034805,0.9988160828158771,0.03450005631045747,0.004375070229961251,True,complete,results/eqprop-beta-rule-comparison-20260918-v1/production/conv1_ours_beta900
conv1,ours,900.0,30,30,best_validation,0.9701769363580975,0.9984503452594524,0.06513973926084268,0.005631710507405766,True,complete,results/eqprop-beta-rule-comparison-20260918-v1/production/conv1_ours_beta900
conv1,ours,1500.0,30,50,reconstructed_initialization,0.9749320873001853,0.9945703509405514,0.05196428742423741,0.01711770258689991,True,complete,results/eqprop-beta-rule-comparison-20260918-v1/production/conv1_ours_beta1500
conv1,ours,1500.0,30,50,best_validation,0.9513372625935277,0.9957292618847348,0.08459003747481762,0.010307757470897943,True,complete,results/eqprop-beta-rule-comparison-20260918-v1/production/conv1_ours_beta1500
conv1,ours,2250.0,30,75,reconstructed_initialization,0.9627997698859883,0.9829163238313114,0.0762374983857529,0.048393736809572555,True,complete,results/eqprop-beta-rule-comparison-20260918-v1/production/conv1_ours_beta2250
conv1,ours,2250.0,30,75,best_validation,0.9227614848783401,0.9896718394157714,0.09584097551494881,0.024791652048538403,True,complete,results/eqprop-beta-rule-comparison-20260918-v1/production/conv1_ours_beta2250
conv1,ours,3000.0,30,100,reconstructed_initialization,0.9512251752091558,0.9643732218703809,0.0982909814652389,0.09360047531858262,True,complete,results/eqprop-beta-rule-comparison-20260918-v1/production/conv1_ours_beta3000
conv1,ours,3000.0,30,100,best_validation,0.8958061746544738,0.9806488479617771,0.10633909771297954,0.044445532188964104,True,complete,results/eqprop-beta-rule-comparison-20260918-v1/production/conv1_ours_beta3000
conv1,ours,9000.0,30,300,reconstructed_initialization,0.7561394958842493,0.7561430432091217,0.5783368845481776,0.5778460437959758,True,complete,results/eqprop-beta-rule-comparison-20260918-v1/production/conv1_ours_beta9000
conv1,ours,9000.0,30,300,best_validation,0.7573207336253949,0.826174776975788,0.3260364817734935,0.3217128172244941,True,complete,results/eqprop-beta-rule-comparison-20260918-v1/production/conv1_ours_beta9000
conv1,ours,30000.0,30,1000,reconstructed_initialization,0.464907221515024,0.46476368886003405,1.3615228720000585,1.3611608241807276,True,complete,results/eqprop-beta-rule-comparison-20260918-v1/production/conv1_ours_beta30000
conv1,ours,30000.0,30,1000,best_validation,0.3964688114431687,0.39881425919160207,1.1055407337124024,1.0993237082278118,True,complete,results/eqprop-beta-rule-comparison-20260918-v1/production/conv1_ours_beta30000
conv1,legacy,0.03,3,0.01,reconstructed_initialization,0.9999927279297663,0.9999999816154314,0.0002657660649579792,4.81880420166295e-07,True,complete,results/eqprop-beta-rule-comparison-20260918-v1/production/conv1_legacy_beta0p03
conv1,legacy,0.03,3,0.01,best_validation,0.9999939365196896,0.9999998279245069,0.0015561268017634067,3.6620790015824106e-05,True,complete,results/eqprop-beta-rule-comparison-20260918-v1/production/conv1_legacy_beta0p03
conv1,legacy,0.09,3,0.03,reconstructed_initialization,0.99999243534455,0.999999980875764,0.0003447635099983915,5.986109254315586e-07,True,complete,results/eqprop-beta-rule-comparison-20260918-v1/production/conv1_legacy_beta0p09
conv1,legacy,0.09,3,0.03,best_validation,0.9999823924397658,0.9999995073291283,0.0026267118005768204,6.16230083702381e-05,True,complete,results/eqprop-beta-rule-comparison-20260918-v1/production/conv1_legacy_beta0p09
conv1,legacy,0.3,3,0.1,reconstructed_initialization,0.9999881149614208,0.9999999728762147,0.0003264130118428382,5.44733614721344e-07,True,complete,results/eqprop-beta-rule-comparison-20260918-v1/production/conv1_legacy_beta0p3
conv1,legacy,0.3,3,0.1,best_validation,0.9999521872940449,0.9999987287601609,0.00334792758386448,9.741406893171598e-05,True,complete,results/eqprop-beta-rule-comparison-20260918-v1/production/conv1_legacy_beta0p3
conv1,legacy,0.9,3,0.3,reconstructed_initialization,0.9999826483231019,0.9999999603825883,0.00038619865211518106,9.178713344228492e-07,True,complete,results/eqprop-beta-rule-comparison-20260918-v1/production/conv1_legacy_beta0p9
conv1,legacy,0.9,3,0.3,best_validation,0.9995032086139497,0.9999839624413964,0.010296063531366235,0.00030519629196488205,True,complete,results/eqprop-beta-rule-comparison-20260918-v1/production/conv1_legacy_beta0p9
conv1,legacy,3.0,3,1,reconstructed_initialization,0.9999481639089474,0.9999998819621012,0.0009112989038118978,2.6803222106527916e-06,True,complete,results/eqprop-beta-rule-comparison-20260918-v1/production/conv1_legacy_beta3
conv1,legacy,3.0,3,1,best_validation,0.9987270571941541,0.9999591511909208,0.016483672511936158,0.0004905798978497533,True,complete,results/eqprop-beta-rule-comparison-20260918-v1/production/conv1_legacy_beta3
conv1,legacy,6.0,3,2,reconstructed_initialization,0.9998894398599452,0.9999997480368304,0.0016412336785333024,4.752804394224671e-06,True,complete,results/eqprop-beta-rule-comparison-20260918-v1/production/conv1_legacy_beta6
conv1,legacy,6.0,3,2,best_validation,0.998044155305084,0.9999632395176891,0.014521185969491418,0.00036238302721016904,True,complete,results/eqprop-beta-rule-comparison-20260918-v1/production/conv1_legacy_beta6
conv1,legacy,9.0,3,3,reconstructed_initialization,0.9998451501659791,0.9999996645140562,0.0019329595752242406,5.6911739994388334e-06,True,complete,results/eqprop-beta-rule-comparison-20260918-v1/production/conv1_legacy_beta9
conv1,legacy,9.0,3,3,best_validation,0.9962909544808108,0.9999307405297184,0.01581433700686501,0.00035427884444454605,True,complete,results/eqprop-beta-rule-comparison-20260918-v1/production/conv1_legacy_beta9
conv1,legacy,15.0,3,5,reconstructed_initialization,0.9997521528081519,0.9999993673983836,0.002230750382992763,6.637634101278638e-06,True,complete,results/eqprop-beta-rule-comparison-20260918-v1/production/conv1_legacy_beta15
conv1,legacy,15.0,3,5,best_validation,0.994398996668783,0.9998958882788345,0.018508082385072126,0.0003836639810239466,True,complete,results/eqprop-beta-rule-comparison-20260918-v1/production/conv1_legacy_beta15
conv1,legacy,22.5,3,7.5,reconstructed_initialization,0.9996679725399871,0.9999991465157713,0.0026754111880849044,7.483603070864479e-06,True,complete,results/eqprop-beta-rule-comparison-20260918-v1/production/conv1_legacy_beta22p5
conv1,legacy,22.5,3,7.5,best_validation,0.9934702279404461,0.9998787873271712,0.022205874364629778,0.0004888477401484742,True,complete,results/eqprop-beta-rule-comparison-20260918-v1/production/conv1_legacy_beta22p5
conv1,legacy,30.0,3,10,reconstructed_initialization,0.999610805211295,0.9999989859889095,0.003042130244913558,9.204284362595046e-06,True,complete,results/eqprop-beta-rule-comparison-20260918-v1/production/conv1_legacy_beta30
conv1,legacy,30.0,3,10,best_validation,0.993146792425314,0.9998726452037382,0.02934487759374101,0.0005921511067516551,True,complete,results/eqprop-beta-rule-comparison-20260918-v1/production/conv1_legacy_beta30
conv1,legacy,60.0,3,20,reconstructed_initialization,0.9993953377207995,0.9999982198819515,0.0041261461131696705,2.0348730819186088e-05,True,complete,results/eqprop-beta-rule-comparison-20260918-v1/production/conv1_legacy_beta60
conv1,legacy,60.0,3,20,best_validation,0.9908124155293321,0.9998292608441592,0.04549405715050451,0.0009086778453961232,True,complete,results/eqprop-beta-rule-comparison-20260918-v1/production/conv1_legacy_beta60
conv1,legacy,90.0,3,30,reconstructed_initialization,0.9991218412724601,0.999997066308,0.004800182753741708,3.445364579697966e-05,True,complete,results/eqprop-beta-rule-comparison-20260918-v1/production/conv1_legacy_beta90
conv1,legacy,90.0,3,30,best_validation,0.9897603708412216,0.999805209084593,0.05380730607884271,0.0010944832636970681,True,complete,results/eqprop-beta-rule-comparison-20260918-v1/production/conv1_legacy_beta90
conv1,legacy,150.0,3,50,reconstructed_initialization,0.9985098664014455,0.9999928930872705,0.006961777167723073,6.831935442497119e-05,True,complete,results/eqprop-beta-rule-comparison-20260918-v1/production/conv1_legacy_beta150
conv1,legacy,150.0,3,50,best_validation,0.984390775398901,0.9997286131732261,0.06597224770581571,0.0016199002808540506,True,complete,results/eqprop-beta-rule-comparison-20260918-v1/production/conv1_legacy_beta150
conv1,legacy,225.0,3,75,reconstructed_initialization,0.9977968571828406,0.999982941964694,0.00939167984866666,0.00014324603588194493,True,complete,results/eqprop-beta-rule-comparison-20260918-v1/production/conv1_legacy_beta225
conv1,legacy,225.0,3,75,best_validation,0.9775102637648461,0.9995943035828964,0.07349880758439428,0.0019980093843365823,True,complete,results/eqprop-beta-rule-comparison-20260918-v1/production/conv1_legacy_beta225
conv1,legacy,300.0,3,100,reconstructed_initialization,0.99650394574564,0.9999598795838245,0.01260946193886082,0.0002879657054897559,True,complete,results/eqprop-beta-rule-comparison-20260918-v1/production/conv1_legacy_beta300
conv1,legacy,300.0,3,100,best_validation,0.9720871776457733,0.9994640841662018,0.07894927852551571,0.0021998161008265032,True,complete,results/eqprop-beta-rule-comparison-20260918-v1/production/conv1_legacy_beta300
conv1,legacy,900.0,3,300,reconstructed_initialization,0.9849904170346948,0.9987308223202375,0.03406413139726332,0.004699204700472487,True,complete,results/eqprop-beta-rule-comparison-20260918-v1/production/conv1_legacy_beta900
conv1,legacy,900.0,3,300,best_validation,0.9354948057922337,0.9957895697846538,0.11281892170787744,0.008216787610846755,True,complete,results/eqprop-beta-rule-comparison-20260918-v1/production/conv1_legacy_beta900
conv1,legacy,3000.0,3,1000,reconstructed_initialization,0.9523401197593862,0.9626001469374765,0.09977762119980638,0.09956526759399519,True,complete,results/eqprop-beta-rule-comparison-20260918-v1/production/conv1_legacy_beta3000
conv1,legacy,3000.0,3,1000,best_validation,0.8178425438303681,0.9377599101573958,0.15523597001546371,0.09922519241388729,True,complete,results/eqprop-beta-rule-comparison-20260918-v1/production/conv1_legacy_beta3000
