audit_phase,model_seed,injected_beta,checkpoint_role,cohort,parameter_name,count,min_cosine,p05_cosine,median_cosine,max_norm_delta,failed
reference,0,100.0,reconstructed_initialization,historical,ConvWeight_0,4,0.9879829844450931,0.9895438587851442,0.9989040221425565,0.03811710911904174,1
reference,0,100.0,reconstructed_initialization,historical,ConvWeight_1,4,0.9955153410198897,0.9958323224440292,0.997682731061609,0.008896361128071014,0
reference,0,100.0,reconstructed_initialization,historical,ConvWeight_2,4,0.9973547953550643,0.9973822405237679,0.9976840064915888,0.0073990410815800425,0
reference,0,100.0,reconstructed_initialization,historical,DenseWeight_0,4,0.9999921124171502,0.9999923108403937,0.999993464647332,0.0003291005883255897,0
reference,0,100.0,reconstructed_initialization,reference,ConvWeight_0,32,0.9673926637228818,0.9804514572431059,0.9979605711480909,0.1842596479603944,6
reference,0,100.0,reconstructed_initialization,reference,ConvWeight_1,32,0.9905326901661685,0.9945110215142812,0.9975749759377328,0.027298102787458037,0
reference,0,100.0,reconstructed_initialization,reference,ConvWeight_2,32,0.9971066352872162,0.9972549335220751,0.9978432139367961,0.0079238156161072,0
reference,0,100.0,reconstructed_initialization,reference,DenseWeight_0,32,0.9999918581227,0.9999926534270401,0.9999938752740403,0.0002899066678987541,0
reference,0,100.0,best_validation,historical,ConvWeight_0,4,0.9999921956440352,0.999992990378292,0.9999981009556719,0.0012331884618341112,0
reference,0,100.0,best_validation,historical,ConvWeight_1,4,0.9999912479474528,0.999991600145676,0.9999957841540958,0.0007861460358275848,0
reference,0,100.0,best_validation,historical,ConvWeight_2,4,0.9999437209172849,0.9999485182491009,0.999976155146085,0.00022741182071480935,0
reference,0,100.0,best_validation,historical,DenseWeight_0,4,0.9999999944001239,0.999999994407296,0.9999999945985192,4.092014494112469e-05,0
reference,0,100.0,best_validation,reference,ConvWeight_0,32,0.9998845819078287,0.9999203563652175,0.9999915115897393,0.01602008191749466,0
reference,0,100.0,best_validation,reference,ConvWeight_1,32,0.9998834249712231,0.9999265715844361,0.9999861838421262,0.007756490252803273,0
reference,0,100.0,best_validation,reference,ConvWeight_2,32,0.9994211245704718,0.9996761875902416,0.9999096831601003,0.0029678385761976894,0
reference,0,100.0,best_validation,reference,DenseWeight_0,32,0.9999999816747874,0.9999999823974632,0.9999999932408281,5.089415724188594e-05,0
selection,0,10.0,reconstructed_initialization,historical,ConvWeight_0,4,0.9989407240173004,0.9990340145147754,0.9995719264654623,0.039421251090740975,0
selection,0,10.0,reconstructed_initialization,historical,ConvWeight_1,4,0.9995169511895472,0.9995342849918856,0.9996397966926792,0.00908718827601649,0
selection,0,10.0,reconstructed_initialization,historical,ConvWeight_2,4,0.9997460465555235,0.9997471135702628,0.9997751157521504,0.0005354183768597172,0
selection,0,10.0,reconstructed_initialization,historical,DenseWeight_0,4,0.9999999922235879,0.9999999924306008,0.9999999940158772,3.3878793133751623e-06,0
selection,0,10.0,reconstructed_initialization,selection,ConvWeight_0,32,0.9948864048327192,0.9957739920917269,0.9997876492539373,0.0570058539965755,0
selection,0,10.0,reconstructed_initialization,selection,ConvWeight_1,32,0.9988909567666971,0.9991981490328496,0.9996915655765757,0.018204036143532477,0
selection,0,10.0,reconstructed_initialization,selection,ConvWeight_2,32,0.9996857591427866,0.9996991394247641,0.9997824641466129,0.0014660207316445615,0
selection,0,10.0,reconstructed_initialization,selection,DenseWeight_0,32,0.9999999922622476,0.9999999927202103,0.9999999941556892,3.0532353634846014e-06,0
selection,0,10.0,best_validation,historical,ConvWeight_0,4,0.9999994294099585,0.9999994897073641,0.9999998689533769,0.0007257004825931712,0
selection,0,10.0,best_validation,historical,ConvWeight_1,4,0.999998116165123,0.9999983693238861,0.999999867806393,0.0004857701018732252,0
selection,0,10.0,best_validation,historical,ConvWeight_2,4,0.9999924879182323,0.999993587535058,0.999999880340314,7.828528637875167e-05,0
selection,0,10.0,best_validation,historical,DenseWeight_0,4,0.9999999947932356,0.9999999949095298,0.9999999960425388,3.6072735453082064e-05,0
selection,0,10.0,best_validation,selection,ConvWeight_0,32,0.9999983627360187,0.9999988409658312,0.9999999538947906,0.0013782719964145031,0
selection,0,10.0,best_validation,selection,ConvWeight_1,32,0.9999897753445032,0.9999959260152358,0.9999999802681008,0.0008622005038693152,0
selection,0,10.0,best_validation,selection,ConvWeight_2,32,0.9999435246106911,0.9999873479675021,0.9999999906028497,0.00013318782045264644,0
selection,0,10.0,best_validation,selection,DenseWeight_0,32,0.9999999875344259,0.9999999877170611,0.9999999955721801,6.261402365471505e-05,0
selection,0,30.0,reconstructed_initialization,historical,ConvWeight_0,4,0.9965720200117608,0.9968173335880962,0.9984304688995729,0.05627067323744355,0
selection,0,30.0,reconstructed_initialization,historical,ConvWeight_1,4,0.9985909206918938,0.9986138142094819,0.9989310366311537,0.00932852296639521,0
selection,0,30.0,reconstructed_initialization,historical,ConvWeight_2,4,0.9992014705747573,0.9992049759835886,0.9992915403707282,0.0021204225382103,0
selection,0,30.0,reconstructed_initialization,historical,DenseWeight_0,4,0.9999997853217776,0.9999997919171116,0.999999838628875,3.0211197609866925e-05,0
selection,0,30.0,reconstructed_initialization,selection,ConvWeight_0,32,0.9802064250126024,0.9928343512992058,0.9994288428312303,0.08623480335979314,1
selection,0,30.0,reconstructed_initialization,selection,ConvWeight_1,32,0.9973940471335097,0.9979661684641844,0.999220944919736,0.02451302469559012,0
selection,0,30.0,reconstructed_initialization,selection,ConvWeight_2,32,0.999058617618067,0.9991473066668598,0.9993510926121479,0.0030048500655373554,0
selection,0,30.0,reconstructed_initialization,selection,DenseWeight_0,32,0.9999997931245425,0.9999998063852242,0.9999998439621383,2.517266143780328e-05,0
selection,0,30.0,best_validation,historical,ConvWeight_0,4,0.9999944972651825,0.9999951465147109,0.9999993660491562,0.00125570403232657,0
selection,0,30.0,best_validation,historical,ConvWeight_1,4,0.9999953495623988,0.9999954702976193,0.9999979342433835,0.0006704676026208512,0
selection,0,30.0,best_validation,historical,ConvWeight_2,4,0.9999756008851499,0.999976928121098,0.9999902539597703,0.0001051919513527077,0
selection,0,30.0,best_validation,historical,DenseWeight_0,4,0.9999999947932346,0.9999999948914575,0.9999999955052119,3.568548024813641e-05,0
selection,0,30.0,best_validation,selection,ConvWeight_0,32,0.9999783805523532,0.9999860852218904,0.9999995301629913,0.0032851983866977064,0
selection,0,30.0,best_validation,selection,ConvWeight_1,32,0.9999673583997875,0.9999842377557754,0.9999991942976656,0.0015667534853315809,0
selection,0,30.0,best_validation,selection,ConvWeight_2,32,0.999908175386079,0.9999193442214894,0.9999970210487463,0.0005929865124836124,0
selection,0,30.0,best_validation,selection,DenseWeight_0,32,0.9999999873268505,0.9999999875084246,0.9999999950957691,6.218151441095271e-05,0
selection,0,50.0,reconstructed_initialization,historical,ConvWeight_0,4,0.9923306485845661,0.9932476824584092,0.9985825580042726,0.05865964238677925,0
selection,0,50.0,reconstructed_initialization,historical,ConvWeight_1,4,0.9975393599917551,0.9976900638460892,0.9985752298164907,0.008567480957288957,0
selection,0,50.0,reconstructed_initialization,historical,ConvWeight_2,4,0.9986978294660244,0.9987017687862048,0.9988138341089838,0.0034727567549534626,0
selection,0,50.0,reconstructed_initialization,historical,DenseWeight_0,4,0.9999990147166373,0.9999990428103506,0.9999992300115478,8.239125669185946e-05,0
selection,0,50.0,reconstructed_initialization,selection,ConvWeight_0,32,0.9782347533759459,0.9885697778168042,0.9988794845987008,0.0976927523512125,2
selection,0,50.0,reconstructed_initialization,selection,ConvWeight_1,32,0.9959778824791552,0.997203511543361,0.9987743422911401,0.028525797825926846,0
selection,0,50.0,reconstructed_initialization,selection,ConvWeight_2,32,0.9984777656111942,0.9986017202636465,0.998932168640704,0.004618719138314986,0
selection,0,50.0,reconstructed_initialization,selection,DenseWeight_0,32,0.9999990240795181,0.9999990974899196,0.999999262343955,7.13211227680698e-05,0
selection,0,50.0,best_validation,historical,ConvWeight_0,4,0.9999917401087539,0.9999927859387756,0.9999993017052193,0.00154811441360313,0
selection,0,50.0,best_validation,historical,ConvWeight_1,4,0.9999930551458354,0.9999934490926241,0.9999976048705659,0.0006866331233026178,0
selection,0,50.0,best_validation,historical,ConvWeight_2,4,0.9999630265322054,0.9999659449984146,0.9999879692459894,0.00010633805974712643,0
selection,0,50.0,best_validation,historical,DenseWeight_0,4,0.9999999947847363,0.9999999948051078,0.9999999951436298,3.625765261505624e-05,0
selection,0,50.0,best_validation,selection,ConvWeight_0,32,0.9999475950707659,0.9999675100638561,0.9999983233511414,0.00502815350903284,0
selection,0,50.0,best_validation,selection,ConvWeight_1,32,0.9999353535556839,0.9999723028045107,0.9999934454038306,0.002446445429831878,0
selection,0,50.0,best_validation,selection,ConvWeight_2,32,0.9997872961499963,0.9998819988859626,0.999974251498901,0.0011771942971473082,0
selection,0,50.0,best_validation,selection,DenseWeight_0,32,0.9999999870744474,0.9999999873055744,0.9999999947295065,6.231139116584461e-05,0
selection,0,75.0,reconstructed_initialization,historical,ConvWeight_0,4,0.9916452533105624,0.9927055589099698,0.9989019402415888,0.07275316724154075,0
selection,0,75.0,reconstructed_initialization,historical,ConvWeight_1,4,0.9967691940822808,0.9969563446628804,0.9980658691839438,0.00989271118200004,0
selection,0,75.0,reconstructed_initialization,historical,ConvWeight_2,4,0.9980565737059459,0.9980686484337479,0.9982441929101403,0.005288127188328293,0
selection,0,75.0,reconstructed_initialization,historical,DenseWeight_0,4,0.9999966828931859,0.9999967743650386,0.9999973230983279,0.00018426172778006122,0
selection,0,75.0,reconstructed_initialization,selection,ConvWeight_0,32,0.977007883625424,0.9813199675639328,0.9983916480148917,0.16080027979995834,5
selection,0,75.0,reconstructed_initialization,selection,ConvWeight_1,32,0.9939679908564166,0.99584867540576,0.998118982466863,0.027945158001276744,0
selection,0,75.0,reconstructed_initialization,selection,ConvWeight_2,32,0.9977842630094901,0.9979258473842838,0.9983886229766836,0.006183190135952902,0
selection,0,75.0,reconstructed_initialization,selection,DenseWeight_0,32,0.9999966323650659,0.9999969409421763,0.9999974755856158,0.00016124667706869723,0
selection,0,75.0,best_validation,historical,ConvWeight_0,4,0.9999922866480246,0.9999932615738941,0.9999990652376556,0.0009062386766980273,0
selection,0,75.0,best_validation,historical,ConvWeight_1,4,0.9999922671124342,0.9999927344588966,0.9999972119791769,0.0006085630330845118,0
selection,0,75.0,best_validation,historical,ConvWeight_2,4,0.9999530476958712,0.9999572616354961,0.9999845671197292,9.060161484361495e-05,0
selection,0,75.0,best_validation,historical,DenseWeight_0,4,0.9999999946222909,0.9999999946434829,0.9999999948551291,3.725798677640475e-05,0
selection,0,75.0,best_validation,selection,ConvWeight_0,32,0.9999116109561006,0.9999473291207588,0.9999962335841179,0.011392181059098514,0
selection,0,75.0,best_validation,selection,ConvWeight_1,32,0.999904574411642,0.9999550241048707,0.9999896085253297,0.005271100930601635,0
selection,0,75.0,best_validation,selection,ConvWeight_2,32,0.999645326900283,0.9997677926078233,0.9999475730321784,0.0014228497633760814,0
selection,0,75.0,best_validation,selection,DenseWeight_0,32,0.9999999843761209,0.9999999856862734,0.9999999945008278,5.5430696294913244e-05,0
confirmation,0,10.0,reconstructed_initialization,historical,ConvWeight_0,4,0.9989407240173004,0.9990340145147754,0.9995719264654623,0.039421251090740975,0
confirmation,0,10.0,reconstructed_initialization,historical,ConvWeight_1,4,0.9995169511895472,0.9995342849918856,0.9996397966926792,0.00908718827601649,0
confirmation,0,10.0,reconstructed_initialization,historical,ConvWeight_2,4,0.9997460465555235,0.9997471135702628,0.9997751157521504,0.0005354183768597172,0
confirmation,0,10.0,reconstructed_initialization,historical,DenseWeight_0,4,0.9999999922235879,0.9999999924306008,0.9999999940158772,3.3878793133751623e-06,0
confirmation,0,10.0,reconstructed_initialization,confirmation,ConvWeight_0,32,0.991247378122254,0.9971515774910499,0.999670962499249,0.08092024618582504,0
confirmation,0,10.0,reconstructed_initialization,confirmation,ConvWeight_1,32,0.9992102970727045,0.9994487920369635,0.9997013601100745,0.011598916111797896,0
confirmation,0,10.0,reconstructed_initialization,confirmation,ConvWeight_2,32,0.9996727976401631,0.9996945339132615,0.9997607729067928,0.0014918388760597485,0
confirmation,0,10.0,reconstructed_initialization,confirmation,DenseWeight_0,32,0.9999999908868196,0.9999999914457964,0.9999999938643929,3.410019001753758e-06,0
confirmation,0,10.0,best_validation,historical,ConvWeight_0,4,0.9999994294099585,0.9999994897073641,0.9999998689533769,0.0007257004825931712,0
confirmation,0,10.0,best_validation,historical,ConvWeight_1,4,0.999998116165123,0.9999983693238861,0.999999867806393,0.0004857701018732252,0
confirmation,0,10.0,best_validation,historical,ConvWeight_2,4,0.9999924879182323,0.999993587535058,0.999999880340314,7.828528637875167e-05,0
confirmation,0,10.0,best_validation,historical,DenseWeight_0,4,0.9999999947932356,0.9999999949095298,0.9999999960425388,3.6072735453082064e-05,0
confirmation,0,10.0,best_validation,confirmation,ConvWeight_0,32,0.9999549082065573,0.9999767857198872,0.9999999728276057,0.0007911795433514997,0
confirmation,0,10.0,best_validation,confirmation,ConvWeight_1,32,0.9999370121112762,0.9999837509554086,0.9999999817667238,0.0016422356606708634,0
confirmation,0,10.0,best_validation,confirmation,ConvWeight_2,32,0.9998865780697,0.9999342807075309,0.9999999934409349,0.0005810725648624719,0
confirmation,0,10.0,best_validation,confirmation,DenseWeight_0,32,0.9999999890945236,0.9999999903891937,0.9999999956533759,5.089664193903481e-05,0
confirmation,1,10.0,reconstructed_initialization,historical,ConvWeight_0,4,0.9988113464705263,0.9989225785318374,0.999666663407097,0.05051422316010004,0
confirmation,1,10.0,reconstructed_initialization,historical,ConvWeight_1,4,0.9992046041914715,0.9992352104482678,0.999492863385919,0.007450672402799043,0
confirmation,1,10.0,reconstructed_initialization,historical,ConvWeight_2,4,0.9994653206472878,0.9994762830927277,0.9995561245285254,0.0020048488319849623,0
confirmation,1,10.0,reconstructed_initialization,historical,DenseWeight_0,4,0.999999964577463,0.9999999647385194,0.9999999708179608,5.687575206138164e-06,0
confirmation,1,10.0,reconstructed_initialization,confirmation,ConvWeight_0,32,0.9687726241114932,0.9949425885226151,0.999327610673497,0.10120775854552053,2
confirmation,1,10.0,reconstructed_initialization,confirmation,ConvWeight_1,32,0.9982049926273078,0.998560570314151,0.9993010944949936,0.02915963027734008,0
confirmation,1,10.0,reconstructed_initialization,confirmation,ConvWeight_2,32,0.9992989627239866,0.9993706871354537,0.9994996846896962,0.002954162882478714,0
confirmation,1,10.0,reconstructed_initialization,confirmation,DenseWeight_0,32,0.9999999535730584,0.9999999578065218,0.9999999695259227,9.186437003415867e-06,0
confirmation,1,10.0,best_validation,historical,ConvWeight_0,4,0.9999918457620258,0.9999930308365153,0.9999997824279677,0.0008238991622732157,0
confirmation,1,10.0,best_validation,historical,ConvWeight_1,4,0.9999931224991013,0.9999934431717703,0.999997000134573,0.0010597436372481847,0
confirmation,1,10.0,best_validation,historical,ConvWeight_2,4,0.9999805450460261,0.9999828916766583,0.9999978995440946,8.234303231453957e-05,0
confirmation,1,10.0,best_validation,historical,DenseWeight_0,4,0.9999999738296317,0.9999999756494562,0.9999999865209164,2.41131580341302e-05,0
confirmation,1,10.0,best_validation,confirmation,ConvWeight_0,32,0.9998431654240791,0.999979714728425,0.9999998295902688,0.01608565950921262,0
confirmation,1,10.0,best_validation,confirmation,ConvWeight_1,32,0.9996878015079916,0.9999832451401728,0.9999998756656756,0.015271823293335368,0
confirmation,1,10.0,best_validation,confirmation,ConvWeight_2,32,0.9981263619858503,0.9999217039794294,0.9999995018190908,0.00817821782379259,0
confirmation,1,10.0,best_validation,confirmation,DenseWeight_0,32,0.9999999172750512,0.9999999755129596,0.9999999909014062,0.00025814537617000697,0
confirmation,2,10.0,reconstructed_initialization,historical,ConvWeight_0,4,0.999859298865549,0.9998726851437653,0.9999665863235272,0.025949460619325758,0
confirmation,2,10.0,reconstructed_initialization,historical,ConvWeight_1,4,0.9997023046700396,0.9997040228516684,0.9997517677614456,0.010157376214958535,0
confirmation,2,10.0,reconstructed_initialization,historical,ConvWeight_2,4,0.9997179243555587,0.999721700224845,0.9997563111662,0.0010012015236795446,0
confirmation,2,10.0,reconstructed_initialization,historical,DenseWeight_0,4,0.9999999935495574,0.9999999936653237,0.999999994887689,2.6900945801078257e-06,0
confirmation,2,10.0,reconstructed_initialization,confirmation,ConvWeight_0,32,0.9926552019011903,0.9983070770259694,0.9999460280420567,0.072714430620934,0
confirmation,2,10.0,reconstructed_initialization,confirmation,ConvWeight_1,32,0.999117851482394,0.9993096785072825,0.9997510963370324,0.024307908902092293,0
confirmation,2,10.0,reconstructed_initialization,confirmation,ConvWeight_2,32,0.9996612614294893,0.9996747994707027,0.9997589825937003,0.0015655623550092878,0
confirmation,2,10.0,reconstructed_initialization,confirmation,DenseWeight_0,32,0.9999999922717756,0.9999999933300324,0.9999999952317739,2.7605302233295773e-06,0
confirmation,2,10.0,best_validation,historical,ConvWeight_0,4,0.999960557248799,0.999965367582408,0.9999948044490261,0.0042094534440627425,0
confirmation,2,10.0,best_validation,historical,ConvWeight_1,4,0.9999860062117903,0.9999873573456559,0.9999960336625291,0.0019865129951171785,0
confirmation,2,10.0,best_validation,historical,ConvWeight_2,4,0.9999761403792601,0.9999795587109386,0.9999990059883821,0.000605370113211017,0
confirmation,2,10.0,best_validation,historical,DenseWeight_0,4,0.9999990700072071,0.9999990945310898,0.9999992853463198,0.0002817523095935134,0
confirmation,2,10.0,best_validation,confirmation,ConvWeight_0,32,0.9999677118757011,0.9999878580003829,0.9999969624223193,0.011605205654358255,0
confirmation,2,10.0,best_validation,confirmation,ConvWeight_1,32,0.9997109835824491,0.9999935278387588,0.9999979897747847,0.004318729297755951,0
confirmation,2,10.0,best_validation,confirmation,ConvWeight_2,32,0.9997914535998357,0.9999929939384037,0.9999991230926949,0.0009386171074587088,0
confirmation,2,10.0,best_validation,confirmation,DenseWeight_0,32,0.9999983475123913,0.9999985894667835,0.9999993981209374,0.00040149563594071353,0
