architecture,scheme,checkpoint_role,T,K,injected_beta,batch_count,layer_batch_comparison_count,minimum_cosine,maximum_symmetric_norm_delta,gradient_fidelity_passed,all_endpoint_residual_gates_passed,worst_pooled_drift_to_response,worst_pooled_layer,worst_pooled_phase,worst_batch_drift_to_response,maximum_controlled_rms_relative_change_from_largest_T,source_case_summary,source_result_sha256
conv2,legacy,reconstructed_initialization,6,6,0.03,36,108,0.99988306225001,0.005051517145770865,True,True,2.7826381725383684,Layer_1,negative,3.2681134059911336,6.625668418358543e-07,results/eqprop-phase-displacement-t-sweep-20260916-v1/runs/conv2_legacy_seed0_T6_v2/artifacts/case_summary.csv,592cb765bee1dde3f8f478f684935fe751193261291d37c2ebc70b53e3966112
conv2,legacy,reconstructed_initialization,8,6,0.03,36,108,0.9998824152038532,0.005068088228737923,True,True,0.08379065772908406,Layer_1,negative,0.09966198200294217,1.6976616334929417e-08,results/eqprop-phase-displacement-t-sweep-20260916-v1/runs/conv2_legacy_seed0_T8_v2/artifacts/case_summary.csv,eba35b0cb915a5ed168ee3006d3e674a5cab4f3e07471a543e8f4ec600975ba1
conv2,legacy,reconstructed_initialization,10,6,0.03,36,108,0.9998823986187951,0.005068539791177013,True,True,0.002698613187091787,Layer_1,negative,0.0033177914596768856,4.213305260236666e-10,results/eqprop-phase-displacement-t-sweep-20260916-v1/runs/conv2_legacy_seed0_T10_v2/artifacts/case_summary.csv,612925e9464ca60820b8042818f95f687d600e78b499397a20a201f23e1357d5
conv2,legacy,reconstructed_initialization,12,6,0.03,36,108,0.9998823981821523,0.0050685516430209205,True,True,9.067240983037111e-05,Layer_1,negative,0.00011355439554862694,9.837242131993662e-12,results/eqprop-phase-displacement-t-sweep-20260916-v1/runs/conv2_legacy_seed0_T12_v2/artifacts/case_summary.csv,8b960b28e2269b0eba88b1071c9c89f59105c78d688bebf6edf88f315bfd90b2
conv2,legacy,reconstructed_initialization,16,6,0.03,36,108,0.9998823981745035,0.005068552515060964,True,True,1.0923777974655149e-07,Layer_1,negative,1.4471798086028972e-07,0.0,results/eqprop-phase-displacement-t-sweep-20260916-v1/runs/conv2_legacy_seed0_T16_v2/artifacts/case_summary.csv,02fef7890002360cc35e77297cd9bfd65b17405b75ba4f61c83a04f802832b6b
conv3,baseline,best_validation,8,8,10.0,36,144,0.9999435246106911,0.0013782719964145031,True,False,224.45603622042168,Layer_1,positive,377.46565172293015,9.151049993105786e-06,results/eqprop-phase-displacement-t-sweep-20260916-v1/runs/conv3_baseline_seed0_T8/artifacts/case_summary.csv,dc7db15705d7317959236440a39c521e2634b69f3327c9c56d33d44bbd0d4115
conv3,baseline,best_validation,10,8,10.0,36,144,0.9999435209280308,0.001281990178494653,True,False,15.106704836345592,Layer_1,positive,26.297265969108235,5.331271955011374e-07,results/eqprop-phase-displacement-t-sweep-20260916-v1/runs/conv3_baseline_seed0_T10/artifacts/case_summary.csv,6cc5691a19e3b0713efffb50c54b9d55758a7c94a9a8ecb8dd79a437969c1d53
conv3,baseline,best_validation,12,8,10.0,36,144,0.9999435207186951,0.0012762122167475128,True,True,1.0672569291006342,Layer_1,positive,1.971670235551963,3.290289463109275e-08,results/eqprop-phase-displacement-t-sweep-20260916-v1/runs/conv3_baseline_seed0_T12/artifacts/case_summary.csv,f97156d0d548a014e095541525df82d506faa569e4f31f17e3b2df1270b37c93
conv3,baseline,best_validation,16,8,10.0,36,144,0.9999435207066378,0.0012758185045922432,True,True,0.005871191844241238,Layer_1,positive,0.012995354744957582,1.464486309998847e-10,results/eqprop-phase-displacement-t-sweep-20260916-v1/runs/conv3_baseline_seed0_T16/artifacts/case_summary.csv,fcea3f08af12802947efc3888642785d4bb29cf9a1a8e06c133d950cffadfd99
conv3,baseline,best_validation,24,8,10.0,36,144,0.9999435207065819,0.001275814672847458,True,True,2.4511709904628074e-07,Layer_1,positive,8.320972700886078e-07,0.0,results/eqprop-phase-displacement-t-sweep-20260916-v1/runs/conv3_baseline_seed0_T24/artifacts/case_summary.csv,b462d64702ebe05a2adc8002bf327fe0c33b8e23ef6940887b0c2c5a8c99bd99
conv3,baseline,reconstructed_initialization,8,8,10.0,36,144,0.9948864048327192,0.0570058539965755,True,True,0.31731155327794947,Layer_1,positive,0.4236571370413316,3.5394998043614123e-10,results/eqprop-phase-displacement-t-sweep-20260916-v1/runs/conv3_baseline_seed0_T8/artifacts/case_summary.csv,dc7db15705d7317959236440a39c521e2634b69f3327c9c56d33d44bbd0d4115
conv3,baseline,reconstructed_initialization,10,8,10.0,36,144,0.9948864091934307,0.05700586475471255,True,True,0.013579660237011622,Layer_1,positive,0.01820107938391555,1.2590373188459125e-11,results/eqprop-phase-displacement-t-sweep-20260916-v1/runs/conv3_baseline_seed0_T10/artifacts/case_summary.csv,6cc5691a19e3b0713efffb50c54b9d55758a7c94a9a8ecb8dd79a437969c1d53
conv3,baseline,reconstructed_initialization,12,8,10.0,36,144,0.9948864084998758,0.057005863626910305,True,True,0.0005843009214238289,Layer_1,positive,0.0007848125922842559,8.406608742461685e-13,results/eqprop-phase-displacement-t-sweep-20260916-v1/runs/conv3_baseline_seed0_T12/artifacts/case_summary.csv,f97156d0d548a014e095541525df82d506faa569e4f31f17e3b2df1270b37c93
conv3,baseline,reconstructed_initialization,16,8,10.0,36,144,0.9948864084725779,0.0570058654216149,True,True,1.0899648191761806e-06,Layer_1,positive,1.4673346839164492e-06,4.773959005888173e-15,results/eqprop-phase-displacement-t-sweep-20260916-v1/runs/conv3_baseline_seed0_T16/artifacts/case_summary.csv,fcea3f08af12802947efc3888642785d4bb29cf9a1a8e06c133d950cffadfd99
conv3,baseline,reconstructed_initialization,24,8,10.0,36,144,0.9948864084725779,0.0570058654216149,True,True,7.28998343301846e-11,Layer_1,positive,1.3114975447999627e-10,0.0,results/eqprop-phase-displacement-t-sweep-20260916-v1/runs/conv3_baseline_seed0_T24/artifacts/case_summary.csv,b462d64702ebe05a2adc8002bf327fe0c33b8e23ef6940887b0c2c5a8c99bd99
conv3,legacy,best_validation,8,8,0.001,36,144,0.999990491048787,0.0006376981663916755,True,True,1.0233878183992058,Layer_1,positive,3.0338167898278177,6.251494877318464e-10,results/eqprop-phase-displacement-t-sweep-20260916-v1/runs/conv3_legacy_seed0_T8/artifacts/case_summary.csv,922b1827799797f89dc3b01e444c0113fa2de17f9a16becab0d7b6215778d885
conv3,legacy,best_validation,10,8,0.001,36,144,0.9999904910485048,0.0006376981663917954,True,True,0.007485457381364068,Layer_1,positive,0.02792778844021247,2.265454490668617e-11,results/eqprop-phase-displacement-t-sweep-20260916-v1/runs/conv3_legacy_seed0_T10/artifacts/case_summary.csv,61172799fa2ff9f363f006ea3fd9215183a22b19cbd5bccdf264b143a0f11d1c
conv3,legacy,best_validation,12,8,0.001,36,144,0.9999904910485288,0.0006376981663917954,True,True,6.205172224496798e-05,Layer_1,positive,0.0002599566094475044,2.3447910280083306e-13,results/eqprop-phase-displacement-t-sweep-20260916-v1/runs/conv3_legacy_seed0_T12/artifacts/case_summary.csv,403bf873bca4e747f9e0767c3a8d493092341bcc10a7e6702f5903623132dfb6
conv3,legacy,best_validation,16,8,0.001,36,144,0.9999904910485287,0.0006376981663917954,True,True,6.95446831231827e-08,Layer_1,positive,2.366598890022442e-07,2.220446049250313e-16,results/eqprop-phase-displacement-t-sweep-20260916-v1/runs/conv3_legacy_seed0_T16/artifacts/case_summary.csv,cf3516163770d39001aa5e5443e91e340dac0245ea6316f0c3bff513b4cbb12d
conv3,legacy,best_validation,24,8,0.001,36,144,0.9999904910485287,0.0006376981663917954,True,True,0.0,Layer_1,positive,0.0,0.0,results/eqprop-phase-displacement-t-sweep-20260916-v1/runs/conv3_legacy_seed0_T24/artifacts/case_summary.csv,6313580917d175d573aa00a58cc29236c60cb9e6889f8eac469aa83b37fdc1ec
conv3,legacy,reconstructed_initialization,8,8,0.001,36,144,0.9999609247113058,0.003262728988660905,True,True,49.67813535110805,Layer_1,positive,66.1254403095373,1.8800498269300192e-08,results/eqprop-phase-displacement-t-sweep-20260916-v1/runs/conv3_legacy_seed0_T8/artifacts/case_summary.csv,922b1827799797f89dc3b01e444c0113fa2de17f9a16becab0d7b6215778d885
conv3,legacy,reconstructed_initialization,10,8,0.001,36,144,0.9999610053445029,0.00325956207448605,True,True,2.1260247363809506,Layer_1,positive,2.8408690232026372,5.984590600860429e-10,results/eqprop-phase-displacement-t-sweep-20260916-v1/runs/conv3_legacy_seed0_T10/artifacts/case_summary.csv,61172799fa2ff9f363f006ea3fd9215183a22b19cbd5bccdf264b143a0f11d1c
conv3,legacy,reconstructed_initialization,12,8,0.001,36,144,0.9999609968146852,0.0032624901748408495,True,True,0.09147785670794759,Layer_1,positive,0.12249547076254241,1.9824508701304921e-10,results/eqprop-phase-displacement-t-sweep-20260916-v1/runs/conv3_legacy_seed0_T12/artifacts/case_summary.csv,403bf873bca4e747f9e0767c3a8d493092341bcc10a7e6702f5903623132dfb6
conv3,legacy,reconstructed_initialization,16,8,0.001,36,144,0.9999609999372058,0.003263364125066635,True,True,0.00017064434073241457,Layer_1,positive,0.0002290251893882839,7.50566275797837e-12,results/eqprop-phase-displacement-t-sweep-20260916-v1/runs/conv3_legacy_seed0_T16/artifacts/case_summary.csv,cf3516163770d39001aa5e5443e91e340dac0245ea6316f0c3bff513b4cbb12d
conv3,legacy,reconstructed_initialization,24,8,0.001,36,144,0.9999609999372058,0.00326336412506645,True,True,1.1413161186395289e-08,Layer_1,positive,2.039910790918058e-08,0.0,results/eqprop-phase-displacement-t-sweep-20260916-v1/runs/conv3_legacy_seed0_T24/artifacts/case_summary.csv,6313580917d175d573aa00a58cc29236c60cb9e6889f8eac469aa83b37fdc1ec
