architecture,scheme,layer_index,state_layer,kind,element_count,sum_squared_delta,pooled_rms,signed_mean,mean_absolute_delta,batch_rms_n_defined,batch_rms_mean,batch_rms_median,batch_rms_p10,batch_rms_p90,batch_rms_std,rms_over_output_rms
conv1,baseline,0,H1,centered_halfspan,7225344,181.6953546626842,0.005014673335928099,5.571888743568098e-07,0.0019031650998308548,36,0.004972892514102475,0.0050138341372620646,0.0042496838519318,0.005833711810576897,0.0006551421554150352,0.02237599231356537
conv1,baseline,0,H1,negative_minus_free,7225344,183.54063078897505,0.005040073218349459,3.888753440955028e-06,0.001903233500636762,36,0.00499733933515566,0.005037556190997404,0.004257951366931739,0.005881083160719131,0.0006642235889186824,0.022489367400931347
conv1,baseline,0,H1,negative_minus_matched_zero,7225344,183.54069188797797,0.005040074057246605,4.021324228996879e-06,0.0019032326428495372,36,0.004997340163498275,0.005037558793927066,0.00425795009413808,0.005881082810635754,0.0006642237261091749,0.022489371110038073
conv1,baseline,0,H1,positive_minus_free,7225344,183.41090799988342,0.005038291792845839,5.003131189668649e-06,0.0019030968101133214,36,0.004995772455546732,0.0050407882234969085,0.004264706411752693,0.0058538098897390235,0.0006624436028027222,0.02248134107154208
conv1,baseline,0,H1,positive_minus_matched_zero,7225344,183.4109715719107,0.005038292666006544,5.1357019777104985e-06,0.0019030976795706605,36,0.004995773328317128,0.005040787807159503,0.00426470808137973,0.0058538130036048155,0.0006624436634759241,0.02248134499653814
conv1,baseline,0,H1,zero_nudge_drift,7225344,1.3107618102276704e-06,4.25924503050503e-07,-1.3257078804185044e-07,1.6190816493763112e-07,36,4.0581384622826223e-07,4.017153217968897e-07,2.5291613487553436e-07,5.539331171809646e-07,1.3116673819409302e-07,0.8813723881658806
conv1,baseline,1,Output,centered_halfspan,11520,578.5929878235755,0.22410953961974547,-0.0001894947602878987,0.14576402200568903,36,0.22213971856237677,0.22147683379339056,0.18698443150600438,0.25536342709846754,0.030069026627641243,1.0
conv1,baseline,1,Output,negative_minus_free,11520,578.5910233473553,0.22410915916384272,0.00020032686068629135,0.14576401245899068,36,0.22213935863946496,0.221474049176529,0.18698338690028904,0.25536284069899384,0.030068844966834245,1.0
conv1,baseline,1,Output,negative_minus_matched_zero,11520,578.5910251043076,0.2241091595041082,0.0002005802327682979,0.14576401229279215,36,0.2221393590009081,0.22147404798650128,0.18698338615466584,0.2553628405970627,0.03006884482883803,1.0
conv1,baseline,1,Output,positive_minus_free,11520,578.5950079105276,0.22410993084498598,-0.00017866265988950565,0.14576403236869373,36,0.22214008833099064,0.22147962986467779,0.18698548053718633,0.25536402898252425,0.030069216031961367,1.0
conv1,baseline,1,Output,positive_minus_matched_zero,11520,578.5950064245295,0.2241099305571967,-0.00017840928780749898,0.1457640326254096,36,0.2221400880226059,0.22147963113605199,0.18698548131575432,0.25536402919040907,0.030069216169068214,1.0
conv1,baseline,1,Output,zero_nudge_drift,11520,2.6902884578846775e-09,4.832514709665955e-07,-2.5337208200652727e-07,3.0683793220262566e-07,36,4.5772603771773573e-07,4.4872842838332443e-07,2.829833788603973e-07,6.410575835823691e-07,1.5717859806307778e-07,1.0
conv1,legacy,0,H1,centered_halfspan,7225344,2.477509850340516,0.0005855694765366062,4.968663422649299e-07,0.00031085064907944107,36,0.0005815287922493465,0.0005601827345963022,0.0005040943328324281,0.0006706501897376449,6.964635625980386e-05,0.003636416036752688
conv1,legacy,0,H1,negative_minus_free,7225344,2.478871673333804,0.0005857303906141047,-1.1610315166181355e-07,0.0003108608788666685,36,0.0005816877971546863,0.0005603647377904204,0.0005043248653999574,0.0006708360509778409,6.967235497877376e-05,0.003637416628728938
conv1,legacy,0,H1,negative_minus_matched_zero,7225344,2.4788694653153684,0.0005857301297486871,-6.333370440632078e-08,0.0003108609132500368,36,0.0005816875319554938,0.0005603649302276003,0.000504324342497196,0.0006708363347645895,6.967237662616657e-05,0.0036374150323679995
conv1,legacy,0,H1,positive_minus_free,7225344,2.4790219077840607,0.0005857481397277308,8.776295328680463e-07,0.0003108404304507684,36,0.000581702166149329,0.0005603124309435093,0.0005041381150272764,0.0006708899372655454,6.970243514916314e-05,0.0036375242356624297
conv1,legacy,0,H1,positive_minus_matched_zero,7225344,2.4790244733904934,0.0005857484428309025,9.303989801235388e-07,0.000310840385392877,36,0.0005817024730294446,0.000560312301239708,0.0005041386636580349,0.0006708898148118428,6.970242082477483e-05,0.003637526094207369
conv1,legacy,0,H1,zero_nudge_drift,7225344,5.7800254640447656e-08,8.944078689924052e-08,-5.276944725549258e-08,5.348466517429914e-08,36,8.703458706834407e-08,8.832722515452143e-08,6.249447434942912e-08,1.0919370516472933e-07,2.089898188903322e-08,0.27188031442736377
conv1,legacy,1,Output,centered_halfspan,11520,298.71856304996476,0.16102928559833282,0.0004927907377888589,0.10938459268577887,36,0.15987848623233658,0.1584176725828209,0.13766139040384334,0.1826378238455359,0.019489789688212383,1.0
conv1,legacy,1,Output,negative_minus_free,11520,298.7183483086255,0.16102922771834988,-0.0004913093633703374,0.10938460623282249,36,0.1598784333183458,0.1584176308299507,0.13766134421068266,0.18263763957255275,0.01948974427203021,1.0
conv1,legacy,1,Output,negative_minus_matched_zero,11520,298.71834442793613,0.16102922667237396,-0.0004910691737872691,0.10938460589520083,36,0.159878432257451,0.15841763074734233,0.1376613421264297,0.18263763900978353,0.019489744334383878,1.0
conv1,legacy,1,Output,positive_minus_free,11520,298.718777967372,0.16102934352575116,0.0004942721122073801,0.10938457913873524,36,0.15987853919257736,0.15841771437517907,0.1376614366399731,0.1826380081947237,0.019489835117200132,1.0
conv1,legacy,1,Output,positive_minus_matched_zero,11520,298.71878186656147,0.16102934457671272,0.0004945123017904483,0.10938457947635692,36,0.15987854025844278,0.1584177144621979,0.13766143872803993,0.18263800876199227,0.019489835055276933,1.0
conv1,legacy,1,Output,zero_nudge_drift,11520,1.2467178426862733e-09,3.289711764811709e-07,-2.4018958306847023e-07,2.43298654041155e-07,36,3.189827242475e-07,3.27207493730063e-07,2.2323368332676754e-07,4.039824364357637e-07,8.159027202759015e-08,1.0
conv1,ours,0,H1,centered_halfspan,7225344,62.031595331921224,0.002930064703889816,5.429267499442356e-06,0.0015862856370437352,36,0.0029094155743904703,0.0028562688751438397,0.0025315055079852943,0.0033834217335895465,0.00035217230527533235,0.015841455846700894
conv1,ours,0,H1,negative_minus_free,7225344,62.10778183526374,0.0029318634879018737,-1.3550406160038183e-05,0.0015861044552060854,36,0.002911216382582982,0.0028584247073992824,0.002534246343155461,0.0033840282039188626,0.00035226356516569236,0.015851334903785663
conv1,ours,0,H1,negative_minus_matched_zero,7225344,62.103968425900476,0.002931773478510376,-3.3169027153990992e-06,0.001586069418580187,36,0.00291112445193376,0.002858378094217221,0.0025341195486062538,0.0033839027005057734,0.0003522744695914194,0.015850861247633376
conv1,ours,0,H1,positive_minus_free,7225344,62.194033925105046,0.0029338985921186504,-2.69187116115347e-06,0.0015865656355650952,36,0.0029131174893040354,0.002859594661004024,0.0025331303281130183,0.0033908885414461734,0.0003535238090378927,0.015862028099397116
conv1,ours,0,H1,positive_minus_matched_zero,7225344,62.19398164308812,0.0029338973589604325,7.541632283485612e-06,0.0015865019529348132,36,0.0029131158753752722,0.0028595693080057053,0.0025331638801951543,0.0033908792946361777,0.00035352696174635053,0.015862009890602588
conv1,ours,0,H1,zero_nudge_drift,7225344,0.0021881138381964387,1.740226156277133e-05,-1.0233503444639084e-05,1.085911378440425e-05,36,1.7002630298543468e-05,1.662266742747426e-05,1.2596205698435738e-05,2.3518518546831323e-05,3.760599251205162e-06,0.27408745321756833
conv1,ours,1,Output,centered_halfspan,11520,394.10933190321583,0.18496183256414683,0.00036984473100587587,0.1255138325449817,36,0.18363274049621975,0.18190800887882524,0.15805692886110423,0.21072298615930063,0.022447564576826742,1.0
conv1,ours,1,Output,negative_minus_free,11520,394.10167946103894,0.18496003684848508,-0.00040518945630458366,0.12551354677429785,36,0.1836310356307881,0.18190846667908175,0.15805646471479384,0.21072640033253842,0.02244669077083936,1.0
conv1,ours,1,Output,negative_minus_matched_zero,11520,394.10103370561126,0.18495988531526047,-0.0003599655462016394,0.1255134025211053,36,0.1836308814110828,0.18190827013915734,0.1580562126510289,0.21072634706793253,0.022446704148037913,1.0
conv1,ours,1,Output,positive_minus_free,11520,394.11707119234626,0.18496364864151024,0.0003345000057071682,0.12551414403766886,36,0.18363446614761847,0.1819075654762869,0.1580574293019789,0.21071958865443513,0.022448436033676383,1.0
conv1,ours,1,Output,positive_minus_matched_zero,11520,394.11764473984346,0.18496378322766105,0.0003797239158101126,0.12551426256885811,36,0.1836346028075539,0.18190774908640547,0.15805764753022006,0.21071963217278816,0.022448426781428166,1.0
conv1,ours,1,Output,zero_nudge_drift,11520,4.6439287947085955e-05,6.349163873968927e-05,-4.522391010294404e-05,4.791007582090028e-05,36,6.183703771839485e-05,6.0844800094434406e-05,4.5514197020862907e-05,8.692933015115337e-05,1.4604580903989287e-05,1.0
conv2,baseline,0,H1,centered_halfspan,7225344,0.040331622920011835,7.471255433271155e-05,5.213330025902044e-08,1.6520326331871415e-05,36,7.352771267006592e-05,7.24916935885097e-05,5.9593686262317525e-05,8.647350811747469e-05,1.3440965950999772e-05,0.0008393080860166163
conv2,baseline,0,H1,negative_minus_free,7225344,0.04032546316622981,7.470684877862185e-05,-3.046862008634527e-08,1.6521638379587934e-05,36,7.352384674018888e-05,7.253960302590856e-05,5.9580237888358706e-05,8.657615649588585e-05,1.3430093860383845e-05,0.0008392496137505953
conv2,baseline,0,H1,negative_minus_matched_zero,7225344,0.040326743624621464,7.470803485615905e-05,-3.466823935023312e-08,1.652173091044602e-05,36,7.35249934231729e-05,7.253964235553278e-05,5.9580182481596866e-05,8.657668854892745e-05,1.3430423151393838e-05,0.0008392628564226494
conv2,baseline,0,H1,positive_minus_free,7225344,0.04044432663596823,7.481687084125479e-05,7.37979804316956e-08,1.6523859010634266e-05,36,7.362478738076883e-05,7.296079908540098e-05,5.962491945536467e-05,8.647400076252975e-05,1.349113406446623e-05,0.0008404742751788052
conv2,baseline,0,H1,positive_minus_matched_zero,7225344,0.040443016789427105,7.481565930652163e-05,6.959836116780777e-08,1.6523756191162013e-05,36,7.36236135359974e-05,7.296061389029207e-05,5.962494784537586e-05,8.647217596209974e-05,1.3490812392543551e-05,0.0008404607468211422
conv2,baseline,0,H1,zero_nudge_drift,7225344,4.4204751444541e-09,2.473461825975441e-08,4.199619263887837e-09,5.95958923167415e-09,36,2.4511062281873232e-08,2.4255898371772627e-08,2.1073150098585994e-08,2.8720861824152905e-08,3.3650726407641437e-09,0.13084846830476973
conv2,baseline,1,H2,centered_halfspan,3612672,8.645953455711298,0.0015470066482121357,1.1029418456739888e-07,0.0002957697567429592,36,0.0015213750840258435,0.0014940880423989808,0.0012450552877305613,0.0018530197642474449,0.00028441957133003,0.017378808696377562
conv2,baseline,1,H2,negative_minus_free,3612672,8.654584757802139,0.0015477786481387166,-1.0186918078488811e-07,0.00029576346522106615,36,0.0015222006544678172,0.0014949742979046242,0.0012443467761252256,0.0018542044498343914,0.0002841961496766931,0.017387597708358318
conv2,baseline,1,H2,negative_minus_matched_zero,3612672,8.654593756070849,0.0015477794527599057,-1.0383812514405783e-07,0.0002957635269893752,36,0.001522201475824901,0.0014949742388356616,0.0012443471423868322,0.00185420528827209,0.00028419613196125596,0.017387605056626284
conv2,baseline,1,H2,positive_minus_free,3612672,8.667732056553167,0.0015489538279173322,1.1871918834991082e-07,0.00029577609784108493,36,0.0015231549968074474,0.0014991524825585698,0.00124583102136666,0.0018553736579015939,0.00028551934645130946,0.017400565289164685
conv2,baseline,1,H2,positive_minus_matched_zero,3612672,8.667723055401195,0.001548953023648561,1.1675024399074039e-07,0.000295776035832959,36,0.0015231541740936417,0.001499152530984291,0.0012458312712187755,0.0018553728207070374,0.0002855193729129365,0.017400557946203328
conv2,baseline,1,H2,zero_nudge_drift,3612672,7.0545019542921e-10,1.397394123291707e-08,1.9689443591701224e-09,3.403456235460516e-09,36,1.3779571826337372e-08,1.3727146483363944e-08,1.0771696040559482e-08,1.6387581876238415e-08,2.355538270895396e-09,0.07392346982298724
conv2,baseline,2,Output,centered_halfspan,11520,91.28445647886015,0.08901684086864906,-3.228215691937305e-05,0.052383489741837146,36,0.08769176087640046,0.08522171911369901,0.07180760943540335,0.10481646597163302,0.015519121085846913,1.0
conv2,baseline,2,Output,negative_minus_free,11520,91.28323327502977,0.08901624445766253,3.1864233753784157e-05,0.052383464599364486,36,0.08769134749776032,0.08521825135070027,0.07180801233395945,0.10481256692842514,0.015518004887817604,1.0
conv2,baseline,2,Output,negative_minus_matched_zero,11520,91.28325102778346,0.08901625311359708,3.180851816888872e-05,0.052383469511386206,36,0.08769135676428211,0.08521825586244083,0.07180800821217027,0.1048125845535043,0.015518002098983102,1.0
conv2,baseline,2,Output,positive_minus_free,11520,91.2856913195691,0.08901744294950373,-3.270008008496185e-05,0.05238351488430979,36,0.08769217933432107,0.08522518959486144,0.07180720676047897,0.10482036767816857,0.015520241146097142,1.0
conv2,baseline,2,Output,positive_minus_matched_zero,11520,91.28567356669166,0.08901743429362453,-3.275579566985758e-05,0.052383509972288064,36,0.08769217006725705,0.08522518508333642,0.07180721088174202,0.10482035005502104,0.015520243937829846,1.0
conv2,baseline,2,Output,zero_nudge_drift,11520,4.116476276163571e-10,1.8903253954905313e-07,5.5715584895733206e-08,1.1828274609381562e-07,36,1.8196133230494998e-07,1.7515876481878673e-07,1.2158367077041978e-07,2.510465793729058e-07,5.1945433994361076e-08,1.0
conv2,legacy,0,H1,centered_halfspan,7225344,4.1515854836997287e-07,2.397053504411688e-07,-4.977278236347987e-09,7.958594576014827e-08,36,2.349165238190464e-07,2.275999178123325e-07,1.8732505288604916e-07,2.885297891898898e-07,4.8351022210604175e-08,8.190718742291835e-06
conv2,legacy,0,H1,negative_minus_free,7225344,4.1662203706321556e-07,2.4012747526040357e-07,6.4444996338016274e-09,7.984536362710078e-08,36,2.3536122935981017e-07,2.2781967797603273e-07,1.87868479638602e-07,2.886242261623923e-07,4.828092176013326e-08,8.205141892738041e-06
conv2,legacy,0,H1,negative_minus_matched_zero,7225344,4.151927397860611e-07,2.3971522100347194e-07,4.9749975060382166e-09,7.958781089697792e-08,36,2.3492589319932314e-07,2.2759991781274676e-07,1.8732514132575508e-07,2.8852978919077107e-07,4.8354532323770524e-08,8.191056020746337e-06
conv2,legacy,0,H1,positive_minus_free,7225344,4.142906730658987e-07,2.394546712840688e-07,-3.5100568388943467e-09,7.945120485005112e-08,36,2.3465656590854005e-07,2.2752944857521842e-07,1.8692408877775236e-07,2.886089654397903e-07,4.837179943721853e-08,8.18215387786859e-06
conv2,legacy,0,H1,positive_minus_matched_zero,7225344,4.1513416827685835e-07,2.3969831201622637e-07,-4.979558966657758e-09,7.95849733092905e-08,36,2.3490991423592386e-07,2.2759991781191826e-07,1.8732497217338695e-07,2.8852978918900845e-07,4.834816207928514e-08,8.190478237814878e-06
conv2,legacy,0,H1,zero_nudge_drift,7225344,2.9285712624398227e-10,6.366469074689185e-09,1.4695021277634117e-09,1.941388812976402e-09,36,6.147586397374441e-09,6.089495516805266e-09,4.248229832359423e-09,7.698565388015796e-09,1.678502383235543e-09,0.0261349705487514
conv2,legacy,1,H2,centered_halfspan,3612672,0.001110057029156514,1.7529049969661944e-05,-7.737262513717396e-08,3.4762623377374406e-06,36,1.7156456140714216e-05,1.6456358364331746e-05,1.360516029868484e-05,2.0447085485264723e-05,3.6459362861903116e-06,0.0005989666807888718
conv2,legacy,1,H2,negative_minus_free,3612672,0.0011100880453185065,1.752929485800616e-05,7.891805645476592e-08,3.4762945360125113e-06,36,1.715670411904448e-05,1.645641468486676e-05,1.3605381857997042e-05,2.044723495393897e-05,3.645947071386848e-06,0.0005989749879042732
conv2,legacy,1,H2,negative_minus_matched_zero,3612672,0.0011100699644456314,1.7529152100751974e-05,7.733440454883222e-08,3.4762441257869704e-06,36,1.715655306814449e-05,1.645635836433116e-05,1.3605160017690422e-05,2.0446982776911657e-05,3.6459722077328372e-06,0.0005989701707400682
conv2,legacy,1,H2,positive_minus_free,3612672,0.0011100703529874619,1.7529155168490254e-05,-7.582719381958199e-08,3.4762331698900103e-06,36,1.715657045272856e-05,1.64563060624561e-05,1.360494325001097e-05,2.0446981655775975e-05,3.6459032350473886e-06,0.0005989703360911844
conv2,legacy,1,H2,positive_minus_matched_zero,3612672,0.0011100878319910497,1.7529293173689275e-05,-7.74108457255157e-08,3.476280549687911e-06,36,1.7156716375667818e-05,1.645635836433233e-05,1.3605161231169416e-05,2.0447231832241646e-05,3.645879417587089e-06,0.0005989749909196679
conv2,legacy,1,H2,zero_nudge_drift,3612672,2.954918102009031e-10,9.043956352913947e-09,1.5836519059337055e-09,1.90119074830442e-09,36,8.670493297664923e-09,8.484713392470652e-09,5.775078902817671e-09,1.1038833896141348e-08,2.6085843428855414e-09,0.03712631446955368
conv2,legacy,2,Output,centered_halfspan,11520,9.866517915428668,0.029265484261286834,-0.0002282040734661396,0.017967057748936418,36,0.028783097036408863,0.02734766895514753,0.02362490000723013,0.03395387039273866,0.005366744651624123,1.0
conv2,legacy,2,Output,negative_minus_free,11520,9.86651991536669,0.02926548722733586,0.00022836594569921744,0.017967061492376868,36,0.028783100072139474,0.02734767648788267,0.02362490083282951,0.03395387123959622,0.0053667445414469625,1.0
conv2,legacy,2,Output,negative_minus_matched_zero,11520,9.866517910901244,0.029265484254572344,0.00022820383776248182,0.01796705779565095,36,0.028783097008922693,0.02734766893024583,0.023624900007230144,0.03395387034440452,0.005366744765589632,1.0
conv2,legacy,2,Output,positive_minus_free,11520,9.866515916854546,0.029265481297260268,-0.0002280422012330617,0.017967054005495968,36,0.028783094002824465,0.027347661424382188,0.023624899184042748,0.03395386954634988,0.005366744761305482,1.0
conv2,legacy,2,Output,positive_minus_matched_zero,11520,9.866517919960032,0.029265484268007166,-0.00022820430916979743,0.017967057702221883,36,0.02878309706390042,0.027347668980049235,0.023624900007230113,0.033953870441072884,0.005366744537661626,1.0
conv2,legacy,2,Output,zero_nudge_drift,11520,6.836057651551785e-10,2.4359962689888487e-07,1.6210793673566102e-07,1.7601154395242773e-07,36,2.335865290495312e-07,2.2911275186973602e-07,1.5424270646676318e-07,2.9770600008406223e-07,7.010441603927327e-08,1.0
conv2,ours,0,H1,centered_halfspan,7225344,0.0016680084082097862,1.5193920629146478e-05,-1.2621955161563928e-07,4.456977075430462e-06,36,1.4880239140577114e-05,1.42295821195998e-05,1.2094480474642382e-05,1.8549261079026973e-05,3.1150026798678347e-06,5.757209952254467e-05
conv2,ours,0,H1,negative_minus_free,7225344,0.0016716576118390562,1.5210531881723935e-05,1.190408975979008e-07,4.4570919693489946e-06,36,1.4883872807248433e-05,1.4236541787707309e-05,1.2065161075127985e-05,1.853023978529811e-05,3.1798561233097714e-06,5.763509807315938e-05
conv2,ours,0,H1,negative_minus_matched_zero,7225344,0.0016716593036366525,1.5210539578615505e-05,1.1845536981067475e-07,4.457025740509004e-06,36,1.4883888075932108e-05,1.4236758393923159e-05,1.2064870093512585e-05,1.852985927081812e-05,3.1798204826560914e-06,5.763512699538065e-05
conv2,ours,0,H1,positive_minus_free,7225344,0.0016712476947772054,1.5208666835085604e-05,-1.3339820563337777e-07,4.460212117295244e-06,36,1.4903378031744462e-05,1.4226413537468276e-05,1.2168395653986478e-05,1.858962309990996e-05,3.0749835082845697e-06,5.762791847143124e-05
conv2,ours,0,H1,positive_minus_matched_zero,7225344,0.001671244928708002,1.5208654249206652e-05,-1.3398373342060382e-07,4.4602741448738954e-06,36,1.4903357072368348e-05,1.4226283604480333e-05,1.2168248837058028e-05,1.8589993446038677e-05,3.075023965687788e-06,5.762787102413228e-05
conv2,ours,0,H1,zero_nudge_drift,7225344,3.8210589614564225e-10,7.272146263782744e-09,5.855277872260298e-10,2.4096207061919118e-09,36,7.126170255938261e-09,6.875826420273154e-09,5.447158582240464e-09,8.739057945840708e-09,1.4703266454215903e-09,0.03242124047478767
conv2,ours,1,H2,centered_halfspan,3612672,1.8293971834199176,0.0007116062216308218,-2.1151617666544694e-06,0.00011384954112614968,36,0.0006971408799451969,0.0006659616461182024,0.0005738362352375112,0.0008605610356501613,0.0001447765069956852,0.0026963852986043326
conv2,ours,1,H2,negative_minus_free,3612672,1.8340490601719455,0.0007125103999965345,2.0205229591903846e-06,0.00011382624571950151,36,0.00069762981773018,0.000667082869195658,0.0005735870915209783,0.0008607409368012097,0.00014691236169044,0.002699813990810424
conv2,ours,1,H2,negative_minus_matched_zero,3612672,1.8340491508780987,0.0007125104176157678,2.0198708231126787e-06,0.00011382623193930772,36,0.0006976298399377346,0.0006670832189876151,0.0005735872105458804,0.000860740765489645,0.00014691234111538135,0.002699814046212446
conv2,ours,1,H2,positive_minus_free,3612672,1.8352057021400536,0.0007127350367190705,-2.2098005741185543e-06,0.00011387288200749445,36,0.0006983674730948615,0.0006655011094719636,0.0005748644904854656,0.0008620398128877671,0.00014440694316916432,0.0027006598956474514
conv2,ours,1,H2,positive_minus_matched_zero,3612672,1.8352056076829713,0.0007127350183770196,-2.210452710196261e-06,0.00011387289571549739,36,0.0006983674499081488,0.0006655007617414931,0.000574864374217959,0.000862039984386105,0.00014440696539081725,0.0027006598375103434
conv2,ours,1,H2,zero_nudge_drift,3612672,3.272455735247811e-10,9.5174942662189e-09,6.521360777062417e-10,1.8737149554504606e-09,36,9.272138953275823e-09,8.91957317770735e-09,6.781491722528371e-09,1.1717974167024651e-08,2.1775799686255347e-09,0.04243162322782928
conv2,ours,2,Output,centered_halfspan,11520,802.3577482988148,0.2639111784206634,-9.332270798516646e-05,0.15630247619236887,36,0.25897604956586284,0.25183221014519935,0.2106678872969261,0.3155559770492116,0.051519364037541995,1.0
conv2,ours,2,Output,negative_minus_free,11520,802.3561901510745,0.26391092216788414,9.162153736749194e-05,0.1563022175316548,36,0.2589753287613214,0.2518296264669987,0.21066057178991737,0.31554582107145546,0.05152174064519196,1.0
conv2,ours,2,Output,negative_minus_matched_zero,11520,802.356196903233,0.2639109232783438,9.154353047704033e-05,0.15630221625092588,36,0.25897532999484985,0.25182962710301526,0.2106605842218094,0.3155458217615775,0.051521740118326456,1.0
conv2,ours,2,Output,positive_minus_free,11520,802.3593269225277,0.26391143804066475,-9.502387860284007e-05,0.15630273485308296,36,0.25897677276402037,0.2518347947693097,0.21067520643305465,0.3155661351825725,0.051516992677114314,1.0
conv2,ours,2,Output,positive_minus_matched_zero,11520,802.3593201702897,0.2639114369301942,-9.510188549329307e-05,0.15630273613381188,36,0.25897677153052195,0.2518347941332334,0.21067519400090592,0.3155661344927762,0.05151699320383983,1.0
conv2,ours,2,Output,zero_nudge_drift,11520,5.795867315319928e-10,2.2430191310656105e-07,7.800689045238127e-08,1.5664732168506422e-07,36,2.172347480939765e-07,2.0815576901202372e-07,1.5023172240461704e-07,2.838418690859782e-07,5.6653041269304664e-08,1.0
conv3,baseline,0,H1,centered_halfspan,7225344,1.198799017910069e-06,4.0732768116391934e-07,-1.7146789620055702e-09,9.935943518188769e-08,36,3.966691747310023e-07,3.78838216245176e-07,2.846056808198009e-07,5.081232799335545e-07,9.388421497958295e-08,0.00022072668439731419
conv3,baseline,0,H1,negative_minus_free,7225344,0.10035376219981533,0.00011785216493711621,5.022541857289751e-06,2.4132458470903e-05,36,0.00011722410984344619,0.00011611453085683388,0.00010190145473776638,0.00013353346501208694,1.2323114940130822e-05,0.0638604156174506
conv3,baseline,0,H1,negative_minus_matched_zero,7225344,1.1986266341904286e-06,4.072983938588079e-07,1.7247446878208621e-09,9.935418881096923e-08,36,3.9663912954842853e-07,3.784563366256379e-07,2.846055805391762e-07,5.08123279961049e-07,9.38840883882223e-08,0.00022071098030575212
conv3,baseline,0,H1,positive_minus_free,7225344,0.10035439105874089,0.00011785253419217993,5.01911249936574e-06,2.4132212947141693e-05,36,0.00011722471063295846,0.00011608621689127454,0.0001019347971169719,0.00013353457191905415,1.2320868674583182e-05,0.06385932088818544
conv3,baseline,0,H1,positive_minus_matched_zero,7225344,1.1990477392147302e-06,4.0736993420901967e-07,-1.7046132361902782e-09,9.936493980980272e-08,36,3.9671297166847643e-07,3.79447977581338e-07,2.846057985439295e-07,5.081232799060602e-07,9.388243874539412e-08,0.00022074941442336039
conv3,baseline,0,H1,zero_nudge_drift,7225344,0.10035286560378652,0.00011785163846946434,5.02081711260193e-06,2.4130835128186638e-05,36,0.00011722369091387151,0.0001160996555123879,0.00010191740704575333,0.00013353324321634298,1.2322035111124279e-05,6.472202093529602
conv3,baseline,1,H2,centered_halfspan,3612672,1.622835154878139e-05,2.119448835703432e-06,2.5197748873267673e-09,6.544369091097697e-07,36,2.065197684832894e-06,1.9969889116894507e-06,1.56814988261619e-06,2.5771461936882422e-06,4.832268922896676e-07,0.0011485075429143344
conv3,baseline,1,H2,negative_minus_free,3612672,0.03199327947228192,9.410552313995763e-05,1.332683833107534e-05,2.071185113686553e-05,36,9.351656387655587e-05,9.238477521834957e-05,7.96522673334764e-05,0.00010808895028395898,1.0661095604402379e-05,0.05099285043106278
conv3,baseline,1,H2,negative_minus_matched_zero,3612672,1.6227221865574468e-05,2.1193750651969268e-06,-2.465143744067826e-09,6.544194972015843e-07,36,2.065123064794177e-06,1.9968009187378278e-06,1.5681516137502126e-06,2.5771461936201217e-06,4.832221078317923e-07,0.001148468433286618
conv3,baseline,1,H2,positive_minus_free,3612672,0.03199208195322151,9.41037619230073e-05,1.3331877880849995e-05,2.071254700801645e-05,36,9.351561446798676e-05,9.229286421105991e-05,7.977548681531798e-05,0.00010805021174439456,1.0653668602918882e-05,0.05099086218737825
conv3,baseline,1,H2,positive_minus_matched_zero,3612672,1.623005894610827e-05,2.1195603271906614e-06,2.5744060305857083e-09,6.544572428471938e-07,36,2.065312447597823e-06,1.9972193949322686e-06,1.5681483890765578e-06,2.5771461937563623e-06,4.832253859914565e-07,0.0011485670928828328
conv3,baseline,1,H2,zero_nudge_drift,3612672,0.031976434152326955,9.408074533668982e-05,1.3329303474819409e-05,2.0616774940931382e-05,36,9.349186127015798e-05,9.231361105889959e-05,7.969215225853951e-05,0.00010804413820158039,1.065900919618197e-05,5.166746978123
conv3,baseline,2,H3,centered_halfspan,7225344,0.011392377516921797,3.970799144492541e-05,2.4292646012172483e-08,6.154918251234307e-06,36,3.8739783099809495e-05,3.8148698536189193e-05,2.9456989988561544e-05,4.75007935178795e-05,8.838772440494266e-06,0.02151735249288936
conv3,baseline,2,H3,negative_minus_free,7225344,0.03273770960611608,6.731236996149484e-05,7.833232414625391e-06,1.44110545580985e-05,36,6.689663050479389e-05,6.700634909867265e-05,5.860121489288737e-05,7.693379469037707e-05,7.575628535500945e-06,0.036474475663899004
conv3,baseline,2,H3,negative_minus_matched_zero,7225344,0.01139239464395664,3.970802129294863e-05,-2.4164445792416425e-08,6.154890034564813e-06,36,3.8739847991373765e-05,3.8150267955510704e-05,2.9457038896667672e-05,4.750052894528967e-05,8.838617819925388e-06,0.021517384889581607
conv3,baseline,2,H3,positive_minus_free,7225344,0.03276739936510972,6.734288576673437e-05,7.881817706649738e-06,1.4355201346522272e-05,36,6.693866761436771e-05,6.713366333564123e-05,5.783271750722571e-05,7.639551394399213e-05,7.471938915639598e-06,0.03649027134793392
conv3,baseline,2,H3,positive_minus_matched_zero,7225344,0.011392856019649648,3.970882534384977e-05,2.4420846231928525e-08,6.154946519315842e-06,36,3.874058507644709e-05,3.814735981083479e-05,2.94569505241242e-05,4.7501403304934836e-05,8.839010307277509e-06,0.021517788147803484
conv3,baseline,2,H3,zero_nudge_drift,7225344,0.02135988882813214,5.4371364180738976e-05,7.857396860417809e-06,1.097988759437486e-05,36,5.405455021713681e-05,5.356870135315506e-05,4.745697336759829e-05,6.119852243299074e-05,5.9440976081028605e-06,2.985978486585217
conv3,baseline,3,Output,centered_halfspan,11520,0.03923111481466882,0.0018453939190728665,-4.155301035251784e-06,0.0010077579345026742,36,0.0017974354333492389,0.0017279873381520602,0.0013507926256015892,0.002386092411172592,0.0004239058137202132,1.0
conv3,baseline,3,Output,negative_minus_free,11520,0.03923413910011741,0.0018454650474418735,1.7667494952201236e-05,0.0010080479139722347,36,0.0017975002130209124,0.0017278782607270228,0.0013508564971453489,0.002387032291648039,0.000423941778977752,1.0
conv3,baseline,3,Output,negative_minus_matched_zero,11520,0.039231055660562224,0.001845392527796194,4.155759069260864e-06,0.0010077579085497862,36,0.0017974343756752657,0.001727987470744088,0.0013507926668933855,0.002386071268307784,0.0004239041968696037,1.0
conv3,baseline,3,Output,positive_minus_free,11520,0.03923573014579832,0.0018455024662497425,9.356892881697666e-06,0.0010077558680310877,36,0.0017975640966247815,0.0017282946211750918,0.0013509811907832662,0.0023852701446506787,0.00042383069977591493,1.0
conv3,baseline,3,Output,positive_minus_matched_zero,11520,0.03923117398225313,0.001845395310665479,-4.154843001242707e-06,0.001007757960455562,36,0.0017974364913089583,0.001727987205562208,0.0013507925843100938,0.0023861135547905143,0.00042390743073509056,1.0
conv3,baseline,3,Output,zero_nudge_drift,11520,3.819614994227821e-06,1.8208893474955475e-05,1.3511735882940374e-05,1.491040284730125e-05,36,1.8033284453950908e-05,1.8060618306935708e-05,1.5225052715524954e-05,2.1686927908750934e-05,2.5585728268820305e-06,1.0
conv3,legacy,0,H1,centered_halfspan,7225344,6.158263889936964e-13,2.9194422119339276e-10,-5.1349146854333755e-12,7.863858028948834e-11,36,2.674400507162869e-10,2.384222685873528e-10,1.59357294868671e-10,4.1031591173269033e-10,1.1873871822488654e-10,3.390453489539767e-08
conv3,legacy,0,H1,negative_minus_free,7225344,1.397534421699767e-12,4.3979672637344083e-10,7.755796762870335e-11,1.2914978280380907e-10,36,3.957484107097694e-10,3.475601811778876e-10,2.5048381218656133e-10,6.592004945717956e-10,1.9456595019842236e-10,5.1075178426676876e-08
conv3,legacy,0,H1,negative_minus_matched_zero,7225344,6.158250973090466e-13,2.919439150193853e-10,5.135252799546458e-12,7.863826003050991e-11,36,2.6743956272721077e-10,2.3842226932782354e-10,1.5935729132919738e-10,4.103159083196394e-10,1.187390744428997e-10,3.3904499339252214e-08
conv3,legacy,0,H1,positive_minus_free,7225344,1.1715539129715128e-12,4.0267241102109305e-10,6.72881382578366e-11,1.201765904075085e-10,36,3.655292191704825e-10,3.127315225857777e-10,2.2268846634767698e-10,5.947239970830045e-10,1.713146294383248e-10,4.676379960714849e-08
conv3,legacy,0,H1,positive_minus_matched_zero,7225344,6.158276988408892e-13,2.9194453167222424e-10,-5.134576571320293e-12,7.863890194219512e-11,36,2.674405457103312e-10,2.384222678645177e-10,1.5935729843422814e-10,4.103159151563462e-10,1.1873835666288468e-10,3.390457095147787e-08
conv3,legacy,0,H1,zero_nudge_drift,7225344,6.687176279960582e-13,3.04223053805629e-10,7.242271482915689e-11,7.984341248698148e-11,36,2.527717895893957e-10,2.0312799043429486e-10,1.528323330814776e-10,3.67196791782053e-10,1.7168835543885813e-10,0.03583590487835318
conv3,legacy,1,H2,centered_halfspan,3612672,2.036623001007756e-10,7.508290296035944e-09,-6.641459238025848e-11,1.7916046582432303e-09,36,7.008463208402505e-09,6.50864793529979e-09,4.417319945659828e-09,9.696647590994638e-09,2.7318816045072323e-09,8.719648202184988e-07
conv3,legacy,1,H2,negative_minus_free,3612672,2.0530753315607722e-10,7.538556182845586e-09,1.4016535091517656e-10,1.8041811414155025e-09,36,7.041411656910922e-09,6.533626347166728e-09,4.4433446525004e-09,9.710685688251649e-09,2.730466434220569e-09,8.754796910230445e-07
conv3,legacy,1,H2,negative_minus_matched_zero,3612672,2.0366205556548468e-10,7.508285788469983e-09,6.642104897434092e-11,1.7915999862490877e-09,36,7.0084568393302525e-09,6.508647961575241e-09,4.4173199328949325e-09,9.69664758860301e-09,2.7318856682470208e-09,8.719642967629383e-07
conv3,legacy,1,H2,positive_minus_free,3612672,2.0309346632370092e-10,7.497797545220935e-09,7.336166154659572e-12,1.7924270580642358e-09,36,6.99594287661165e-09,6.502694071786516e-09,4.402139856146724e-09,9.703632752349468e-09,2.735246380477744e-09,8.707462748951903e-07
conv3,legacy,1,H2,positive_minus_matched_zero,3612672,2.036625543300172e-10,7.50829498228949e-09,-6.640813578617605e-11,1.7916095355882068e-09,36,7.008469837879581e-09,6.508647909026279e-09,4.417319958427732e-09,9.696647593387608e-09,2.7318773587501277e-09,8.719653644256929e-07
conv3,legacy,1,H2,zero_nudge_drift,3612672,5.381936718517183e-13,3.859713126829491e-10,7.374430194083563e-11,8.103559432279947e-11,36,2.947757023590206e-10,2.1607669489270372e-10,1.6269514846081155e-10,4.3287932204369263e-10,2.5269524403156463e-10,0.04546542766583506
conv3,legacy,2,H3,centered_halfspan,7225344,6.617262096488852e-06,9.569955181625562e-07,-8.730579120171473e-10,1.4126446263422947e-07,36,9.070962647058571e-07,8.541962295177603e-07,6.24952961185582e-07,1.1976552440276618e-06,3.0931280423528936e-07,0.00011113933958907861
conv3,legacy,2,H3,negative_minus_free,7225344,6.617928211655268e-06,9.570436840941695e-07,1.4175318450244784e-09,1.4125830532381516e-07,36,9.071507466052477e-07,8.542248697355266e-07,6.250000352712671e-07,1.1976674457674253e-06,3.0930174370812136e-07,0.00011114493127383542
conv3,legacy,2,H3,negative_minus_matched_zero,7225344,6.6172609455271775e-06,9.569954349358986e-07,8.731241238359845e-10,1.4126437555214218e-07,36,9.070961510819733e-07,8.541962295021799e-07,6.249529611790846e-07,1.1976552440252914e-06,3.093128821156944e-07,0.00011113932992676724
conv3,legacy,2,H3,positive_minus_free,7225344,6.616858066192063e-06,9.56966302069875e-07,-3.2858397900981643e-10,1.412830366768568e-07,36,9.070627905654637e-07,8.541718143481802e-07,6.249161833698375e-07,1.197647285461229e-06,3.093207998031385e-07,0.00011113594861716357
conv3,legacy,2,H3,positive_minus_matched_zero,7225344,6.617263847777099e-06,9.569956447991368e-07,-8.729917001983104e-10,1.4126454971631678e-07,36,9.070964372585875e-07,8.541962295333411e-07,6.249529611920796e-07,1.1976552440300325e-06,3.093126867465335e-07,0.00011113935429274089
conv3,legacy,2,H3,zero_nudge_drift,7225344,1.3074125873737767e-10,4.2537999966196755e-09,5.444077211884938e-10,6.137843944418887e-10,36,3.277379469931733e-09,2.3929655214367347e-09,1.8122170652838287e-09,4.760574994290808e-09,2.7502183599915716e-09,0.5010756750466265
conv3,legacy,3,Output,centered_halfspan,11520,0.8541549523467072,0.008610772042563025,-3.0100845444233424e-05,0.004583148230087251,36,0.008229051578356301,0.007504429939394434,0.005780070801383923,0.011196922551720606,0.002571335341971562,1.0
conv3,legacy,3,Output,negative_minus_free,11520,0.85415498306425,0.008610772197395445,3.0104148992509463e-05,0.004583148269342063,36,0.008229051753413921,0.007504430065887354,0.005780070910311264,0.011196922587214716,0.002571335299037398,1.0
conv3,legacy,3,Output,negative_minus_matched_zero,11520,0.8541549522990515,0.008610772042322815,3.0100846319590875e-05,0.004583148229641814,36,0.008229051578049497,0.007504429939394446,0.005780070801383912,0.011196922551720601,0.002571335342154093,1.0
conv3,legacy,3,Output,positive_minus_free,11520,0.854154921630825,0.008610771887738972,-3.0097541895957397e-05,0.004583148190832438,36,0.008229051403308034,0.007504429812903835,0.00578007069246062,0.011196922516228426,0.002571335384903753,1.0
conv3,legacy,3,Output,positive_minus_matched_zero,11520,0.854154952394363,0.008610772042803234,-3.010084456887599e-05,0.004583148230532688,36,0.008229051578663105,0.007504429939394422,0.005780070801383934,0.011196922551720612,0.002571335341789031,1.0
conv3,legacy,3,Output,zero_nudge_drift,11520,8.302329619764555e-13,8.48933645845779e-09,3.3026729185896417e-09,3.6612945966881083e-09,36,6.222017739480131e-09,4.343884570091211e-09,3.16054688783951e-09,8.752207984123145e-09,5.857331999082925e-09,1.0
conv3,ours,0,H1,centered_halfspan,7225344,1.797198234045999e-07,1.5771344822875585e-07,-2.14596314097915e-09,4.0621767115461595e-08,36,1.4819485422839543e-07,1.3875255863455014e-07,9.930708811221283e-08,1.9307936900910623e-07,5.472670008256524e-08,1.818686487464442e-06
conv3,ours,0,H1,negative_minus_free,7225344,1.7983348301005131e-07,1.5776331143998086e-07,2.2061881440776995e-09,4.0638199006872644e-08,36,1.4823820241160306e-07,1.3896687251546888e-07,9.946801144378596e-08,1.9307704831713598e-07,5.475376573148977e-08,1.8192599745292526e-06
conv3,ours,0,H1,negative_minus_matched_zero,7225344,1.7978233478719577e-07,1.5774087433114324e-07,2.141598361217813e-09,4.0627419702858174e-08,36,1.4821201825410934e-07,1.3893710106297266e-07,9.942926162135521e-08,1.9308227531981968e-07,5.476018336416512e-08,1.8190012429825753e-06
conv3,ours,0,H1,positive_minus_free,7225344,1.796363838871788e-07,1.5767683273045187e-07,-2.0857381378806e-09,4.0609304272292466e-08,36,1.4816390749765246e-07,1.3856786254685578e-07,9.916414540406158e-08,1.930836776157357e-07,5.470435955926395e-08,1.8182657656721704e-06
conv3,ours,0,H1,positive_minus_matched_zero,7225344,1.7968623915072677e-07,1.5769871157963327e-07,-2.1503279207404853e-09,4.061961848930204e-08,36,1.4818946898120705e-07,1.3859750830244116e-07,9.920274822142281e-08,1.9307809812362273e-07,5.469801171888969e-08,1.8185180600250786e-06
conv3,ours,0,H1,zero_nudge_drift,7225344,5.205148918593584e-13,2.6840296876088176e-10,6.45897828598857e-11,8.23016552797235e-11,36,2.49772263507207e-10,2.2889807274029633e-10,1.650898250447287e-10,3.5761835090613613e-10,9.964837046866102e-11,0.043425424816055526
conv3,ours,1,H2,centered_halfspan,3612672,2.178109329749875e-05,2.4554187682505266e-06,-1.940562229724921e-08,5.452180687721326e-07,36,2.3311000820343003e-06,2.3169722248448333e-06,1.5897076966236087e-06,2.879713067703135e-06,7.823396131494309e-07,2.8314877298267066e-05
conv3,ours,1,H2,negative_minus_free,3612672,2.1789812316933815e-05,2.4559101738378435e-06,1.935605309375614e-08,5.452713904458236e-07,36,2.3313704869557133e-06,2.3195196421544703e-06,1.589897239287384e-06,2.879549022550815e-06,7.83096995313859e-07,2.832052040186885e-05
conv3,ours,1,H2,negative_minus_matched_zero,3612672,2.178958501338309e-05,2.455897364214922e-06,1.9309182969389533e-08,5.452670207767057e-07,36,2.3313557490788174e-06,2.319495987340372e-06,1.589888133947894e-06,2.879552751392103e-06,7.83100804542302e-07,2.832037274477428e-05
conv3,ours,1,H2,positive_minus_free,3612672,2.1778560161624636e-05,2.4552759817949324e-06,-1.9455191500742283e-08,5.452191096396298e-07,36,2.3311437245842607e-06,2.315697713948309e-06,1.5895479372570943e-06,2.879917726219936e-06,7.817446962856805e-07,2.8313254304179472e-05
conv3,ours,1,H2,positive_minus_matched_zero,3612672,2.177878613884898e-05,2.4552887198962577e-06,-1.950206162510889e-08,5.452234369354007e-07,36,2.331158379699801e-06,2.3157212368698597e-06,1.5895570233788423e-06,2.879913955963794e-06,7.817408968812989e-07,2.8313401136777913e-05
conv3,ours,1,H2,zero_nudge_drift,3612672,1.7475140035963544e-13,2.1993587011976084e-10,4.687012436660293e-11,6.102789717207416e-11,36,1.9823247961596967e-10,1.7837300158868422e-10,1.239793088780858e-10,2.8400929633892644e-10,9.661767890033034e-11,0.035583841104038505
conv3,ours,2,H3,centered_halfspan,7225344,0.25770478120746326,0.00018885651602427962,-2.494387868946166e-08,2.388386291070275e-05,36,0.00018117119947687538,0.0001707936226994716,0.0001272020069016143,0.0002337857876080669,5.408355559365325e-05,0.002177815510474295
conv3,ours,2,H3,negative_minus_free,7225344,0.2578384128034308,0.00018890547500501246,2.323624101391157e-08,2.3883705335425803e-05,36,0.0001812099653189016,0.00017073884152216847,0.00012721091352572327,0.00023378426574646274,5.412582441885031e-05,0.0021783782712801367
conv3,ours,2,H3,negative_minus_matched_zero,7225344,0.25783827582309027,0.00018890542482563955,2.2886898598323337e-08,2.388371173578471e-05,36,0.00018120991057133529,0.00017073872415343018,0.00012721087254381934,0.00023378424337215588,5.412583281160017e-05,0.0021783776970998314
conv3,ours,2,H3,positive_minus_free,7225344,0.25780288616163877,0.00018889246024847688,-2.6651516365011813e-08,2.388402072770515e-05,36,0.000181207782195085,0.00017097422152659227,0.00012720126560645238,0.00023379408736621924,5.408660874238065e-05,0.002178231817038938
conv3,ours,2,H3,positive_minus_matched_zero,7225344,0.257803022704877,0.0001888925102711612,-2.700085878060001e-08,2.3884014259446502e-05,36,0.00018120783678280422,0.00017097433802178968,0.00012720130646466302,0.00023379410966386615,5.4086600321374497e-05,0.002178232389413781
conv3,ours,2,H3,zero_nudge_drift,7225344,5.037593111550257e-11,2.640476330831692e-09,3.4934241558826817e-10,5.170272860519084e-10,36,2.3703791126555047e-09,2.1727617816346176e-09,1.454673304049776e-09,3.429763392679723e-09,1.1798674522998673e-09,0.42720766805399585
conv3,ours,3,Output,centered_halfspan,11520,86.63118466806326,0.08671832628428179,1.9567844635550463e-05,0.045437062909395684,36,0.08355635894170402,0.07969804602528735,0.059194590875082054,0.11020560343330268,0.02353265681211165,1.0
conv3,ours,3,Output,negative_minus_free,11520,86.63132894745307,0.08671839849651138,-1.9586467151153683e-05,0.04543707653171351,36,0.08355642714342891,0.07969801342878464,0.05919461094414162,0.11020478543648783,0.023532681438911743,1.0
conv3,ours,3,Output,negative_minus_matched_zero,11520,86.63132859215432,0.08671839831868344,-1.9588893103884416e-05,0.045437076447353626,36,0.08355642695231538,0.07969801329119303,0.05919461082968108,0.11020478538771505,0.023532681462855677,1.0
conv3,ours,3,Output,positive_minus_free,11520,86.63104049030255,0.08671825412285779,1.954922211994699e-05,0.04543704928707785,36,0.08355629078278955,0.07969807862505515,0.05919457080895102,0.11020642151844606,0.02353263222153109,1.0
conv3,ours,3,Output,positive_minus_matched_zero,11520,86.63104084558849,0.08671825430067959,1.9546796167216345e-05,0.045437049371437735,36,0.08355629097389769,0.07969807876263249,0.059194570923415395,0.11020642156721387,0.023532632197583718,1.0
conv3,ours,3,Output,zero_nudge_drift,11520,4.400874237820324e-13,6.1807793452292516e-09,2.4259527306435087e-09,3.43390266228583e-09,36,5.412680772018221e-09,4.835981553856742e-09,3.048039430900082e-09,7.712485209347742e-09,3.026441221193742e-09,1.0
