epoch,checkpoint_role,layer_index,parameter,sigma,n_comparisons,bptt_cosine_n_defined,bptt_cosine_mean,bptt_cosine_median,bptt_cosine_p10,bptt_cosine_p90,bptt_cosine_std,bptt_estimate_l2_n_defined,bptt_estimate_l2_mean,bptt_estimate_l2_median,bptt_estimate_l2_p10,bptt_estimate_l2_p90,bptt_estimate_l2_std,bptt_reference_l2_n_defined,bptt_reference_l2_mean,bptt_reference_l2_median,bptt_reference_l2_p10,bptt_reference_l2_p90,bptt_reference_l2_std,bptt_relative_l2_error_n_defined,bptt_relative_l2_error_mean,bptt_relative_l2_error_median,bptt_relative_l2_error_p10,bptt_relative_l2_error_p90,bptt_relative_l2_error_std,bptt_norm_ratio_n_defined,bptt_norm_ratio_mean,bptt_norm_ratio_median,bptt_norm_ratio_p10,bptt_norm_ratio_p90,bptt_norm_ratio_std,bptt_estimate_zero_fraction_n_defined,bptt_estimate_zero_fraction_mean,bptt_estimate_zero_fraction_median,bptt_estimate_zero_fraction_p10,bptt_estimate_zero_fraction_p90,bptt_estimate_zero_fraction_std,bptt_reference_zero_fraction_n_defined,bptt_reference_zero_fraction_mean,bptt_reference_zero_fraction_median,bptt_reference_zero_fraction_p10,bptt_reference_zero_fraction_p90,bptt_reference_zero_fraction_std,clean_ep_cosine_n_defined,clean_ep_cosine_mean,clean_ep_cosine_median,clean_ep_cosine_p10,clean_ep_cosine_p90,clean_ep_cosine_std,clean_ep_estimate_l2_n_defined,clean_ep_estimate_l2_mean,clean_ep_estimate_l2_median,clean_ep_estimate_l2_p10,clean_ep_estimate_l2_p90,clean_ep_estimate_l2_std,clean_ep_reference_l2_n_defined,clean_ep_reference_l2_mean,clean_ep_reference_l2_median,clean_ep_reference_l2_p10,clean_ep_reference_l2_p90,clean_ep_reference_l2_std,clean_ep_relative_l2_error_n_defined,clean_ep_relative_l2_error_mean,clean_ep_relative_l2_error_median,clean_ep_relative_l2_error_p10,clean_ep_relative_l2_error_p90,clean_ep_relative_l2_error_std,clean_ep_norm_ratio_n_defined,clean_ep_norm_ratio_mean,clean_ep_norm_ratio_median,clean_ep_norm_ratio_p10,clean_ep_norm_ratio_p90,clean_ep_norm_ratio_std,clean_ep_estimate_zero_fraction_n_defined,clean_ep_estimate_zero_fraction_mean,clean_ep_estimate_zero_fraction_median,clean_ep_estimate_zero_fraction_p10,clean_ep_estimate_zero_fraction_p90,clean_ep_estimate_zero_fraction_std,clean_ep_reference_zero_fraction_n_defined,clean_ep_reference_zero_fraction_mean,clean_ep_reference_zero_fraction_median,clean_ep_reference_zero_fraction_p10,clean_ep_reference_zero_fraction_p90,clean_ep_reference_zero_fraction_std,projection_onto_clean_n_defined,projection_onto_clean_mean,projection_onto_clean_median,projection_onto_clean_p10,projection_onto_clean_p90,projection_onto_clean_std
0,Initialization (epoch 0),0,ConvWeight_0,0.0,36,36,0.9989923955730826,0.9997110701225108,0.9972233355485496,0.9999487767289028,0.0013849397847671438,36,0.001483834361405036,0.0012117125548182562,0.0007920998565143669,0.002571292752050006,0.0007315736836289983,36,0.001485342798524396,0.0011995501479382322,0.0008006429835020026,0.0025768215714323094,0.0007351228706475169,36,0.04264768726603022,0.0334051095678954,0.012401714725115233,0.07861387238351075,0.02861576450072961,36,0.9995960544638876,0.9953246017720878,0.9743959768615305,1.0369507662131285,0.025078234654517587,36,0.0,0.0,0.0,0.0,0.0,36,0.0,0.0,0.0,0.0,0.0,36,1.0,1.0,1.0,1.0000000000000002,1.4414587323765566e-16,36,0.001483834361405036,0.0012117125548182562,0.0007920998565143669,0.002571292752050006,0.0007315736836289983,36,0.001483834361405036,0.0012117125548182562,0.0007920998565143669,0.002571292752050006,0.0007315736836289983,36,0.0,0.0,0.0,0.0,0.0,36,1.0,1.0,1.0,1.0,0.0,36,0.0,0.0,0.0,0.0,0.0,36,0.0,0.0,0.0,0.0,0.0,36,1.0,1.0,1.0,1.0000000000000002,1.4414587323765566e-16
0,Initialization (epoch 0),0,ConvWeight_0,1e-05,288,288,0.1625535698793702,0.16135942016793425,0.01278355465993618,0.324406246448837,0.12174175687789894,288,0.009205082441796084,0.009143641326692632,0.0083267708994899,0.010104611722871812,0.0006799092029126793,288,0.0014853427985243963,0.0011995501479382322,0.0007878990505065168,0.0026486405372070946,0.0007261026165125602,288,7.561951160895429,7.59304363917725,3.3955803439227776,11.474240018958948,3.623060385458919,288,7.645320535179873,7.611247600849275,3.534236383488749,11.461378705747984,3.5833133706643996,288,0.0,0.0,0.0,0.0,0.0,288,0.0,0.0,0.0,0.0,0.0,288,0.16286516349387203,0.16245341037955396,0.012783430814710488,0.3244191618117916,0.12161725763546653,288,0.009205082441796084,0.009143641326692632,0.0083267708994899,0.010104611722871812,0.0006799092029126793,288,0.001483834361405036,0.0012117125548182562,0.0007729316644364791,0.0026224190925892045,0.0007225969794503249,288,7.572910518189851,7.453426667976506,3.372469624180624,11.667375096735869,3.669657062554285,288,7.65666380287392,7.521000876937666,3.5098982503818057,11.664736003740455,3.6303474664682356,288,0.0,0.0,0.0,0.0,0.0,288,0.0,0.0,0.0,0.0,0.0,288,0.9947815169763419,1.0199153692593779,0.14802565783297336,1.8291915253379785,0.7126866450883886
0,Initialization (epoch 0),0,ConvWeight_0,3e-05,288,288,0.05701948693514322,0.055984605374093825,-0.07093001946822089,0.19177260721476078,0.09905831118995408,288,0.027205156874131928,0.027112283381000676,0.02468447939716455,0.029869362049735535,0.002036930915513977,288,0.0014853427985243963,0.0011995501479382322,0.0007878990505065168,0.0026486405372070946,0.0007261026165125602,288,22.685004879515734,22.7787413683373,10.185599298754058,34.420219990580215,10.868385812215557,288,22.714744725072073,22.75443614963406,10.177198576405436,34.35464371150254,10.850023809637602,288,0.0,0.0,0.0,0.0,0.0,288,0.0,0.0,0.0,0.0,0.0,288,0.05725786911375094,0.057953425453954814,-0.06577105678732856,0.19150475603976774,0.09904885928866562,288,0.027205156874131928,0.027112283381000676,0.02468447939716455,0.029869362049735535,0.002036930915513977,288,0.001483834361405036,0.0012117125548182562,0.0007729316644364791,0.0026224190925892045,0.0007225969794503249,288,22.71873155738476,22.36028001166045,10.117408853716364,35.00212523854346,11.00897119120841,288,22.7487339133457,22.36706336524868,10.163791115998038,34.953035001992355,10.990933848265577,288,0.0,0.0,0.0,0.0,0.0,288,0.0,0.0,0.0,0.0,0.0,288,0.9843445492131662,1.0597461252878526,-1.555923044189447,3.4875745677674357,2.1380599344484286
0,Initialization (epoch 0),0,ConvWeight_0,0.0001,288,288,0.01887569488835136,0.019573040304566566,-0.1015931208499285,0.1437037463294472,0.09508945161681757,288,0.09051478505986643,0.09032872935459897,0.08203599469413468,0.09976309577090593,0.0068139624400577825,288,0.0014853427985243963,0.0011995501479382322,0.0007878990505065168,0.0026486405372070946,0.0007261026165125602,288,75.61601817211476,75.92872809270344,33.95072487471334,114.73098870859364,36.22710399197267,288,75.62667486639108,75.98843401350183,33.9524860094259,114.65995772183551,36.216540346067006,288,0.0,0.0,0.0,0.0,0.0,288,0.0,0.0,0.0,0.0,0.0,288,0.019087936314403364,0.016903905663111944,-0.10093390344306384,0.14412743008553008,0.09512486572947362,288,0.09051478505986643,0.09032872935459897,0.08203599469413468,0.09976309577090593,0.0068139624400577825,288,0.001483834361405036,0.0012117125548182562,0.0007729316644364791,0.0026224190925892045,0.0007225969794503249,288,75.72910520888666,74.53426647567164,33.72469610505668,116.67375010146574,36.69657065300388,288,75.73998137853636,74.49211741370942,33.73660946138203,116.61468140220818,36.6862904243343,288,0.0,0.0,0.0,0.0,0.0,288,0.0,0.0,0.0,0.0,0.0,288,0.94781515441387,1.1991538175741567,-7.519743656246034,9.291914973773403,7.126866444359535
0,Initialization (epoch 0),0,ConvWeight_0,0.0003,288,288,0.007934020713252533,0.008439412124158302,-0.11204965309906076,0.13397245541003752,0.09453764768502684,288,0.27149000081775415,0.27082573979635893,0.24584275961522947,0.29940293583510985,0.020456131079191257,288,0.0014853427985243963,0.0011995501479382322,0.0007878990505065168,0.0026486405372070946,0.0007261026165125602,288,226.84757777364655,227.78584494600338,101.85109907988034,344.19016908500146,108.68060721731989,288,226.85277080588912,227.88703883768866,101.84315980948473,344.11633210290825,108.67228280636732,288,0.0,0.0,0.0,0.0,0.0,288,0.0,0.0,0.0,0.0,0.0,288,0.008138762249643307,0.009316372785003782,-0.11147892117163126,0.13433698163071522,0.09458547063984739,288,0.27149000081775415,0.27082573979635893,0.24584275961522947,0.29940293583510985,0.020456131079191257,288,0.001483834361405036,0.0012117125548182562,0.0007729316644364791,0.0026224190925892045,0.0007225969794503249,288,227.187315760196,223.60279759111717,101.17408756619915,350.02124453001903,110.08971204869961,288,227.19271594465837,223.48207158755085,101.1761249193247,349.9593287624884,110.08165922375738,288,0.0,0.0,0.0,0.0,0.0,288,0.0,0.0,0.0,0.0,0.0,288,0.8434453661659094,1.5974620259109962,-24.559232790834823,25.875742923887508,21.380599297519044
0,Initialization (epoch 0),0,ConvWeight_0,0.0005,288,288,0.005744720111500694,0.005607767003361245,-0.11324252611644751,0.13143190158427656,0.09446028813709513,288,0.4524732904169045,0.45139110187421555,0.4096547829764145,0.4990528685237282,0.03409757299744439,288,0.0014853427985243963,0.0011995501479382322,0.0007878990505065168,0.0026486405372070946,0.0007261026165125602,288,378.07914581743535,379.6429617004361,169.751472473745,573.6493572157988,181.13411257732437,288,378.0832458513039,379.7627034247023,169.74159324234492,573.5749593116852,181.12623625874758,288,0.0,0.0,0.0,0.0,0.0,288,0.0,0.0,0.0,0.0,0.0,288,0.005947960431394165,0.007770796730228282,-0.11280950970973981,0.13191753179512905,0.09451054823942073,288,0.4524732904169045,0.45139110187421555,0.4096547829764145,0.4990528685237282,0.03409757299744439,288,0.001483834361405036,0.0012117125548182562,0.0007729316644364791,0.0026224190925892045,0.0007225969794503249,288,378.6455264922389,372.6713262324804,168.6234780507112,583.3687312570236,183.48285356180764,288,378.6498312127557,372.54973728681455,168.62353981128138,583.3062463242335,183.47524646268593,288,0.0,0.0,0.0,0.0,0.0,288,0.0,0.0,0.0,0.0,0.0,288,0.7390754425745582,1.9957709734762643,-41.598724350217594,42.45956817930711,35.634332108416906
0,Initialization (epoch 0),1,ConvWeight_1,0.0,36,36,0.9996372515149378,0.9996756967184607,0.9994558543141326,0.9998337101828699,0.0002144303831391934,36,0.0007620216980846043,0.0007370477106014828,0.0006616653046970971,0.0009348887939661698,0.00011402934572823151,36,0.0007622751483832573,0.0007368585064259206,0.0006619072658954753,0.000930330318270285,0.00011456237700958134,36,0.026347630640821962,0.025783161299701315,0.018598231312879264,0.035202951114437206,0.007317610094652548,36,0.9997538763755125,0.9995157163717714,0.9955250484351477,1.0057749422238853,0.004660927361047434,36,0.0,0.0,0.0,0.0,0.0,36,0.0,0.0,0.0,0.0,0.0,36,1.0,1.0,0.9999999999999998,1.0000000000000002,1.32697032177375e-16,36,0.0007620216980846043,0.0007370477106014828,0.0006616653046970971,0.0009348887939661698,0.00011402934572823151,36,0.0007620216980846043,0.0007370477106014828,0.0006616653046970971,0.0009348887939661698,0.00011402934572823151,36,0.0,0.0,0.0,0.0,0.0,36,1.0,1.0,1.0,1.0,0.0,36,0.0,0.0,0.0,0.0,0.0,36,0.0,0.0,0.0,0.0,0.0,36,1.0,1.0,0.9999999999999998,1.0000000000000002,1.32697032177375e-16
0,Initialization (epoch 0),1,ConvWeight_1,1e-05,288,288,0.26755455657012106,0.262589956390957,0.2098454367466676,0.3274723002076146,0.048984277796032025,288,0.002830990210632408,0.0028215299982347936,0.0026540935916780973,0.003031440300760698,0.00014329525887584157,288,0.0007622751483832573,0.0007368585064259206,0.0006596067555257953,0.0009453977252482136,0.000113156650434892,288,3.6423548890005955,3.7135065327609844,2.8950683764131977,4.225423253890945,0.4987690059086664,288,3.77794128131508,3.841110635900506,3.064820287155506,4.352377665190805,0.4793785004075915,288,0.0,0.0,0.0,0.0,0.0,288,0.0,0.0,0.0,0.0,0.0,288,0.2675920723769309,0.2629742372902274,0.20992569028211053,0.32789248128897075,0.04895041752901445,288,0.002830990210632408,0.0028215299982347936,0.0026540935916780973,0.003031440300760698,0.00014329525887584157,288,0.0007620216980846044,0.0007370477106014828,0.0006584703687114771,0.0009503750534852765,0.00011263015966236271,288,3.64305379744258,3.7142558784129847,2.8814529885103353,4.224101167905374,0.49757366472228653,288,3.778722989479274,3.841613348857912,3.062684589845683,4.353521261951688,0.47827486379107453,288,0.0,0.0,0.0,0.0,0.0,288,0.0,0.0,0.0,0.0,0.0,288,0.9940695725047816,0.9894455296984173,0.8491505299850882,1.1551363322243084,0.12156399689057605
0,Initialization (epoch 0),1,ConvWeight_1,3e-05,288,288,0.09136760222420236,0.09090181273535958,0.04808705047128366,0.1366373728479638,0.036438012821062765,288,0.008211277827703875,0.008172687992647119,0.007668431348213022,0.008773556981977973,0.0004282990979441088,288,0.0007622751483832573,0.0007368585064259206,0.0006596067555257953,0.0009453977252482136,0.000113156650434892,288,10.926955833281735,11.140970227902596,8.685276299923975,12.673963954013368,1.4962421378677075,288,10.971940175296863,11.212660566036199,8.788733822023772,12.72512127350531,1.4891490946850203,288,0.0,0.0,0.0,0.0,0.0,288,0.0,0.0,0.0,0.0,0.0,288,0.09134175297353045,0.09030348911395074,0.047978991722289546,0.13648620145651705,0.03640486774237008,288,0.008211277827703875,0.008172687992647119,0.007668431348213022,0.008773556981977973,0.0004282990979441088,288,0.0007620216980846044,0.0007370477106014828,0.0006584703687114771,0.0009503750534852765,0.00011263015966236271,288,10.929161425193147,11.142768044560796,8.644358093707096,12.672304375721353,1.4927209872963632,288,10.974135026443786,11.175897805764585,8.748521561814503,12.710376400663508,1.4857628634269757,288,0.0,0.0,0.0,0.0,0.0,288,0.0,0.0,0.0,0.0,0.0,288,0.9822087108688342,0.968336499027088,0.5474513527929489,1.465409042919898,0.36469198643683115
0,Initialization (epoch 0),1,ConvWeight_1,0.0001,288,288,0.026442257528626712,0.026131978598361062,-0.014698516915118967,0.06859762972965898,0.03404509614971533,288,0.027263734845382748,0.027160047012817885,0.025449405457361934,0.029126877100300354,0.0014317868686543691,288,0.0007622751483832573,0.0007368585064259206,0.0006596067555257953,0.0009453977252482136,0.000113156650434892,288,36.42326958927933,37.13756992387292,28.95111771287142,42.244273007428696,4.987434834978603,288,36.435710720642035,37.159089232802,29.015791379737962,42.26057926863055,4.985061115770113,288,0.0,0.0,0.0,0.0,0.0,288,0.0,0.0,0.0,0.0,0.0,288,0.026393627601560492,0.026243671983351546,-0.01533583295636594,0.06883466629745776,0.03400947564720184,288,0.027263734845382748,0.027160047012817885,0.025449405457361934,0.029126877100300354,0.0014317868686543691,288,0.0007620216980846044,0.0007370477106014828,0.0006584703687114771,0.0009503750534852765,0.00011263015966236271,288,36.4305384707173,37.14256492962532,28.814516810858944,42.24102476011705,4.975736544496198,288,36.442935553488695,37.16552631740018,28.878788497863308,42.27422268089142,4.973514870924537,288,0.0,0.0,0.0,0.0,0.0,288,0.0,0.0,0.0,0.0,0.0,288,0.9406956251756652,0.8944539467594412,-0.508498257440099,2.5513640165908273,1.2156399055556357
0,Initialization (epoch 0),1,ConvWeight_1,0.0003,288,288,0.007786254354241563,0.007075743369283141,-0.03403014083511935,0.05042425658966661,0.0338018283252377,288,0.08176453236529374,0.0814492338352177,0.0763311893767838,0.08736528799027676,0.004296941218461424,288,0.0007622751483832573,0.0007368585064259206,0.0006596067555257953,0.0009453977252482136,0.000113156650434892,288,109.26994340469929,111.41355624392295,86.85347812502728,126.73087673821291,14.962280897818802,288,109.27306024979082,111.41232960817987,86.90660026720651,126.7282142882866,14.96126962108832,288,0.0,0.0,0.0,0.0,0.0,288,0.0,0.0,0.0,0.0,0.0,288,0.007731124696897502,0.006769876255273345,-0.03429864129893672,0.05042208414006153,0.033765431535700344,288,0.08176453236529374,0.0814492338352177,0.0763311893767838,0.08736528799027676,0.004296941218461424,288,0.0007620216980846044,0.0007370477106014828,0.0006584703687114771,0.0009503750534852765,0.00011263015966236271,288,109.2916188102614,111.42773585506735,86.44346334617931,126.72316158474099,14.927208957261938,288,109.29468205895374,111.4462329997325,86.49623419942355,126.74848227060406,14.926354777017302,288,0.0,0.0,0.0,0.0,0.0,288,0.0,0.0,0.0,0.0,0.0,288,0.8220862093606905,0.6833528404866789,-3.525518486989603,5.65409668003567,3.646919294818742
0,Initialization (epoch 0),1,ConvWeight_1,0.0005,288,288,0.004053305896405405,0.0031361610045828633,-0.037355411660509465,0.04687548779554415,0.03377927662501416,288,0.13627114841830984,0.13575561306537842,0.12721922509924838,0.1456067939304505,0.007161884381614606,288,0.0007622751483832573,0.0007368585064259206,0.0006596067555257953,0.0009453977252482136,0.000113156650434892,288,182.1166272732074,185.68944667642958,144.75572518200113,211.21731899444256,24.93712683015482,288,182.11787883852833,185.6808434692878,144.80653278989269,211.19681454862638,24.936388289187597,288,0.0,0.0,0.0,0.0,0.0,288,0.0,0.0,0.0,0.0,0.0,288,0.003996877466208693,0.0030763284756956943,-0.03762481438253392,0.0470315789685564,0.03374272728599244,288,0.13627114841830984,0.13575561306537842,0.12721922509924838,0.1456067939304505,0.007161884381614606,288,0.0007620216980846044,0.0007370477106014828,0.0006584703687114771,0.0009503750534852765,0.00011263015966236271,288,182.15270388592523,185.71296174233777,144.0722939382298,211.20541505431802,24.87868048787127,288,182.15389994355556,185.72966623405023,144.12276040574926,211.22915934922938,24.8781000612306,288,0.0,0.0,0.0,0.0,0.0,288,0.0,0.0,0.0,0.0,0.0,288,0.703475905318541,0.47223973471694314,-6.542570336225385,8.756835516886948,6.078198121775473
0,Initialization (epoch 0),2,ConvWeight_2,0.0,36,36,0.9997791513760702,0.9997824641466169,0.999720009726735,0.9998463161726869,4.9818196546275637e-05,36,0.0014254597576180755,0.0014324457019879284,0.001274247555050358,0.0015436140548217257,0.00010006364730621244,36,0.0014260671431390469,0.0014339965922142315,0.0012750163907438914,0.0015446009999948022,0.00010006042166229244,36,0.020890944823522432,0.02085946929533853,0.017552193453587273,0.02366922137534503,0.002403929990012887,36,0.9995721635493128,0.9995542304114233,0.9987722965465975,1.0003189697050356,0.0006057427297222916,36,0.0,0.0,0.0,0.0,0.0,36,0.0,0.0,0.0,0.0,0.0,36,1.0,1.0,0.9999999999999999,1.0000000000000002,1.18687833744435e-16,36,0.0014254597576180755,0.0014324457019879284,0.001274247555050358,0.0015436140548217257,0.00010006364730621244,36,0.0014254597576180755,0.0014324457019879284,0.001274247555050358,0.0015436140548217257,0.00010006364730621244,36,0.0,0.0,0.0,0.0,0.0,36,1.0,1.0,1.0,1.0,0.0,36,0.0,0.0,0.0,0.0,0.0,36,0.0,0.0,0.0,0.0,0.0,36,1.0,1.0,0.9999999999999999,1.0000000000000002,1.18687833744435e-16
0,Initialization (epoch 0),2,ConvWeight_2,1e-05,288,288,0.9978274733139462,0.9978545331591212,0.9973845134246987,0.9982430454510336,0.000332758172642339,288,0.001428226278877921,0.0014353465610102635,0.0012695355815831016,0.0015462927791475185,9.863603418418606e-05,288,0.0014260671431390467,0.0014339965922142315,0.0012663769718131452,0.001545697537339948,9.883263992908397e-05,288,0.06580747156354055,0.06559064447564453,0.0593119196909605,0.07235276050930152,0.005035265128442608,288,1.0015324250403568,1.0015200546092244,0.9997875102757281,1.0031603625256325,0.0012710505627478916,288,0.0,0.0,0.0,0.0,0.0,288,0.0,0.0,0.0,0.0,0.0,288,0.9980472313596521,0.9980523446669469,0.9976713499868742,0.9984273828188605,0.0002997191365556364,288,0.001428226278877921,0.0014353465610102635,0.0012695355815831016,0.0015462927791475185,9.863603418418606e-05,288,0.0014254597576180755,0.0014324457019879284,0.0012649500714790713,0.0015437637589034883,9.883582599305199e-05,288,0.06241576927634239,0.06249989282201186,0.05616122422825487,0.06838986299118013,0.004786127890616908,288,1.0019611354814795,1.0018589826312012,1.0005540435156468,1.00351677819913,0.0011522935082104388,288,0.0,0.0,0.0,0.0,0.0,288,0.0,0.0,0.0,0.0,0.0,288,1.000004442224519,0.9999679967454399,0.9986866755121541,1.001508055278522,0.001105452880485761
0,Initialization (epoch 0),2,ConvWeight_2,3e-05,288,288,0.9826202314462537,0.9826723275994563,0.9792539044709947,0.9858927072007638,0.002603674723317966,288,0.0014501779149365083,0.0014593107212948473,0.0012977693767682295,0.0015700884596585435,9.780153211450691e-05,288,0.0014260671431390467,0.0014339965922142315,0.0012663769718131452,0.001545697537339948,9.883263992908397e-05,288,0.1883272087739438,0.18845955736027303,0.16979880397441174,0.20691960283538804,0.014435570706751794,288,1.0170494657742764,1.0168960878489948,1.0114114037792021,1.0225079810376019,0.004288411707651646,288,0.0,0.0,0.0,0.0,0.0,288,0.0,0.0,0.0,0.0,0.0,288,0.9828352822318488,0.9828945678998052,0.9796221329721649,0.9861192707897152,0.0025716282565839536,288,0.0014501779149365083,0.0014593107212948473,0.0012977693767682295,0.0015700884596585435,9.780153211450691e-05,288,0.0014254597576180755,0.0014324457019879284,0.0012649500714790713,0.0015437637589034883,9.883582599305199e-05,288,0.1872473062987671,0.1874988558406121,0.16848341903486946,0.20516899296555413,0.014358380644819797,288,1.0174848845023827,1.0172075145093946,1.012241813622017,1.022752239944264,0.004271624858512836,288,0.0,0.0,0.0,0.0,0.0,288,0.0,0.0,0.0,0.0,0.0,288,1.0000133363230406,0.9999040741119297,0.9960600081744039,1.004524142253679,0.003316355404349684
0,Initialization (epoch 0),2,ConvWeight_2,0.0001,288,288,0.8480528854644225,0.8477188721139377,0.8248307440851641,0.8717791736475501,0.0183333520280339,288,0.0016795199191578282,0.0016864415254044796,0.001542079703788138,0.0018042480561035839,9.560744881615137e-05,288,0.0014260671431390467,0.0014339965922142315,0.0012663769718131452,0.001545697537339948,9.883263992908397e-05,288,0.6242316550474751,0.624829084112845,0.5614731663952609,0.6843270965420047,0.04787426882663689,288,1.1789856233416467,1.1780114304571225,1.1428665046999438,1.2143153817619166,0.027363694034691133,288,0.0,0.0,0.0,0.0,0.0,288,0.0,0.0,0.0,0.0,0.0,288,0.848233949724027,0.8478574360933413,0.825251103010857,0.8719498093327388,0.018304523885829805,288,0.0016795199191578282,0.0016864415254044796,0.001542079703788138,0.0018042480561035839,9.560744881615137e-05,288,0.0014254597576180755,0.0014324457019879284,0.0012649500714790713,0.0015437637589034883,9.883582599305199e-05,288,0.6241578665170958,0.6249867826578646,0.5616086355284129,0.6838898885269566,0.04786123960572456,288,1.179490493884312,1.1773965212724904,1.143936555192947,1.2148223041388484,0.027380626551366402,288,0.0,0.0,0.0,0.0,0.0,288,0.0,0.0,0.0,0.0,0.0,288,1.0000445669874516,0.9996812255885958,0.9868664796907431,1.0150801990568648,0.011054480303821449
0,Initialization (epoch 0),2,ConvWeight_2,0.0003,288,288,0.4723740193713526,0.4680630558721191,0.4372123544952955,0.5117371138126894,0.030245136873609926,288,0.0030187299236592064,0.003003623158369625,0.0028376514775362285,0.0032328948510903614,0.00015779684030672262,288,0.0014260671431390467,0.0014339965922142315,0.0012663769718131452,0.001545697537339948,9.883263992908397e-05,288,1.8717853950092396,1.8731501938502713,1.6831699937346727,2.0505227479353163,0.14353928054610013,288,2.122921228456354,2.1210633915322754,1.9562274779065194,2.284804639760723,0.12799821284082866,288,0.0,0.0,0.0,0.0,0.0,288,0.0,0.0,0.0,0.0,0.0,288,0.472467527445169,0.46820779449806726,0.43792921567999354,0.5119942623215245,0.030230203680188472,288,0.0030187299236592064,0.003003623158369625,0.0028376514775362285,0.0032328948510903614,0.00015779684030672262,288,0.0014254597576180755,0.0014324457019879284,0.0012649500714790713,0.0015437637589034883,9.883582599305199e-05,288,1.8724801907723883,1.874884730960965,1.6848073300883724,2.0516168787661444,0.14358362542462497,288,2.123829778730341,2.1215561418449456,1.9579972287482872,2.2843245455061494,0.1280628191134741,288,0.0,0.0,0.0,0.0,0.0,288,0.0,0.0,0.0,0.0,0.0,288,1.0001346659107873,0.9990520643271206,0.9605976028671169,1.0452382389814194,0.03316311910627375
0,Initialization (epoch 0),2,ConvWeight_2,0.0005,288,288,0.3064454465909093,0.30356154526345036,0.2745179952361979,0.34029207912977855,0.025848854096838837,288,0.004656986409833325,0.0046146912724195945,0.0043684133539645285,0.004999042369065463,0.0002577485446898031,288,0.0014260671431390467,0.0014339965922142315,0.0012663769718131452,0.001545697537339948,9.883263992908397e-05,288,3.1195484316047564,3.1219612634353724,2.8050396442199537,3.417306980198551,0.23921547329535933,288,3.276528968691682,3.280325168352599,2.982572671260047,3.562517439395718,0.22883008863281168,288,0.0,0.0,0.0,0.0,0.0,288,0.0,0.0,0.0,0.0,0.0,288,0.30650160518786085,0.3032686380627909,0.27484074474151615,0.340421617593816,0.02584060125169331,288,0.004656986409833325,0.0046146912724195945,0.0043684133539645285,0.004999042369065463,0.0002577485446898031,288,0.0014254597576180755,0.0014324457019879284,0.0012649500714790713,0.0015437637589034883,9.883582599305199e-05,288,3.1208237925393716,3.1246941644528965,2.807993827708689,3.4192861060189377,0.23930627432222865,288,3.2779307119019347,3.2811989155746035,2.9836300155989335,3.5648596894922133,0.2289413372675616,288,0.0,0.0,0.0,0.0,0.0,288,0.0,0.0,0.0,0.0,0.0,288,1.0002260514320334,0.998434086480767,0.9343262777699893,1.0753931346537289,0.05527133236407589
0,Initialization (epoch 0),3,DenseWeight_0,0.0,36,36,0.9999999944573248,0.9999999941557074,0.9999999927634847,0.9999999964807262,1.3970230086132244e-09,36,0.04740505702679094,0.047202869140592685,0.0424755884506401,0.053311107281886816,0.004185307579119113,36,0.04740498375965716,0.04720276307213657,0.04247554518997594,0.05331105093882808,0.004185312610456087,36,0.00010443575917274494,0.0001081280274307243,8.390316796987052e-05,0.00012032515090214737,1.3660780334786235e-05,36,1.0000015652635306,1.000001408143056,1.000000894846807,1.000002593856748,6.745240612226901e-07,36,0.0,0.0,0.0,0.0,0.0,36,0.0,0.0,0.0,0.0,0.0,36,1.0,1.0,0.9999999999999998,1.0000000000000002,1.2448085020131129e-16,36,0.04740505702679094,0.047202869140592685,0.0424755884506401,0.053311107281886816,0.004185307579119113,36,0.04740505702679094,0.047202869140592685,0.0424755884506401,0.053311107281886816,0.004185307579119113,36,0.0,0.0,0.0,0.0,0.0,36,1.0,1.0,1.0,1.0,0.0,36,0.0,0.0,0.0,0.0,0.0,36,0.0,0.0,0.0,0.0,0.0,36,1.0,1.0,0.9999999999999998,1.0000000000000002,1.2448085020131129e-16
0,Initialization (epoch 0),3,DenseWeight_0,1e-05,288,288,0.999999947133867,0.9999999480918932,0.9999999297391697,0.9999999634620301,1.2562796871526434e-08,288,0.04740502746920375,0.04720273555474092,0.04212199165106046,0.05474422395883082,0.004133934823400077,288,0.047404983759657154,0.04720276307213657,0.042121776229883175,0.054744400736492976,0.004133957136578231,288,0.0003229808160924468,0.0003223521422387037,0.00027032898900674707,0.0003749793456899705,3.87188181681495e-05,288,1.0000009686916422,1.00000126383157,0.9999888857668994,1.0000119532869791,8.804154791094905e-06,288,0.0,0.0,0.0,0.0,0.0,288,0.0,0.0,0.0,0.0,0.0,288,0.9999999526634427,0.9999999538661108,0.9999999366723138,0.9999999677381806,1.1755949282113483e-08,288,0.04740502746920375,0.04720273555474092,0.04212199165106046,0.05474422395883082,0.004133934823400077,288,0.04740505702679094,0.047202869140592685,0.042121823418996986,0.0547444615950103,0.004133952166977792,288,0.00030545633281613425,0.0003039245414517651,0.00025401726706295193,0.0003559074137243413,3.809325973935635e-05,288,0.999999403428756,0.9999995346454535,0.9999874661093737,1.000010059445662,8.745761656868796e-06,288,0.0,0.0,0.0,0.0,0.0,288,0.0,0.0,0.0,0.0,0.0,288,0.9999993560922308,0.9999995001817776,0.9999874370917388,1.000010013048825,8.746219560899461e-06
0,Initialization (epoch 0),3,DenseWeight_0,3e-05,288,288,0.999999568467072,0.9999995788375929,0.9999994241448014,0.9999997043273768,1.065588250381892e-07,288,0.04740498161757587,0.04720248099971288,0.04212234221549614,0.05474375824079586,0.004133899054263273,288,0.047404983759657154,0.04720276307213657,0.042121776229883175,0.054744400736492976,0.004133957136578231,288,0.0009223369614889019,0.0009180410926757518,0.000769658230012565,0.0010733403146167902,0.00011442825209126751,288,1.000000059572813,1.0000007279893257,0.9999638882959455,1.0000321720167824,2.627681186695578e-05,288,0.0,0.0,0.0,0.0,0.0,288,0.0,0.0,0.0,0.0,0.0,288,0.9999995739704429,0.9999995847987766,0.9999994300588683,0.9999997096518198,1.0580412750349254e-07,288,0.04740498161757587,0.04720248099971288,0.04212234221549614,0.05474375824079586,0.004133899054263273,288,0.04740505702679094,0.047202869140592685,0.042121823418996986,0.0547444615950103,0.004133952166977792,288,0.0009163685645053244,0.0009117918494842247,0.000762040163524008,0.0010677196547648703,0.00011427934464259207,288,0.9999984943107584,0.9999988108839934,0.9999625724624059,1.000030456385854,2.6234658326984686e-05,288,0.0,0.0,0.0,0.0,0.0,288,0.0,0.0,0.0,0.0,0.0,288,0.9999980682819414,0.9999985007137626,0.9999623112992202,1.0000300388121741,2.6238643230016646e-05
0,Initialization (epoch 0),3,DenseWeight_0,0.0001,288,288,0.9999952609258149,0.9999953822509645,0.9999936634224428,0.9999967673058223,1.1763447443547666e-06,288,0.04740496040411965,0.04720172254801329,0.042123717223137846,0.05474222854720363,0.004133762500635409,288,0.047404983759657154,0.04720276307213657,0.042121776229883175,0.054744400736492976,0.004133957136578231,288,0.0030563262989870294,0.0030411297770183386,0.002542810350533118,0.0035602549608660995,0.0003809703703602718,288,0.9999998599167643,1.0000007845851693,0.9998800276342013,1.0001064794171723,8.746105219840434e-05,288,0.0,0.0,0.0,0.0,0.0,288,0.0,0.0,0.0,0.0,0.0,288,0.9999952663374079,0.9999953868176279,0.9999936676685837,0.9999967742356948,1.1756136199643612e-06,288,0.04740496040411965,0.04720172254801329,0.042123717223137846,0.05474222854720363,0.004133762500635409,288,0.04740505702679094,0.047202869140592685,0.042121823418996986,0.0547444615950103,0.004133952166977792,288,0.003054557548980471,0.0030395195848230048,0.0025399988533090214,0.003559036147953509,0.00038092612378778326,288,0.999998294652819,0.9999987544752881,0.9998787866217357,1.0001043432927808,8.74229876147622e-05,288,0.0,0.0,0.0,0.0,0.0,288,0.0,0.0,0.0,0.0,0.0,288,0.9999935610010456,0.9999950043442251,0.9998743712774504,1.0001001254737365,8.74619639012739e-05
0,Initialization (epoch 0),3,DenseWeight_0,0.0003,288,288,0.9999573934220309,0.999958484422911,0.9999430205814475,0.9999709682862944,1.0580703722405593e-05,288,0.047406093495676906,0.04720069155821258,0.04212891411350156,0.054738717849150804,0.00413327495514865,288,0.047404983759657154,0.04720276307213657,0.042121776229883175,0.054744400736492976,0.004133957136578231,288,0.009164226648193394,0.009121027165704983,0.007620033799231452,0.010676930511876416,0.001142755030880732,288,1.0000248512563108,1.0000241554562967,0.9996705752543511,1.0003467140296254,0.00026221151578932546,288,0.0,0.0,0.0,0.0,0.0,288,0.0,0.0,0.0,0.0,0.0,288,0.999957398570892,0.9999584869462033,0.9999430206656525,0.999970977129761,1.058002566837677e-05,288,0.047406093495676906,0.04720069155821258,0.04212891411350156,0.054738717849150804,0.00413327495514865,288,0.04740505702679094,0.047202869140592685,0.042121823418996986,0.0547444615950103,0.004133952166977792,288,0.009163654280137113,0.009120408462780486,0.007618858431384702,0.010676877466349254,0.0011427364573649347,288,1.0000232859458076,1.0000224075698518,0.9996690541507612,1.0003453210183395,0.0002621699923310654,288,0.0,0.0,0.0,0.0,0.0,288,0.0,0.0,0.0,0.0,0.0,288,0.9999806835280557,0.9999850298756685,0.9996231162327835,1.0003003429911073,0.00026238434928605147
0,Initialization (epoch 0),3,DenseWeight_0,0.0005,288,288,0.9998816684747752,0.9998847065758654,0.9998417716245179,0.9999193976875136,2.938486731128164e-05,288,0.04740899492110043,0.04720134440771344,0.04213598854694211,0.054736480927116464,0.004132643164793281,288,0.047404983759657154,0.04720276307213657,0.042121776229883175,0.054744400736492976,0.004133957136578231,288,0.01527311361181449,0.01520419910659385,0.012697661861572349,0.017794297623403565,0.00190450903707753,288,1.0000877093179124,1.0000798558071669,0.9995084887217143,1.000632581378986,0.00043713469617902924,288,0.0,0.0,0.0,0.0,0.0,288,0.0,0.0,0.0,0.0,0.0,288,0.9998816733601742,0.9998847070595365,0.9998417675447119,0.9999194084479268,2.9384244310311922e-05,288,0.04740899492110043,0.04720134440771344,0.04213598854694211,0.054736480927116464,0.004132643164793281,288,0.04740505702679094,0.047202869140592685,0.042121823418996986,0.0547444615950103,0.004133952166977792,288,0.015272772869820388,0.015203813952671869,0.012696757566098123,0.017794462045070347,0.0019044937631037748,288,1.000086143899887,1.0000774832360626,0.9995068400737906,1.0006310365511224,0.0004370883955000368,288,0.0,0.0,0.0,0.0,0.0,288,0.0,0.0,0.0,0.0,0.0,288,0.9999678067549568,0.9999750778644366,0.9993718643886927,1.0005005159350087,0.000437304683407442
30,Trained (epoch 30),0,ConvWeight_0,0.0,36,36,0.9999986304838734,0.9999999338245951,0.9999967434359112,0.9999999951081878,3.6732437672402184e-06,36,0.0015105628753498458,0.0013156084426639964,0.000767361253100841,0.0025152313785652583,0.000718101263112733,36,0.0015106990999586246,0.0013156382090347936,0.0007674876275250157,0.0025154673990528753,0.0007181033209343375,36,0.0010299614692115182,0.000418877358882671,0.0001470424150147379,0.002652133064767544,0.001479949942327272,36,0.9998739562434688,0.9999006482633779,0.9993875172913516,1.0001675649430175,0.0006694761799863792,36,0.0,0.0,0.0,0.0,0.0,36,0.0,0.0,0.0,0.0,0.0,36,1.0,1.0,0.9999999999999999,1.0,1.1568259067378855e-16,36,0.0015105628753498458,0.0013156084426639964,0.000767361253100841,0.0025152313785652583,0.000718101263112733,36,0.0015105628753498458,0.0013156084426639964,0.000767361253100841,0.0025152313785652583,0.000718101263112733,36,0.0,0.0,0.0,0.0,0.0,36,1.0,1.0,1.0,1.0,0.0,36,0.0,0.0,0.0,0.0,0.0,36,0.0,0.0,0.0,0.0,0.0,36,1.0,1.0,0.9999999999999999,1.0,1.1568259067378855e-16
30,Trained (epoch 30),0,ConvWeight_0,1e-05,288,288,0.14822736129207065,0.13273097481217117,0.008900194388893397,0.31437436177895084,0.11631063224720575,288,0.01012351601499701,0.010063282063618357,0.009111560565764539,0.011213056617788956,0.0007981540785643203,288,0.0015106990999586246,0.0013156382090347936,0.0007435466104776384,0.002534444050064442,0.000709291903539204,288,8.041932431596127,7.455363959085384,3.7972655507075928,13.292499984862804,3.432509530532089,288,8.11730352327415,7.483543410907689,3.9013028514529906,13.27811816607322,3.388576321224826,288,0.0,0.0,0.0,0.0,0.0,288,0.0,0.0,0.0,0.0,0.0,288,0.1482327446878008,0.13285308911700378,0.009018801216035188,0.31436382729533346,0.11630811701010942,288,0.01012351601499701,0.010063282063618357,0.009111560565764539,0.011213056617788956,0.0007981540785643203,288,0.001510562875349846,0.0013156084426639964,0.000743403022358455,0.00253412578087148,0.0007092898709679004,288,8.043187472710997,7.455464010700236,3.7969627511015163,13.294545364705021,3.4334796847665605,288,8.118571381355707,7.482165650467969,3.9015610085972736,13.280462485365208,3.389539345683754,288,0.0,0.0,0.0,0.0,0.0,288,0.0,0.0,0.0,0.0,0.0,288,0.9597858877412576,0.9866562212336865,0.08637323423444726,1.7721314238348245,0.7199931239258374
30,Trained (epoch 30),0,ConvWeight_0,3e-05,288,288,0.05100520259126896,0.0404152766482222,-0.061522545272559494,0.17657540430596858,0.09479260883831447,288,0.02998297256128071,0.02975464288420475,0.027182576585676115,0.033169929138247206,0.0023027978209434873,288,0.0015106990999586246,0.0013156382090347936,0.0007435466104776384,0.002534444050064442,0.000709291903539204,288,24.12577794660634,22.3658390559018,11.391745604366571,39.877521085346025,10.297519738048852,288,24.151809046021892,22.336086196841848,11.398507877232891,39.86085688869308,10.273212268880922,288,0.0,0.0,0.0,0.0,0.0,288,0.0,0.0,0.0,0.0,0.0,288,0.051010502049840284,0.04038383764853053,-0.0614392756229417,0.1765924557074959,0.09479077124311842,288,0.02998297256128071,0.02975464288420475,0.027182576585676115,0.033169929138247206,0.0023027978209434873,288,0.001510562875349846,0.0013156084426639964,0.000743403022358455,0.00253412578087148,0.0007092898709679004,288,24.129562414351675,22.366391916839664,11.390888210571347,39.88363607693364,10.300439063037928,288,24.155601297248108,22.339610826563003,11.397670857049027,39.86461696392368,10.276124332244859,288,0.0,0.0,0.0,0.0,0.0,288,0.0,0.0,0.0,0.0,0.0,288,0.8793576619585493,0.9599688618120252,-1.7408806255781069,3.3163940311320115,2.1599793717526974
30,Trained (epoch 30),0,ConvWeight_0,0.0001,288,288,0.01603530964707006,0.010926930500847379,-0.09333513794316431,0.12920803618870239,0.08992807377985505,288,0.09977435424159968,0.09898083722122047,0.09049447005843222,0.1103147108481124,0.00764587280193689,288,0.0015106990999586246,0.0013156382090347936,0.0007435466104776384,0.002534444050064442,0.000709291903539204,288,80.41923776892672,74.55250065204365,37.972435153519,132.92509514450748,34.32505522274426,288,80.42774988873292,74.50527249851504,37.96667832856669,132.92884691819134,34.30789335860196,288,0.0,0.0,0.0,0.0,0.0,288,0.0,0.0,0.0,0.0,0.0,288,0.01604056967276084,0.010859589285084886,-0.0933150027404175,0.1295163410295184,0.08992651446440153,288,0.09977435424159968,0.09898083722122047,0.09049447005843222,0.1103147108481124,0.00764587280193689,288,0.001510562875349846,0.0013156084426639964,0.000743403022358455,0.00253412578087148,0.0007092898709679004,288,80.43187465870594,74.5546381881759,37.96962695538773,132.9454537518385,34.334797008664374,288,80.44039278299243,74.5075392532726,37.96389034294457,132.94748429507456,34.31762784139324,288,0.0,0.0,0.0,0.0,0.0,288,0.0,0.0,0.0,0.0,0.0,288,0.5978588640374298,0.8665649306047667,-8.136272555352923,8.721310927875425,7.199931287540229
30,Trained (epoch 30),0,ConvWeight_0,0.0003,288,288,0.006005287481515102,0.0029794991151855105,-0.10318042229354157,0.11995519188419847,0.0889492281666947,288,0.29926098621849223,0.29685368353926034,0.27147572155830524,0.33078066295276587,0.022923122393732648,288,0.0015106990999586246,0.0013156382090347936,0.0007435466104776384,0.002534444050064442,0.000709291903539204,288,241.2576941459143,223.65723612774426,113.91726202111863,398.7753081411386,102.9751575202715,288,241.26119018790976,223.6055727690083,113.90274341581085,398.76056239803864,102.96005038367265,288,0.0,0.0,0.0,0.0,0.0,288,0.0,0.0,0.0,0.0,0.0,288,0.006010535113212929,0.002865173394664154,-0.10318999032351658,0.11996725996843181,0.08894774969895636,288,0.29926098621849223,0.29685368353926034,0.27147572155830524,0.33078066295276587,0.022923122393732648,288,0.001510562875349846,0.0013156084426639964,0.000743403022358455,0.00253412578087148,0.0007092898709679004,288,241.29562350645438,223.66390126199235,113.90887731805078,398.8363627870481,103.00439215389017,288,241.29912504411448,223.61236697915743,113.89437926005787,398.8164617766132,102.9892777019233,288,0.0,0.0,0.0,0.0,0.0,288,0.0,0.0,0.0,0.0,0.0,288,-0.20642352125151986,0.5997125453631924,-26.408850233366937,24.163911007998582,21.599794319491092
30,Trained (epoch 30),0,ConvWeight_0,0.0005,288,288,0.003998181502333072,0.0009503554780788161,-0.10499135481504208,0.11811391476634413,0.08877753730633649,288,0.498754990067633,0.49473075087295715,0.45246055563430265,0.5512506711229437,0.03820121070136366,288,0.0015106990999586246,0.0013156382090347936,0.0007435466104776384,0.002534444050064442,0.000709291903539204,288,402.09614990801515,372.7619538378788,189.8620844036214,664.6255232033711,171.62526130790204,288,402.0986424068351,372.7094038762991,189.84581373212345,664.5942406463712,171.6105655701234,288,0.0,0.0,0.0,0.0,0.0,288,0.0,0.0,0.0,0.0,0.0,288,0.00400342659286625,0.0008711734354268276,-0.10500092185430401,0.11811244738419986,0.08877607499345437,288,0.498754990067633,0.49473075087295715,0.45246055563430265,0.5512506711229437,0.03820121070136366,288,0.001510562875349846,0.0013156084426639964,0.000743403022358455,0.00253412578087148,0.0007092898709679004,288,402.15937172415954,372.7731465657607,189.84812294898654,664.7272738884989,171.67398879598204,288,402.161869616874,372.7207256515004,189.8318728918286,664.6874023022474,171.65928574035394,288,0.0,0.0,0.0,0.0,0.0,288,0.0,0.0,0.0,0.0,0.0,288,-1.0107060601920437,0.33288381217491503,-44.68147140939229,39.6064820310981,35.99965796178034
30,Trained (epoch 30),1,ConvWeight_1,0.0,36,36,0.9999977158750597,0.9999999598806284,0.9999959088990351,0.9999999924893904,7.258008485212902e-06,36,0.008602303161080465,0.008126370404891937,0.005406609107027731,0.012440355955919608,0.0028855550424076552,36,0.008602799937579788,0.008126144751964624,0.005406623832033096,0.012445486722072682,0.002886130614071806,36,0.0010903900731544641,0.0002973412209222912,0.00012842826679473695,0.002920811196755752,0.001906320527465092,36,0.9999545824029727,0.9999875942963643,0.999647686043125,1.0001286385258452,0.00039883396807404673,36,0.0,0.0,0.0,0.0,0.0,36,0.0,0.0,0.0,0.0,0.0,36,1.0,1.0,0.9999999999999998,1.0000000000000002,1.5475000224300253e-16,36,0.008602303161080465,0.008126370404891937,0.005406609107027731,0.012440355955919608,0.0028855550424076552,36,0.008602303161080465,0.008126370404891937,0.005406609107027731,0.012440355955919608,0.0028855550424076552,36,0.0,0.0,0.0,0.0,0.0,36,1.0,1.0,1.0,1.0,0.0,36,0.0,0.0,0.0,0.0,0.0,36,0.0,0.0,0.0,0.0,0.0,36,1.0,1.0,0.9999999999999998,1.0000000000000002,1.5475000224300253e-16
30,Trained (epoch 30),1,ConvWeight_1,1e-05,288,288,0.3210166772538551,0.3109907687916802,0.20344992908666723,0.4512600652810249,0.0968777835368122,288,0.02630225304322692,0.026013209895424737,0.024260821106777443,0.02855855454295553,0.0017742991274878443,288,0.00860279993757979,0.008126144751964624,0.0053818663342346815,0.012875754448476754,0.0028507166273151778,288,3.18729190674934,3.024495712448143,2.0148518512784146,4.498310288338059,1.0188808946744061,288,3.352110683507115,3.1865101526539688,2.202196836221151,4.617777409480024,0.9723731717190585,288,0.0,0.0,0.0,0.0,0.0,288,0.0,0.0,0.0,0.0,0.0,288,0.3210172008265906,0.3110511541581697,0.20344845365127132,0.4512310927603021,0.09688088982087718,288,0.02630225304322692,0.026013209895424737,0.024260821106777443,0.02855855454295553,0.0017742991274878443,288,0.008602303161080464,0.008126370404891937,0.005381501347666206,0.012875277640540198,0.002850148118147503,288,3.187393117130874,3.024555806755899,2.0158757924986324,4.498032275485247,1.0188447874599418,288,3.352223253803161,3.1865511550257297,2.203680140097304,4.617492152870646,0.9723259672887066,288,0.0,0.0,0.0,0.0,0.0,288,0.0,0.0,0.0,0.0,0.0,288,0.9928102835825585,0.9948258203396403,0.853588804415031,1.1448294959274543,0.11779409709340768
30,Trained (epoch 30),1,ConvWeight_1,3e-05,288,288,0.11211943429582814,0.10776931096788481,0.05022390068230477,0.17883086448062527,0.05192249091816987,288,0.07475420869034913,0.07427533295125774,0.06992975533814129,0.07979273504709516,0.004175602541058725,288,0.00860279993757979,0.008126144751964624,0.0053818663342346815,0.012875754448476754,0.0028507166273151778,288,9.561873944520723,9.073529636994008,6.044653323950035,13.4949304250764,3.0566492957596845,288,9.616785158410954,9.141517696827487,6.0914663952391255,13.541791349750605,3.040793347141718,288,4.709502797067901e-08,0.0,0.0,0.0,7.992291273176941e-07,288,0.0,0.0,0.0,0.0,0.0,288,0.1121194877548233,0.10778878531744952,0.05022109236146581,0.17880763133688782,0.051925368303028165,288,0.07475420869034913,0.07427533295125774,0.06992975533814129,0.07979273504709516,0.004175602541058725,288,0.008602303161080464,0.008126370404891937,0.005381501347666206,0.012875277640540198,0.002850148118147503,288,9.562179345791568,9.07366732494709,6.047627404019555,13.49409666634978,3.0565343625719765,288,9.617094384295248,9.141615030807051,6.095571283802364,13.540954824915648,3.040673886343588,288,4.709502797067901e-08,0.0,0.0,0.0,7.992291273176941e-07,288,0.0,0.0,0.0,0.0,0.0,288,0.97843085441099,0.9844773747078723,0.5607664512166752,1.4344884656945658,0.3533822929748687
30,Trained (epoch 30),1,ConvWeight_1,0.0001,288,288,0.031957941738779534,0.03243712027466027,-0.01640545778909119,0.0783705303925791,0.039975239858236825,288,0.24758114881956628,0.24584106102917036,0.230098361239279,0.2645810664369938,0.013733958152426973,288,0.00860279993757979,0.008126144751964624,0.0053818663342346815,0.012875754448476754,0.0028507166273151778,288,31.87291301153643,30.245147404747808,20.148960605163904,44.983099241321646,10.188837325960899,288,31.88751122990915,30.25621036959834,20.128923316078986,45.004097660057035,10.185161173184333,288,0.0,0.0,0.0,0.0,0.0,288,0.0,0.0,0.0,0.0,0.0,288,0.03195779790992869,0.032441632238005266,-0.016403544134451848,0.07831534619320887,0.039977296040863634,288,0.24758114881956628,0.24584106102917036,0.230098361239279,0.2645810664369938,0.013733958152426973,288,0.008602303161080464,0.008126370404891937,0.005381501347666206,0.012875277640540198,0.002850148118147503,288,31.873931087136732,30.24555663760216,20.158758319085255,44.98032034854085,10.188447877438431,288,31.88853029733461,30.256598821552608,20.138669800833057,45.00131759615004,10.184769715774353,288,0.0,0.0,0.0,0.0,0.0,288,0.0,0.0,0.0,0.0,0.0,288,0.9281028914815893,0.948256909166965,-0.46411137602541136,2.4482946283555447,1.177940996163082
30,Trained (epoch 30),1,ConvWeight_1,0.0003,288,288,0.00881218039114915,0.010655826548584041,-0.04136427019491707,0.05339638705705388,0.03892869140575524,288,0.7423578514703759,0.7370004012654562,0.6897665975092683,0.7920723011100943,0.04112894946851647,288,0.00860279993757979,0.008126144751964624,0.0053818663342346815,0.012875754448476754,0.0028507166273151778,288,95.61873898249473,90.7354753127591,60.44698429675836,134.94928142119295,30.566517036179402,288,95.62175951147941,90.73552056980701,60.41044384167068,134.9628729889922,30.566369241556192,288,0.0,0.0,0.0,0.0,0.0,288,0.0,0.0,0.0,0.0,0.0,288,0.00881197778386226,0.01065602871266908,-0.04136796929075844,0.053399110725527256,0.03893031241827073,288,0.7423578514703759,0.7370004012654562,0.6897665975092683,0.7920723011100943,0.04112894946851647,288,0.008602303161080464,0.008126370404891937,0.005381501347666206,0.012875277640540198,0.002850148118147503,288,95.62179270088377,90.73666037883518,60.47627758044052,134.94094499669254,30.56534365147067,288,95.6248134057717,90.73668471189518,60.43967782257897,134.95453585012064,30.565194575297564,288,0.0,0.0,0.0,0.0,0.0,288,0.0,0.0,0.0,0.0,0.0,288,0.7843090469486336,0.8447620973021923,-3.392330236906246,5.344881677822388,3.533823156175044
30,Trained (epoch 30),1,ConvWeight_1,0.0005,288,288,0.004179275163827023,0.005626270432265646,-0.04671189419100077,0.04972260816187854,0.038885729381957335,288,1.2372227355453145,1.2283908654955185,1.1495962505368673,1.3201691230694093,0.06852840224730644,288,0.00860279993757979,0.008126144751964624,0.0053818663342346815,0.012875754448476754,0.0028507166273151778,288,159.36456425877753,151.22579051140363,100.7450115312586,224.91544220518875,50.94419673728283,288,159.36526838380456,151.22363182385618,100.70517386527187,224.92755198040612,50.94475528335207,288,0.0,0.0,0.0,0.0,0.0,288,0.0,0.0,0.0,0.0,0.0,288,0.004179060700272459,0.005626841257319838,-0.0467191444998502,0.04972328085847317,0.038887254898521816,288,1.2372227355453145,1.2283908654955185,1.1495962505368673,1.3201691230694093,0.06852840224730644,288,0.008602303161080464,0.008126370404891937,0.005381501347666206,0.012875277640540198,0.002850148118147503,288,159.36965356944853,151.22775140991956,100.79380034101808,224.9015482496911,50.942239451753544,288,159.37035770709886,151.22557176973623,100.75390175799447,224.91365740187965,50.94279686186332,288,0.0,0.0,0.0,0.0,0.0,288,0.0,0.0,0.0,0.0,0.0,288,0.6405156991545659,0.7412557784750616,-6.320543909538149,8.241465784234611,5.88970553976703
30,Trained (epoch 30),2,ConvWeight_2,0.0,36,36,0.9999939913525113,0.9999999722341704,0.9999819410935494,0.9999999971788421,1.598162025149784e-05,36,0.0983085725895829,0.09835270068954124,0.06810583617985842,0.12836670351064483,0.0249062092772747,36,0.09830818768320769,0.0983614969494791,0.06810616466804509,0.1283667283455267,0.02490590231076567,36,0.0017021857666389896,0.0002483785283223336,7.57920400625694e-05,0.005821251976282103,0.0030638720511418673,36,1.0000024875126308,1.0000060064577556,0.9999139826906449,1.0000767027455864,8.522178123568017e-05,36,0.0,0.0,0.0,0.0,0.0,36,0.0,0.0,0.0,0.0,0.0,36,1.0,1.0,0.9999999999999999,1.0000000000000002,1.3401743317813905e-16,36,0.0983085725895829,0.09835270068954124,0.06810583617985842,0.12836670351064483,0.0249062092772747,36,0.0983085725895829,0.09835270068954124,0.06810583617985842,0.12836670351064483,0.0249062092772747,36,0.0,0.0,0.0,0.0,0.0,36,1.0,1.0,1.0,1.0,0.0,36,0.0,0.0,0.0,0.0,0.0,36,0.0,0.0,0.0,0.0,0.0,36,1.0,1.0,0.9999999999999999,1.0000000000000002,1.3401743317813905e-16
30,Trained (epoch 30),2,ConvWeight_2,1e-05,288,288,0.9778454132737175,0.9811358416182901,0.9621130750367697,0.9895289928547729,0.010619920979749392,288,0.10028109196098474,0.10012119827716633,0.07061227059695731,0.13234334535159067,0.024152674917591006,288,0.09830818768320768,0.0983614969494791,0.0680671414985951,0.13107342946925415,0.024600296843606657,288,0.2086408047341879,0.19708895021096473,0.14567586807907332,0.283430910652353,0.051698527638736155,288,1.0225397127211193,1.019157965183985,1.0096636515707054,1.040930827731202,0.011922752840823187,288,0.0,0.0,0.0,0.0,0.0,288,0.0,0.0,0.0,0.0,0.0,288,0.9778507642563533,0.9811577624920889,0.9621126484538426,0.9895292378936457,0.010621968807993475,288,0.10028109196098474,0.10012119827716633,0.07061227059695731,0.13234334535159067,0.024152674917591006,288,0.09830857258958291,0.09835270068954124,0.06806637615586904,0.13107442953118373,0.024600600043512808,288,0.20861243165202012,0.19707226350936974,0.14567781217952447,0.28341695617198054,0.051711149799867545,288,1.0225373231658783,1.0191195734470937,1.0096653508589535,1.040926244747349,0.011935899109460451,288,0.0,0.0,0.0,0.0,0.0,288,0.0,0.0,0.0,0.0,0.0,288,0.9997703217502232,0.9996251088918721,0.9948450982054243,1.0052734417917253,0.004020588757848142
30,Trained (epoch 30),2,ConvWeight_2,3e-05,288,288,0.8465804834029383,0.860349306439548,0.7615578051594317,0.9155942906141067,0.0579192890975112,288,0.11475234815756287,0.11359669124879053,0.08858483724632407,0.1429849765043341,0.02156279857445649,288,0.09830818768320768,0.0983614969494791,0.0680671414985951,0.13107342946925415,0.024600296843606657,288,0.6258446591942026,0.5911552489425429,0.43702673997731084,0.8502892594224781,0.15512184209300137,288,1.1861526732130974,1.1609786510426265,1.0889322851165468,1.3158938920815024,0.08571020229964586,288,0.0,0.0,0.0,0.0,0.0,288,0.0,0.0,0.0,0.0,0.0,288,0.8465842356772365,0.8602910505906576,0.7615575995193663,0.9155942739293859,0.057920498966611854,288,0.11475234815756287,0.11359669124879053,0.08858483724632407,0.1429849765043341,0.02156279857445649,288,0.09830857258958291,0.09835270068954124,0.06806637615586904,0.13107442953118373,0.024600600043512808,288,0.6258372947497014,0.5912167946038951,0.4370334344027274,0.8502508864001392,0.15513344972265683,288,1.1861507618304497,1.1609748518243694,1.0889244307447994,1.315858950702243,0.0857260813867832,288,0.0,0.0,0.0,0.0,0.0,288,0.0,0.0,0.0,0.0,0.0,288,0.999310965358569,0.9988753258498098,0.9845352914943613,1.0158203222685631,0.012061765889892216
30,Trained (epoch 30),2,ConvWeight_2,0.0001,288,288,0.44628279758031497,0.45180891732129486,0.33265876527733945,0.5645348209313917,0.08742927071767186,288,0.21791622668566404,0.21509790606136578,0.19906810617620585,0.24303380580236317,0.0170074047144771,288,0.09830818768320768,0.0983614969494791,0.0680671414985951,0.13107342946925415,0.024600296843606657,288,2.08612413122528,1.970580958492949,1.4567548203216063,2.834293771716364,0.5170812965741693,288,2.3229258578558922,2.213625475775962,1.762803519931353,3.0107450990406144,0.46748587776558964,288,0.0,0.0,0.0,0.0,0.0,288,0.0,0.0,0.0,0.0,0.0,288,0.4462829945172171,0.451834389396306,0.3326556827445632,0.5645334715884689,0.08742913615580859,288,0.21791622668566404,0.21509790606136578,0.19906810617620585,0.24303380580236317,0.0170074047144771,288,0.09830857258958291,0.09835270068954124,0.06806637615586904,0.13107442953118373,0.024600600043512808,288,2.0861243134180607,1.9707226960121387,1.4567780898295082,2.834169829857392,0.5171115028542045,288,2.3229252604658748,2.21371917779572,1.762809807689695,3.0107964779498455,0.46751906972588636,288,0.0,0.0,0.0,0.0,0.0,288,0.0,0.0,0.0,0.0,0.0,288,0.9977032191224663,0.996251076498096,0.9484509351689161,1.0527343712751012,0.040205881827103725
30,Trained (epoch 30),2,ConvWeight_2,0.0003,288,288,0.16571857267572876,0.1661985803694573,0.11432754202869494,0.22797434532405883,0.043578097056020414,288,0.5888656578162428,0.5861804771227446,0.5443373563857347,0.6305672882114256,0.03773342489678872,288,0.09830818768320768,0.0983614969494791,0.0680671414985951,0.13107342946925415,0.024600296843606657,288,6.25837004164088,5.911852938914276,4.370263444398516,8.502879731165917,1.55124482141362,288,6.34125208318004,6.005693906548405,4.486218931884411,8.56396035538914,1.5323578261964867,288,0.0,0.0,0.0,0.0,0.0,288,0.0,0.0,0.0,0.0,0.0,288,0.16571672885940822,0.16609386747411245,0.11432385501883348,0.2278872141955363,0.0435771175115883,288,0.5888656578162428,0.5861804771227446,0.5443373563857347,0.6305672882114256,0.03773342489678872,288,0.09830857258958291,0.09835270068954124,0.06806637615586904,0.13107442953118373,0.024600600043512808,288,6.25837291991312,5.912168494284151,4.3703340566918545,8.502511277152227,1.5513345410199422,288,6.341252728769039,6.006395553445948,4.486339374123471,8.56359094747863,1.5324494822891341,288,0.0,0.0,0.0,0.0,0.0,288,0.0,0.0,0.0,0.0,0.0,288,0.9931096681836082,0.9887531466162776,0.845352492879645,1.1582028028479447,0.12061760714674533
30,Trained (epoch 30),2,ConvWeight_2,0.0005,288,288,0.0999575028976686,0.09880926145536688,0.06333338609846699,0.14352365254761912,0.030577861721337113,288,0.9722189428387276,0.9689993207003227,0.8994531990624562,1.0425301405339564,0.0625389799585841,288,0.09830818768320768,0.0983614969494791,0.0680671414985951,0.13107342946925415,0.024600296843606657,288,10.430617602814673,9.85313037639784,7.283771786628827,14.171468077954014,2.5854078229853084,288,10.480080334696416,9.910248212475214,7.351403987366295,14.209194873098276,2.574279144982438,288,0.0,0.0,0.0,0.0,0.0,288,0.0,0.0,0.0,0.0,0.0,288,0.09995522305400167,0.09881120422149767,0.06333120277888153,0.14352123393314717,0.03057638370560525,288,0.9722189428387276,0.9689993207003227,0.8994531990624562,1.0425301405339564,0.0625389799585841,288,0.09830857258958291,0.09835270068954124,0.06806637615586904,0.13107442953118373,0.024600600043512808,288,10.430621500163689,9.853614834934849,7.283889740401888,14.170855109043186,2.5855576226562507,288,10.480081721545098,9.91140621810035,7.351523536069931,14.208581957020868,2.5744306389609286,288,0.0,0.0,0.0,0.0,0.0,288,0.0,0.0,0.0,0.0,0.0,288,0.9885161316679913,0.9812551062295587,0.7422536337499531,1.2636708197748818,0.2010292813548616
30,Trained (epoch 30),3,DenseWeight_0,0.0,36,36,0.999999992521844,0.9999999939178176,0.9999999867023364,0.9999999974558802,4.914655761038153e-09,36,0.032920042662315435,0.03166426708137184,0.02403513026474991,0.04419697301245271,0.007740171274352761,36,0.032920277380779156,0.031664489229862286,0.024035227534332765,0.04419820996841331,0.0077401743780107415,36,0.00012029282146610646,0.00011091852343684958,7.565888802850003e-05,0.0001641278765809726,4.059774240881759e-05,36,0.9999921530568151,0.9999942038406913,0.9999546241337671,1.0000317947966266,3.2942867534622106e-05,36,0.0,0.0,0.0,0.0,0.0,36,0.0,0.0,0.0,0.0,0.0,36,1.0,1.0,0.9999999999999998,1.0000000000000002,1.6784994417006302e-16,36,0.032920042662315435,0.03166426708137184,0.02403513026474991,0.04419697301245271,0.007740171274352761,36,0.032920042662315435,0.03166426708137184,0.02403513026474991,0.04419697301245271,0.007740171274352761,36,0.0,0.0,0.0,0.0,0.0,36,1.0,1.0,1.0,1.0,0.0,36,0.0,0.0,0.0,0.0,0.0,36,0.0,0.0,0.0,0.0,0.0,36,1.0,1.0,0.9999999999999998,1.0000000000000002,1.6784994417006302e-16
30,Trained (epoch 30),3,DenseWeight_0,1e-05,288,288,0.9999833711429176,0.999984876736435,0.9999722236748744,0.9999923394986429,7.673414230317727e-06,288,0.03292088103126497,0.03167363255348511,0.023343102844554337,0.04610717969631442,0.007643816094815952,288,0.03292027738077915,0.031664489229862286,0.02333276772423019,0.046114963583901374,0.007645199316390038,288,0.005630564982154916,0.005515154752673642,0.0039145943505502845,0.007472667216482288,0.0013180913654146727,288,1.0000265248417066,1.0000185270503277,0.9995229883392863,1.0005680053960657,0.000418898815765399,288,0.0,0.0,0.0,0.0,0.0,288,0.0,0.0,0.0,0.0,0.0,288,0.9999833791790039,0.9999849284605328,0.9999721934305826,0.9999923258134802,7.669960879443818e-06,288,0.03292088103126497,0.03167363255348511,0.023343102844554337,0.04610717969631442,0.007643816094815952,288,0.03292004266231544,0.03166426708137184,0.023332096370990225,0.0461133318856786,0.007645196250815192,288,0.005629018474542804,0.0055243397944004635,0.003917875619558034,0.007468076991778106,0.0013175321000934942,288,1.000034370763698,1.00002913678164,0.9995265590272668,1.0005566481165984,0.00041452674558388177,288,0.0,0.0,0.0,0.0,0.0,288,0.0,0.0,0.0,0.0,0.0,288,1.0000177491160527,1.0000147502440577,0.9995073887976472,1.0005346854386503,0.0004139712188467318
30,Trained (epoch 30),3,DenseWeight_0,3e-05,288,288,0.9998504568043928,0.9998641344683934,0.9997498274832401,0.9999309933018262,6.899026882187266e-05,288,0.03292551808399783,0.03169398849588626,0.02336884728897098,0.046097053150375766,0.007640441334261645,288,0.03292027738077915,0.031664489229862286,0.02333276772423019,0.046114963583901374,0.007645199316390038,288,0.0168875953464193,0.01655941673579794,0.011748857485120766,0.022409862815700368,0.0039528796898537786,288,1.0001949766465157,1.0001643714552313,0.9986799046880489,1.001775195737808,0.001251375194917531,288,0.0,0.0,0.0,0.0,0.0,288,0.0,0.0,0.0,0.0,0.0,288,0.9998504659873017,0.9998642648810192,0.9997497196938343,0.9999309432100111,6.898624358865444e-05,288,0.03292551808399783,0.03169398849588626,0.02336884728897098,0.046097053150375766,0.007640441334261645,288,0.03292004266231544,0.03166426708137184,0.023332096370990225,0.0461133318856786,0.007645196250815192,288,0.016887055590838224,0.016573018959075446,0.011753627051376728,0.022404227927673454,0.0039525963581638485,288,1.000202821527715,1.0001693547375683,0.9986872867393982,1.0017570118506927,0.0012480378633034767,288,0.0,0.0,0.0,0.0,0.0,288,0.0,0.0,0.0,0.0,0.0,288,1.0000532474821369,1.0000442581686382,0.9985221678687741,1.0016040642549484,0.0012419140469658893
30,Trained (epoch 30),3,DenseWeight_0,0.0001,288,288,0.9983436532265925,0.9984900112995978,0.9972361881013165,0.9992338524604776,0.0007622352387606031,288,0.03297278326649999,0.03179589488982286,0.023497887707495967,0.04608449792810117,0.007622213175450845,288,0.03292027738077915,0.031664489229862286,0.02333276772423019,0.046114963583901374,0.007645199316390038,288,0.056290062104280066,0.05523736189759988,0.0391728540817875,0.07468629764191667,0.013175234002739617,288,1.001829737511417,1.0016154780537871,0.9967240465879063,1.0069767313922662,0.004252667387328483,288,0.0,0.0,0.0,0.0,0.0,288,0.0,0.0,0.0,0.0,0.0,288,0.9983436667381557,0.9984904179886012,0.997236146352404,0.9992336805824338,0.0007622269760100465,288,0.03297278326649999,0.03179589488982286,0.023497887707495967,0.04608449792810117,0.007622213175450845,288,0.03292004266231544,0.03166426708137184,0.023332096370990225,0.0461133318856786,0.007645196250815192,288,0.05629018734348035,0.05524339167416299,0.03917875913792927,0.07468072430521859,0.013175321888377113,288,1.0018375892658737,1.001598637257887,0.996729156504679,1.0069679949584962,0.0042503363845116885,288,0.0,0.0,0.0,0.0,0.0,288,0.0,0.0,0.0,0.0,0.0,288,1.0001774931702123,1.0001476139875418,0.9950739101139109,1.005346973471299,0.004139718045736932
30,Trained (epoch 30),3,DenseWeight_0,0.0003,288,288,0.9854513275489235,0.9866538329099193,0.9758933153356291,0.9932094546048865,0.00656236808961378,288,0.03337062868890016,0.032374323753241244,0.02419070280867356,0.04616240099050514,0.007517197703088775,288,0.03292027738077915,0.031664489229862286,0.02333276772423019,0.046114963583901374,0.007645199316390038,288,0.16886937345719555,0.16572245566389615,0.11752757399161108,0.22404813532755166,0.03952499388260242,288,1.0153411623105528,1.0135719345455567,0.9981300969684579,1.0338119013447316,0.014353416458731946,288,0.0,0.0,0.0,0.0,0.0,288,0.0,0.0,0.0,0.0,0.0,288,0.9854513557218003,0.986653051213917,0.9758949384039386,0.9932093017990739,0.006562328831869852,288,0.03337062868890016,0.032374323753241244,0.02419070280867356,0.04616240099050514,0.007517197703088775,288,0.03292004266231544,0.03166426708137184,0.023332096370990225,0.0461133318856786,0.007645196250815192,288,0.16887058183395473,0.16573013576913756,0.11753629846413241,0.22404187165548592,0.039525972111230524,288,1.015349122843505,1.013561720478118,0.9981416684092691,1.033849868292457,0.01435308653980947,288,0.0,0.0,0.0,0.0,0.0,288,0.0,0.0,0.0,0.0,0.0,288,1.0005324929085404,1.00044358560893,0.9852218779245839,1.0160417143124156,0.012419193210063446
30,Trained (epoch 30),3,DenseWeight_0,0.0005,288,288,0.961368604085473,0.9643069416556173,0.9372300091616804,0.9817111027567726,0.016789076912255667,288,0.03414290355395752,0.03317268181933458,0.02534012840007219,0.0463954180441366,0.007342726215966525,288,0.03292027738077915,0.031664489229862286,0.02333276772423019,0.046114963583901374,0.007645199316390038,288,0.28144878953133645,0.27620757784372607,0.19588236301637682,0.3734096548400623,0.06587477872742178,288,1.0414049208124647,1.0378567887315384,1.0086057958450942,1.0779846843927998,0.027851389207941675,288,0.0,0.0,0.0,0.0,0.0,288,0.0,0.0,0.0,0.0,0.0,288,0.9613686489354846,0.9643075698487227,0.9372309692925737,0.9817108497272923,0.016788982468144194,288,0.03414290355395752,0.03317268181933458,0.02534012840007219,0.0463954180441366,0.007342726215966525,288,0.03292004266231544,0.03166426708137184,0.023332096370990225,0.0461133318856786,0.007645196250815192,288,0.281451008437533,0.27621683337864467,0.195893869155955,0.3734026238157595,0.06587663214678083,288,1.0414131163252986,1.037876612091282,1.0086002952943212,1.0779761319130494,0.02785261407206233,288,0.0,0.0,0.0,0.0,0.0,288,0.0,0.0,0.0,0.0,0.0,288,1.000887510510742,1.0007405487587084,0.9753700425123965,1.026737513684871,0.020698720527608638
