table,architecture,scheme,algorithm,seed,T,K,G_min,G_max,initialization,input_gain,epochs,optimizer,batch_size,split_seed,voltage_amp,current_amp,injected_beta,sigma,noise_seed,best,final,path,sha256
table1,conv1,baseline,BPTT,0,4,4,0.0,100.0,kaiming_uniform,40.0,10,Adam,16,0,1.0,1.0,,0,,96.16,96.0,paper_ready_results/bundles/table1_wide_bptt/conv1/baseline/seed0/result.json,1b5c333a290e72ea914b4ba0f4e6214040b50334db6b73d178752c88b1e4ba0e
table1,conv1,baseline,BPTT,1,4,4,0.0,100.0,kaiming_uniform,40.0,10,Adam,16,0,1.0,1.0,,0,,96.26,96.26,paper_ready_results/bundles/table1_wide_bptt/conv1/baseline/seed1/result.json,f6772e1d2987a10654adaa38d3fa47c56ae8b475642e1ccecab2861c965215dc
table1,conv1,baseline,BPTT,2,4,4,0.0,100.0,kaiming_uniform,40.0,10,Adam,16,0,1.0,1.0,,0,,96.38,96.28,paper_ready_results/bundles/table1_wide_bptt/conv1/baseline/seed2/result.json,5ebf19fd6228d55c36c9df4028d9e7cdfeb80f8358988203fd745e9332d72113
table1,conv1,ours,BPTT,0,4,4,0.0,100.0,kaiming_uniform,40.0,10,Adam,16,0,4.0,1.0,,0,,96.44,96.32,paper_ready_results/bundles/table1_wide_bptt/conv1/ours/seed0/result.json,2e94e68a27e90826425e2ab161c6f70d555f8a7dbb2e98c955703fdc279fc5a4
table1,conv1,ours,BPTT,1,4,4,0.0,100.0,kaiming_uniform,40.0,10,Adam,16,0,4.0,1.0,,0,,96.46000000000001,96.36,paper_ready_results/bundles/table1_wide_bptt/conv1/ours/seed1/result.json,a76de2cb1bcd41208dbf3d7a9d76c4c62f75cb604137a9ecd81a470d35b2e991
table1,conv1,ours,BPTT,2,4,4,0.0,100.0,kaiming_uniform,40.0,10,Adam,16,0,4.0,1.0,,0,,96.58,96.3,paper_ready_results/bundles/table1_wide_bptt/conv1/ours/seed2/result.json,1adcf26833a9cef5aa78024f9944b559f67fc21b048cddfddca996dc56284d9e
table1,conv1,legacy,BPTT,0,4,4,0.0,100.0,kaiming_uniform,40.0,10,Adam,16,0,4.0,0.25,,0,,96.5,96.44,paper_ready_results/bundles/table1_wide_bptt/conv1/legacy/seed0/result.json,6a7f13f75fe6347c354bd0b534ece540b27f8ae52063323494b4a3dffe8482ea
table1,conv1,legacy,BPTT,1,4,4,0.0,100.0,kaiming_uniform,40.0,10,Adam,16,0,4.0,0.25,,0,,96.52,96.52,paper_ready_results/bundles/table1_wide_bptt/conv1/legacy/seed1/result.json,9b21e24ad2756e0a367cca544085a30e1cbcb36439bf03d43d566997fbeae7dd
table1,conv1,legacy,BPTT,2,4,4,0.0,100.0,kaiming_uniform,40.0,10,Adam,16,0,4.0,0.25,,0,,96.6,96.52,paper_ready_results/bundles/table1_wide_bptt/conv1/legacy/seed2/result.json,59eb7e9e7fe4edec5472741a0913ffa2911391b466a49dbffb4ba993618f6ad7
table1,conv2,baseline,BPTT,0,6,6,0.0,100.0,kaiming_uniform,100.0,30,Adam,16,0,1.0,1.0,,0,,97.36,97.36,paper_ready_results/bundles/table1_wide_bptt/conv2/baseline/seed0/result.json,3f5bc89c645953f6403188b0bce5a76ee81c6042ae572453217b541640af6e1b
table1,conv2,baseline,BPTT,1,6,6,0.0,100.0,kaiming_uniform,100.0,30,Adam,16,0,1.0,1.0,,0,,97.32,97.24000000000001,paper_ready_results/bundles/table1_wide_bptt/conv2/baseline/seed1/result.json,cf86dc9e35a3ee178f822d71bb5e17a6229da6de28a749565500f34f1abf66e0
table1,conv2,baseline,BPTT,2,6,6,0.0,100.0,kaiming_uniform,100.0,30,Adam,16,0,1.0,1.0,,0,,97.34,97.28,paper_ready_results/bundles/table1_wide_bptt/conv2/baseline/seed2/result.json,2e3269fbffbab69a4face305ee7667cb1d3ac5462f989bb883aee5bf3f074fb5
table1,conv2,ours,BPTT,0,6,6,0.0,100.0,kaiming_uniform,100.0,30,Adam,16,0,4.0,1.0,,0,,98.1,98.08,paper_ready_results/bundles/table1_wide_bptt/conv2/ours/seed0/result.json,ee2a9b81fa73a4a314d2c178f4705606de1741855e4ea9c17a1adb20d5257e7c
table1,conv2,ours,BPTT,1,6,6,0.0,100.0,kaiming_uniform,100.0,30,Adam,16,0,4.0,1.0,,0,,98.22,97.92,paper_ready_results/bundles/table1_wide_bptt/conv2/ours/seed1/result.json,0e052920d67d383ccd52a25a6a49f5e3abd9310c197dc388a9d12bd7a3562be2
table1,conv2,ours,BPTT,2,6,6,0.0,100.0,kaiming_uniform,100.0,30,Adam,16,0,4.0,1.0,,0,,98.24000000000001,98.11999999999999,paper_ready_results/bundles/table1_wide_bptt/conv2/ours/seed2/result.json,9ce334c8f02a1c39acb8562409e2e113aacd83ac222219b12fc05d977f766ed8
table1,conv2,legacy,BPTT,0,6,6,0.0,100.0,kaiming_uniform,100.0,30,Adam,16,0,4.0,0.25,,0,,98.3,98.08,paper_ready_results/bundles/table1_wide_bptt/conv2/legacy/seed0/result.json,891cbd72faf46eb1ee7f16d2c49cae8d6d8370f8a56b79a5f43c7a3ba77c3b34
table1,conv2,legacy,BPTT,1,6,6,0.0,100.0,kaiming_uniform,100.0,30,Adam,16,0,4.0,0.25,,0,,98.26,98.16,paper_ready_results/bundles/table1_wide_bptt/conv2/legacy/seed1/result.json,b750b851b3284b607a9b75311440d27b55c39a53d92fea051a9b97595efec548
table1,conv2,legacy,BPTT,2,6,6,0.0,100.0,kaiming_uniform,100.0,30,Adam,16,0,4.0,0.25,,0,,98.34,98.28,paper_ready_results/bundles/table1_wide_bptt/conv2/legacy/seed2/result.json,70ea62958f99a7bee18fb4c37064e1f9a1528897e48653021644f258b716acaf
table1,conv3,baseline,BPTT,0,8,8,0.0,100.0,kaiming_uniform,360.0,30,Adam,16,0,1.0,1.0,,0,,97.8,97.7,paper_ready_results/bundles/table1_wide_bptt/conv3/baseline/seed0/result.json,46b75bcda1cf9da284b39902b1a51a7d7cf5adbb3a8ca65885044543ff75baf9
table1,conv3,baseline,BPTT,1,8,8,0.0,100.0,kaiming_uniform,360.0,30,Adam,16,0,1.0,1.0,,0,,97.74000000000001,97.58,paper_ready_results/bundles/table1_wide_bptt/conv3/baseline/seed1/result.json,8f0c86443d27966514a76c69037955729a72106c668a986f8397762dcb4bc17d
table1,conv3,baseline,BPTT,2,8,8,0.0,100.0,kaiming_uniform,360.0,30,Adam,16,0,1.0,1.0,,0,,97.76,97.74000000000001,paper_ready_results/bundles/table1_wide_bptt/conv3/baseline/seed2/result.json,d29bcc9ebae1f247db7fe9b4bb7e045a8449e7d8e6532a9837b267d675937c8a
table1,conv3,ours,BPTT,0,8,8,0.0,100.0,kaiming_uniform,360.0,30,Adam,16,0,4.0,1.0,,0,,98.66,98.66,paper_ready_results/bundles/table1_wide_bptt/conv3/ours/seed0/result.json,825eb63dff0e97fd11a2175968ae2d1c417a0c58065622811bb6bbdbb20df19c
table1,conv3,ours,BPTT,1,8,8,0.0,100.0,kaiming_uniform,360.0,30,Adam,16,0,4.0,1.0,,0,,98.46000000000001,98.42,paper_ready_results/bundles/table1_wide_bptt/conv3/ours/seed1/result.json,ac9bfa1b34f7d3693aad652d9d400b392d5cbc113a50b3a20fd8079e8ca37197
table1,conv3,ours,BPTT,2,8,8,0.0,100.0,kaiming_uniform,360.0,30,Adam,16,0,4.0,1.0,,0,,98.56,98.56,paper_ready_results/bundles/table1_wide_bptt/conv3/ours/seed2/result.json,768858d14ff8c21dcaae15e08b01925e0af7169f7f01b82afde1c51ab83872d3
table1,conv3,legacy,BPTT,0,8,8,0.0,100.0,kaiming_uniform,360.0,30,Adam,16,0,4.0,0.25,,0,,98.83999999999999,98.78,paper_ready_results/bundles/table1_wide_bptt/conv3/legacy/seed0/result.json,9b82c5fc686ef66fa8e2c499c456df29cc9228cbf74ae34f06c408b49c47beda
table1,conv3,legacy,BPTT,1,8,8,0.0,100.0,kaiming_uniform,360.0,30,Adam,16,0,4.0,0.25,,0,,98.96000000000001,98.82,paper_ready_results/bundles/table1_wide_bptt/conv3/legacy/seed1/result.json,efb9b76177c934e50140e54b06e761b202b84394e7911a10ee0e17a41fad4a05
table1,conv3,legacy,BPTT,2,8,8,0.0,100.0,kaiming_uniform,360.0,30,Adam,16,0,4.0,0.25,,0,,98.88,98.86,paper_ready_results/bundles/table1_wide_bptt/conv3/legacy/seed2/result.json,889a2c8b95aad22ae0821019e05a84743fb589bc449fa6fdbacfe6925ccb17bc
table1,conv1,baseline,EqProp,0,4,4,0.0,100.0,kaiming_uniform,40.0,10,Adam,16,0,1.0,1.0,100.0,0.0,2026081601,96.17999999999999,96.04,paper_ready_results/bundles/table2_wide_ep/conv1/baseline/seed0/result.json,493922a5d735cb15e012fce1f24786e5edfae86b2ea7c36d944b12fb38f665fb
table1,conv1,baseline,EqProp,1,4,4,0.0,100.0,kaiming_uniform,40.0,10,Adam,16,0,1.0,1.0,100.0,0.0,2026081601,96.3,96.3,paper_ready_results/bundles/table2_wide_ep/conv1/baseline/seed1/result.json,bb77d744ed2f2d7d6cdb26f29fadf6b4d35247e92bc0707b75f844aec569082b
table1,conv1,baseline,EqProp,2,4,4,0.0,100.0,kaiming_uniform,40.0,10,Adam,16,0,1.0,1.0,100.0,0.0,2026081601,96.36,96.26,paper_ready_results/bundles/table2_wide_ep/conv1/baseline/seed2/result.json,04ff63f21f11c3f2ebc299aef1b06416d963cb599f25de7c5f85ecf547ae811a
table1,conv1,ours,EqProp,0,4,4,0.0,100.0,kaiming_uniform,40.0,10,Adam,16,0,4.0,1.0,30.0,0.0,2026081601,96.41999999999999,96.34,paper_ready_results/bundles/table2_wide_ep/conv1/ours/seed0/result.json,7854fb167d4ee1539285759338066bf8c29859e7dff66da471dc0b3049d68779
table1,conv1,ours,EqProp,1,4,4,0.0,100.0,kaiming_uniform,40.0,10,Adam,16,0,4.0,1.0,30.0,0.0,2026081601,96.39999999999999,96.39999999999999,paper_ready_results/bundles/table2_wide_ep/conv1/ours/seed1/result.json,656445b8143dee4edea74669db914fb3c7b5d1c51af96166aada05836c3909c4
table1,conv1,ours,EqProp,2,4,4,0.0,100.0,kaiming_uniform,40.0,10,Adam,16,0,4.0,1.0,30.0,0.0,2026081601,96.54,96.32,paper_ready_results/bundles/table2_wide_ep/conv1/ours/seed2/result.json,f9d52d70563e3535ee8c51f172b0b9d1f356568302ad36d35f90bef3cfa3e860
table1,conv1,legacy,EqProp,0,4,4,0.0,100.0,kaiming_uniform,40.0,10,Adam,16,0,4.0,0.25,3.0,0.0,2026081601,96.48,96.44,paper_ready_results/bundles/table2_wide_ep/conv1/legacy/seed0/result.json,1dd241c54dea20834115af2662326968e2d4eaa89cbfc9491ca2b5888f13340a
table1,conv1,legacy,EqProp,1,4,4,0.0,100.0,kaiming_uniform,40.0,10,Adam,16,0,4.0,0.25,3.0,0.0,2026081601,96.52,96.52,paper_ready_results/bundles/table2_wide_ep/conv1/legacy/seed1/result.json,592fb151ec7b6dd6f9b11213a566a7834480681ac883be8a8f28ae723830d799
table1,conv1,legacy,EqProp,2,4,4,0.0,100.0,kaiming_uniform,40.0,10,Adam,16,0,4.0,0.25,3.0,0.0,2026081601,96.6,96.5,paper_ready_results/bundles/table2_wide_ep/conv1/legacy/seed2/result.json,0961c7c61d9fd580f4311bb2f0a889a283ed586792055cb3bc9290e1dc0a1fdc
table1,conv2,baseline,EqProp,0,6,6,0.0,100.0,kaiming_uniform,100.0,30,Adam,16,0,1.0,1.0,100.0,0.0,2026081601,97.22,97.22,paper_ready_results/bundles/table2_wide_ep/conv2/baseline/seed0/result.json,c29341c871d37483dfcb74a9a4a7bc670ff2a97628461fd8c25e9ed3ae9aa55a
table1,conv2,baseline,EqProp,1,6,6,0.0,100.0,kaiming_uniform,100.0,30,Adam,16,0,1.0,1.0,100.0,0.0,2026081601,97.38,97.3,paper_ready_results/bundles/table2_wide_ep/conv2/baseline/seed1/result.json,15cf3fa6d24dba4cf83fd3768ca9534bc65e730e1d8685444af4abe7000ce01d
table1,conv2,baseline,EqProp,2,6,6,0.0,100.0,kaiming_uniform,100.0,30,Adam,16,0,1.0,1.0,100.0,0.0,2026081601,97.28,97.24000000000001,paper_ready_results/bundles/table2_wide_ep/conv2/baseline/seed2/result.json,5ee07d1d483c12e47bc09344ef6f625c99c106f8ae50d11274e95b4056f4bcb7
table1,conv2,ours,EqProp,0,6,6,0.0,100.0,kaiming_uniform,100.0,30,Adam,16,0,4.0,1.0,10.0,0.0,2026081601,98.1,98.02,paper_ready_results/bundles/table2_wide_ep/conv2/ours/seed0/result.json,54303db54628d4c8fc97dd0dc53e6e00ab8cca09559b1e28b883dcc3654cedd6
table1,conv2,ours,EqProp,1,6,6,0.0,100.0,kaiming_uniform,100.0,30,Adam,16,0,4.0,1.0,10.0,0.0,2026081601,98.14,98.1,paper_ready_results/bundles/table2_wide_ep/conv2/ours/seed1/result.json,82b48a0ec9d1f005293b41daf2d7ab0cdedbd114aaf245f898c8f1a6c617a32f
table1,conv2,ours,EqProp,2,6,6,0.0,100.0,kaiming_uniform,100.0,30,Adam,16,0,4.0,1.0,10.0,0.0,2026081601,98.22,98.1,paper_ready_results/bundles/table2_wide_ep/conv2/ours/seed2/result.json,d128bf25c5a165e192ccac003b543450c27b462564c4b120dbb759cd61a9288a
table1,conv2,legacy,EqProp,0,6,6,0.0,100.0,kaiming_uniform,100.0,30,Adam,16,0,4.0,0.25,0.03,0.0,2026081601,98.3,98.06,paper_ready_results/bundles/table2_wide_ep/conv2/legacy/seed0/result.json,78ab5eefd7d8febf8fa7d0159d21b95a07904b2f8bbe354f7a7af602624d845d
table1,conv2,legacy,EqProp,1,6,6,0.0,100.0,kaiming_uniform,100.0,30,Adam,16,0,4.0,0.25,0.03,0.0,2026081601,98.34,98.34,paper_ready_results/bundles/table2_wide_ep/conv2/legacy/seed1/result.json,76ccdce5508e879087d5463e9ebcf98db23f4161844b7398d11edfebc7794aa2
table1,conv2,legacy,EqProp,2,6,6,0.0,100.0,kaiming_uniform,100.0,30,Adam,16,0,4.0,0.25,0.03,0.0,2026081601,98.38,98.26,paper_ready_results/bundles/table2_wide_ep/conv2/legacy/seed2/result.json,cce366595b5f49bdebb0ee35b53c67dd16ad46a33ad5c574cf62256d467c072b
table1,conv3,baseline,EqProp,0,8,8,0.0,100.0,kaiming_uniform,360.0,30,Adam,16,0,1.0,1.0,100.0,0.0,2026081601,97.76,97.68,paper_ready_results/bundles/table2_wide_ep/conv3/baseline/seed0/result.json,0ea541c57dee4cce1af85a4b65e52a021a4b6c167b793464af296e707deba524
table1,conv3,baseline,EqProp,1,8,8,0.0,100.0,kaiming_uniform,360.0,30,Adam,16,0,1.0,1.0,100.0,0.0,2026081601,97.6,97.58,paper_ready_results/bundles/table2_wide_ep/conv3/baseline/seed1/result.json,869699caa2881e1bdf95a4baf0d5c4fb1003069699d876da5da268fa8fdfefa0
table1,conv3,baseline,EqProp,2,8,8,0.0,100.0,kaiming_uniform,360.0,30,Adam,16,0,1.0,1.0,100.0,0.0,2026081601,97.72,97.72,paper_ready_results/bundles/table2_wide_ep/conv3/baseline/seed2/result.json,3a793410fe77c5602015c98b0fa9c9dc7a3e3706069e82e02006f695cd190c87
table1,conv3,ours,EqProp,0,8,8,0.0,100.0,kaiming_uniform,360.0,30,Adam,16,0,4.0,1.0,3.0,0.0,2026081601,98.72,98.64,paper_ready_results/bundles/table2_wide_ep/conv3/ours/seed0/result.json,49c0cc5fdb73292736c217e7d8847b00ccdd88b59b6c83992dc45dd1fc9da36c
table1,conv3,ours,EqProp,1,8,8,0.0,100.0,kaiming_uniform,360.0,30,Adam,16,0,4.0,1.0,3.0,0.0,2026081601,98.52,98.4,paper_ready_results/bundles/table2_wide_ep/conv3/ours/seed1/result.json,0f54252f419fc13a00e3133bdd8ce9f6ed2e638a7546734af315e304c61994b0
table1,conv3,ours,EqProp,2,8,8,0.0,100.0,kaiming_uniform,360.0,30,Adam,16,0,4.0,1.0,3.0,0.0,2026081601,98.56,98.56,paper_ready_results/bundles/table2_wide_ep/conv3/ours/seed2/result.json,9caf0273b8c9f428f90da000499e162d8a74746f615329dd014d1cfadbb99709
table1,conv3,legacy,EqProp,0,8,8,0.0,100.0,kaiming_uniform,360.0,30,Adam,16,0,4.0,0.25,0.001,0.0,2026081601,98.83999999999999,98.78,paper_ready_results/bundles/table2_wide_ep/conv3/legacy/seed0/result.json,fc5e012b91072fdb6c1ad9e4514c30f754203bdbd5ae69b5958514fb4cca947f
table1,conv3,legacy,EqProp,1,8,8,0.0,100.0,kaiming_uniform,360.0,30,Adam,16,0,4.0,0.25,0.001,0.0,2026081601,98.98,98.86,paper_ready_results/bundles/table2_wide_ep/conv3/legacy/seed1/result.json,9a68b98a8188db1ec01f0b24f30ea5212c3f8365f031b8d317cdcf0fc382e9ac
table1,conv3,legacy,EqProp,2,8,8,0.0,100.0,kaiming_uniform,360.0,30,Adam,16,0,4.0,0.25,0.001,0.0,2026081601,98.92,98.9,paper_ready_results/bundles/table2_wide_ep/conv3/legacy/seed2/result.json,571f82250be0c75807d4ae19e8c811adaedbfbb2ebe2a533a0a02839e53fda70
table2_native,conv1,baseline,BPTT,0,4,4,1e-05,0.0001,bounded_uniform,40.0,10,Adam,16,0,1.0,1.0,,0,,89.68,87.26,paper_ready_results/bundles/table3_bounded_bptt/conv1/baseline/gmax_1em4/seed0/result.json,1ddbfbe7c474e9a9063d3563b1477d4a5245d332d4989caaed8450f3c2fb982c
table2_native,conv1,baseline,BPTT,1,4,4,1e-05,0.0001,bounded_uniform,40.0,10,Adam,16,0,1.0,1.0,,0,,89.86,89.1,paper_ready_results/bundles/table3_bounded_bptt/conv1/baseline/gmax_1em4/seed1/result.json,8f3b62d9b6516fd774846b8a7471cb6270fe60c6572b1ce952b94576eac95144
table2_native,conv1,baseline,BPTT,2,4,4,1e-05,0.0001,bounded_uniform,40.0,10,Adam,16,0,1.0,1.0,,0,,90.0,89.62,paper_ready_results/bundles/table3_bounded_bptt/conv1/baseline/gmax_1em4/seed2/result.json,323156e0aad851357f88eeedcaa2d3ade067e22dbd75805a09b97baeff556a59
table2_native,conv1,baseline,BPTT,0,4,4,1e-05,0.0005,bounded_uniform,40.0,10,Adam,16,0,1.0,1.0,,0,,94.44,93.8,paper_ready_results/bundles/table3_bounded_bptt/conv1/baseline/gmax_5em4/seed0/result.json,02d2af7a00a1cd06f145b31a5ec48a28d4209b70e2d896ea247758944747dc6d
table2_native,conv1,baseline,BPTT,1,4,4,1e-05,0.0005,bounded_uniform,40.0,10,Adam,16,0,1.0,1.0,,0,,94.64,94.64,paper_ready_results/bundles/table3_bounded_bptt/conv1/baseline/gmax_5em4/seed1/result.json,d1dc814d93283241a03058f2251b7b3441d41cbb89db0559f990209ee93cac0f
table2_native,conv1,baseline,BPTT,2,4,4,1e-05,0.0005,bounded_uniform,40.0,10,Adam,16,0,1.0,1.0,,0,,94.66,94.44,paper_ready_results/bundles/table3_bounded_bptt/conv1/baseline/gmax_5em4/seed2/result.json,4c72f89b82ef095678cfe007d60154512c87eb55bafab5fc514ffbcc2ea5007f
table2_native,conv1,baseline,BPTT,0,4,4,1e-05,0.001,bounded_uniform,40.0,10,Adam,16,0,1.0,1.0,,0,,94.8,94.24,paper_ready_results/bundles/table3_bounded_bptt/conv1/baseline/gmax_1em3/seed0/result.json,5e05312b98d31932d9ac14b0dafc1d617c109dd44a3fde9f36c3818133d0ac2c
table2_native,conv1,baseline,BPTT,1,4,4,1e-05,0.001,bounded_uniform,40.0,10,Adam,16,0,1.0,1.0,,0,,95.22,95.22,paper_ready_results/bundles/table3_bounded_bptt/conv1/baseline/gmax_1em3/seed1/result.json,456b72ed5b4bf6c2b87b7b7418032e5ede4667cffbaabbec83eb4de62c98c1b7
table2_native,conv1,baseline,BPTT,2,4,4,1e-05,0.001,bounded_uniform,40.0,10,Adam,16,0,1.0,1.0,,0,,94.84,94.84,paper_ready_results/bundles/table3_bounded_bptt/conv1/baseline/gmax_1em3/seed2/result.json,d3adf32f036b9bcf867f312010755b06b5924335a76a98ac91b44868d048c3c1
table2_native,conv1,ours,BPTT,0,4,4,1e-05,0.0001,bounded_uniform,40.0,10,Adam,16,0,4.0,1.0,,0,,92.92,91.52,paper_ready_results/bundles/table3_bounded_bptt/conv1/ours/gmax_1em4/seed0/result.json,d026ef7c0e019ad25870c292bc73347c98569073e51d21fd7d6c45708275e418
table2_native,conv1,ours,BPTT,1,4,4,1e-05,0.0001,bounded_uniform,40.0,10,Adam,16,0,4.0,1.0,,0,,92.80000000000001,92.80000000000001,paper_ready_results/bundles/table3_bounded_bptt/conv1/ours/gmax_1em4/seed1/result.json,e8827b19f69288c473a31d40919992ba127924e43f59d3b3db09b87e464030b8
table2_native,conv1,ours,BPTT,2,4,4,1e-05,0.0001,bounded_uniform,40.0,10,Adam,16,0,4.0,1.0,,0,,93.4,93.4,paper_ready_results/bundles/table3_bounded_bptt/conv1/ours/gmax_1em4/seed2/result.json,8d1e848bf93a24735e9bd815ebafa727d3c7d22bc075ecbc3b33fbd84546e077
table2_native,conv1,ours,BPTT,0,4,4,1e-05,0.0005,bounded_uniform,40.0,10,Adam,16,0,4.0,1.0,,0,,95.0,94.6,paper_ready_results/bundles/table3_bounded_bptt/conv1/ours/gmax_5em4/seed0/result.json,9ebb46ebe74c67af7e9bc19b46672c3cf45f241bb1bfd9c9ef78c01b8f24c61b
table2_native,conv1,ours,BPTT,1,4,4,1e-05,0.0005,bounded_uniform,40.0,10,Adam,16,0,4.0,1.0,,0,,95.42,95.42,paper_ready_results/bundles/table3_bounded_bptt/conv1/ours/gmax_5em4/seed1/result.json,1891c16460a4f8d09005b72240904f50a5ee77765c40fa735a2dd3f57bb77324
table2_native,conv1,ours,BPTT,2,4,4,1e-05,0.0005,bounded_uniform,40.0,10,Adam,16,0,4.0,1.0,,0,,95.08,94.92,paper_ready_results/bundles/table3_bounded_bptt/conv1/ours/gmax_5em4/seed2/result.json,8c7ea8c4e5ba8b895e7928c6f1a3327db5e638af356f22ea84e8fe168b0edaeb
table2_native,conv1,ours,BPTT,0,4,4,1e-05,0.001,bounded_uniform,40.0,10,Adam,16,0,4.0,1.0,,0,,95.02000000000001,94.67999999999999,paper_ready_results/bundles/table3_bounded_bptt/conv1/ours/gmax_1em3/seed0/result.json,ed0b1184f2b1817aa2b458cd4e67e9f489acb40c6d10b76b7ebc0cd52a3a9f40
table2_native,conv1,ours,BPTT,1,4,4,1e-05,0.001,bounded_uniform,40.0,10,Adam,16,0,4.0,1.0,,0,,95.39999999999999,95.39999999999999,paper_ready_results/bundles/table3_bounded_bptt/conv1/ours/gmax_1em3/seed1/result.json,dfb21de3b409114c905a73e80c6a8803d3081066cbb293e4b8beb25104772a56
table2_native,conv1,ours,BPTT,2,4,4,1e-05,0.001,bounded_uniform,40.0,10,Adam,16,0,4.0,1.0,,0,,95.08,95.0,paper_ready_results/bundles/table3_bounded_bptt/conv1/ours/gmax_1em3/seed2/result.json,b7c27b92de2c4cb433e22e0f7bd1b2b93fc6e8e5d7c30d8fc20080f12678bf4d
table2_native,conv1,legacy,BPTT,0,4,4,1e-05,0.0001,bounded_uniform,40.0,10,Adam,16,0,4.0,0.25,,0,,94.98,94.22,paper_ready_results/bundles/table3_bounded_bptt/conv1/legacy/gmax_1em4/seed0/result.json,7fc9454bc87c173e9ff4cac1e875cedf0003bc445bfdb7e7888c75a0fcbfafd9
table2_native,conv1,legacy,BPTT,1,4,4,1e-05,0.0001,bounded_uniform,40.0,10,Adam,16,0,4.0,0.25,,0,,94.84,94.84,paper_ready_results/bundles/table3_bounded_bptt/conv1/legacy/gmax_1em4/seed1/result.json,276eda8d94f546fb01241571b0f8103512312017fb609f8d8ceb7d3f50c09367
table2_native,conv1,legacy,BPTT,2,4,4,1e-05,0.0001,bounded_uniform,40.0,10,Adam,16,0,4.0,0.25,,0,,95.0,94.74000000000001,paper_ready_results/bundles/table3_bounded_bptt/conv1/legacy/gmax_1em4/seed2/result.json,d4bc01925cb01a1c0de328f12ae35168376203f39540db8c6089b9eed1b52934
table2_native,conv1,legacy,BPTT,0,4,4,1e-05,0.0005,bounded_uniform,40.0,10,Adam,16,0,4.0,0.25,,0,,96.26,96.14,paper_ready_results/bundles/table3_bounded_bptt/conv1/legacy/gmax_5em4/seed0/result.json,e3c61b867c92e6b9c670e6d216f899c30fe02c9f631177928f2d8703a37ddf82
table2_native,conv1,legacy,BPTT,1,4,4,1e-05,0.0005,bounded_uniform,40.0,10,Adam,16,0,4.0,0.25,,0,,96.46000000000001,96.34,paper_ready_results/bundles/table3_bounded_bptt/conv1/legacy/gmax_5em4/seed1/result.json,7c5e244745439095f2bbfca88d4e081c47f32b87ca5513c8148e6866a8d5b7ba
table2_native,conv1,legacy,BPTT,2,4,4,1e-05,0.0005,bounded_uniform,40.0,10,Adam,16,0,4.0,0.25,,0,,96.36,96.32,paper_ready_results/bundles/table3_bounded_bptt/conv1/legacy/gmax_5em4/seed2/result.json,9531d94951941372b0074ed8d8483341497b51f6966fc66b22dda3573eb4c3fd
table2_native,conv1,legacy,BPTT,0,4,4,1e-05,0.001,bounded_uniform,40.0,10,Adam,16,0,4.0,0.25,,0,,96.34,96.2,paper_ready_results/bundles/table3_bounded_bptt/conv1/legacy/gmax_1em3/seed0/result.json,3cbdb86882b4fc11af5243d1a9f053de83371cc9eb19eaa87ccae67224b2c766
table2_native,conv1,legacy,BPTT,1,4,4,1e-05,0.001,bounded_uniform,40.0,10,Adam,16,0,4.0,0.25,,0,,96.5,96.5,paper_ready_results/bundles/table3_bounded_bptt/conv1/legacy/gmax_1em3/seed1/result.json,6bb2f0a80570f056a39cb468acafb40cb534501b7dda82eb10efa7b04d76273d
table2_native,conv1,legacy,BPTT,2,4,4,1e-05,0.001,bounded_uniform,40.0,10,Adam,16,0,4.0,0.25,,0,,96.41999999999999,96.28,paper_ready_results/bundles/table3_bounded_bptt/conv1/legacy/gmax_1em3/seed2/result.json,7fc4900d4c5515216e1377e2f786f17c35c259e500fb1deebaebf47250ac300a
table2_native,conv2,baseline,BPTT,0,6,6,1e-05,0.0001,bounded_uniform,100.0,30,Adam,16,0,1.0,1.0,,0,,85.6,85.04,paper_ready_results/bundles/table3_bounded_bptt/conv2/baseline/gmax_1em4/seed0/result.json,654d67e2b382cedd2571dbfa15bbfe8b36f3d011ec5af8d7edfd24ba06a5da49
table2_native,conv2,baseline,BPTT,1,6,6,1e-05,0.0001,bounded_uniform,100.0,30,Adam,16,0,1.0,1.0,,0,,85.42,85.28,paper_ready_results/bundles/table3_bounded_bptt/conv2/baseline/gmax_1em4/seed1/result.json,f165b5c6537fe176f9750c8db9bf64e2d2bed428e603e1ae1726c5a28c6d95fd
table2_native,conv2,baseline,BPTT,2,6,6,1e-05,0.0001,bounded_uniform,100.0,30,Adam,16,0,1.0,1.0,,0,,85.34,85.34,paper_ready_results/bundles/table3_bounded_bptt/conv2/baseline/gmax_1em4/seed2/result.json,8bf48346de46a3e6e4b1903014bb173f737ccccc0b344b04954111799bbce01b
table2_native,conv2,baseline,BPTT,0,6,6,1e-05,0.0005,bounded_uniform,100.0,30,Adam,16,0,1.0,1.0,,0,,92.44,92.32000000000001,paper_ready_results/bundles/table3_bounded_bptt/conv2/baseline/gmax_5em4/seed0/result.json,6db33068de6cbe6a161b4001d243cbbe7ed95401c7894f37c0f0ea84c27f0f1d
table2_native,conv2,baseline,BPTT,1,6,6,1e-05,0.0005,bounded_uniform,100.0,30,Adam,16,0,1.0,1.0,,0,,91.53999999999999,91.53999999999999,paper_ready_results/bundles/table3_bounded_bptt/conv2/baseline/gmax_5em4/seed1/result.json,8e2e855fea47a806866578190680518198b93709d0847fffb126e739cdc796fb
table2_native,conv2,baseline,BPTT,2,6,6,1e-05,0.0005,bounded_uniform,100.0,30,Adam,16,0,1.0,1.0,,0,,92.14,92.14,paper_ready_results/bundles/table3_bounded_bptt/conv2/baseline/gmax_5em4/seed2/result.json,2cb2661d213b54648f30b4690902ddfd40ca8ae4248405c98acb98c9abff987c
table2_native,conv2,baseline,BPTT,0,6,6,1e-05,0.001,bounded_uniform,100.0,30,Adam,16,0,1.0,1.0,,0,,93.52000000000001,93.46,paper_ready_results/bundles/table3_bounded_bptt/conv2/baseline/gmax_1em3/seed0/result.json,b32beead28d9be2d7fda59a7fb36446a333c27eca2c154464bc429b9abe2b0ac
table2_native,conv2,baseline,BPTT,1,6,6,1e-05,0.001,bounded_uniform,100.0,30,Adam,16,0,1.0,1.0,,0,,93.52000000000001,93.52000000000001,paper_ready_results/bundles/table3_bounded_bptt/conv2/baseline/gmax_1em3/seed1/result.json,f3412629e3b89b494c64274060759b73621221a34ecbed87ca8dfd4c4fe620ab
table2_native,conv2,baseline,BPTT,2,6,6,1e-05,0.001,bounded_uniform,100.0,30,Adam,16,0,1.0,1.0,,0,,93.34,93.32000000000001,paper_ready_results/bundles/table3_bounded_bptt/conv2/baseline/gmax_1em3/seed2/result.json,1e639153ee68da4d02105fe975a1014564034902b789fae8271238aca39236a2
table2_native,conv2,ours,BPTT,0,6,6,1e-05,0.0001,bounded_uniform,100.0,30,Adam,16,0,4.0,1.0,,0,,90.3,90.3,paper_ready_results/bundles/table3_bounded_bptt/conv2/ours/gmax_1em4/seed0/result.json,7869076978809cac3583de936d096b536c8f8a0fab1b2e5194638c87be082a87
table2_native,conv2,ours,BPTT,1,6,6,1e-05,0.0001,bounded_uniform,100.0,30,Adam,16,0,4.0,1.0,,0,,90.28,89.9,paper_ready_results/bundles/table3_bounded_bptt/conv2/ours/gmax_1em4/seed1/result.json,3291d3cf781aecabeb660962b72e16d96328e2b1d8e2056e72fb9037e5559fec
table2_native,conv2,ours,BPTT,2,6,6,1e-05,0.0001,bounded_uniform,100.0,30,Adam,16,0,4.0,1.0,,0,,90.0,90.0,paper_ready_results/bundles/table3_bounded_bptt/conv2/ours/gmax_1em4/seed2/result.json,cab7450fec2bdd31e3ef24ccfa975e0adffa6220aca69693c744ff28070aacf5
table2_native,conv2,ours,BPTT,0,6,6,1e-05,0.0005,bounded_uniform,100.0,30,Adam,16,0,4.0,1.0,,0,,96.56,96.56,paper_ready_results/bundles/table3_bounded_bptt/conv2/ours/gmax_5em4/seed0/result.json,2987ec4798bf5b9e07d6a86ce065b2c1851693f8ae517ec74ddd9bcb2ac66d62
table2_native,conv2,ours,BPTT,1,6,6,1e-05,0.0005,bounded_uniform,100.0,30,Adam,16,0,4.0,1.0,,0,,96.44,96.22,paper_ready_results/bundles/table3_bounded_bptt/conv2/ours/gmax_5em4/seed1/result.json,33cdfcf63ff9dd31da6258f43aa04a8268a1f9112f5a8bd5ac8b7a76dcd45eb6
table2_native,conv2,ours,BPTT,2,6,6,1e-05,0.0005,bounded_uniform,100.0,30,Adam,16,0,4.0,1.0,,0,,96.67999999999999,96.67999999999999,paper_ready_results/bundles/table3_bounded_bptt/conv2/ours/gmax_5em4/seed2/result.json,45a9b6cd5f95e8e1ebb67be2197d7005ac5e000e55459d91c5a63dc04e7234f7
table2_native,conv2,ours,BPTT,0,6,6,1e-05,0.001,bounded_uniform,100.0,30,Adam,16,0,4.0,1.0,,0,,97.18,97.04,paper_ready_results/bundles/table3_bounded_bptt/conv2/ours/gmax_1em3/seed0/result.json,efedbd4f36f4354e72d44860ed24218b441313b3833bf65f89faef8e9316ee73
table2_native,conv2,ours,BPTT,1,6,6,1e-05,0.001,bounded_uniform,100.0,30,Adam,16,0,4.0,1.0,,0,,97.06,97.0,paper_ready_results/bundles/table3_bounded_bptt/conv2/ours/gmax_1em3/seed1/result.json,8d70c1dcb8e775817e3892484a7b0bdba0fa6281f30f0636c83489c53d5d32d4
table2_native,conv2,ours,BPTT,2,6,6,1e-05,0.001,bounded_uniform,100.0,30,Adam,16,0,4.0,1.0,,0,,97.16,97.16,paper_ready_results/bundles/table3_bounded_bptt/conv2/ours/gmax_1em3/seed2/result.json,be831463e64160d2ce65acaa42eceed6ad9e4264e750a896b124fe0ea7f82d66
table2_native,conv2,legacy,BPTT,0,6,6,1e-05,0.0001,bounded_uniform,100.0,30,Adam,16,0,4.0,0.25,,0,,95.58,95.58,paper_ready_results/bundles/table3_bounded_bptt/conv2/legacy/gmax_1em4/seed0/result.json,65060af6797bcffc27ed382a9132c04a218dd4f68fa3b232b0f67b05232ac14b
table2_native,conv2,legacy,BPTT,1,6,6,1e-05,0.0001,bounded_uniform,100.0,30,Adam,16,0,4.0,0.25,,0,,95.46,95.24000000000001,paper_ready_results/bundles/table3_bounded_bptt/conv2/legacy/gmax_1em4/seed1/result.json,f073e3dbb702497d2998eeae26eba1f196ab886c54d9ef4e094c0320bdc5de83
table2_native,conv2,legacy,BPTT,2,6,6,1e-05,0.0001,bounded_uniform,100.0,30,Adam,16,0,4.0,0.25,,0,,95.86,95.86,paper_ready_results/bundles/table3_bounded_bptt/conv2/legacy/gmax_1em4/seed2/result.json,44d71edaeeb027f3eb1810af0a3b60c9fc5d5267b1390a5857e23be68811667e
table2_native,conv2,legacy,BPTT,0,6,6,1e-05,0.0005,bounded_uniform,100.0,30,Adam,16,0,4.0,0.25,,0,,97.64,97.54,paper_ready_results/bundles/table3_bounded_bptt/conv2/legacy/gmax_5em4/seed0/result.json,37382eb479febbfc95fc08f012e8ab318ad9e3c5d78001efddc6cee4d403117b
table2_native,conv2,legacy,BPTT,1,6,6,1e-05,0.0005,bounded_uniform,100.0,30,Adam,16,0,4.0,0.25,,0,,97.7,97.7,paper_ready_results/bundles/table3_bounded_bptt/conv2/legacy/gmax_5em4/seed1/result.json,b599704fa6c740339475a05102d64cc5e2d80fd0daf421579ab562364b58776b
table2_native,conv2,legacy,BPTT,2,6,6,1e-05,0.0005,bounded_uniform,100.0,30,Adam,16,0,4.0,0.25,,0,,97.7,97.64,paper_ready_results/bundles/table3_bounded_bptt/conv2/legacy/gmax_5em4/seed2/result.json,eb91be6620c813f3d6028e056e53960dee0408bbe162d325944149da63da67fa
table2_native,conv2,legacy,BPTT,0,6,6,1e-05,0.001,bounded_uniform,100.0,30,Adam,16,0,4.0,0.25,,0,,97.96000000000001,97.8,paper_ready_results/bundles/table3_bounded_bptt/conv2/legacy/gmax_1em3/seed0/result.json,8e26787b1c4b2bdad01d422bcc711013b19c73d563fb8dc096b50646f88769b7
table2_native,conv2,legacy,BPTT,1,6,6,1e-05,0.001,bounded_uniform,100.0,30,Adam,16,0,4.0,0.25,,0,,97.8,97.8,paper_ready_results/bundles/table3_bounded_bptt/conv2/legacy/gmax_1em3/seed1/result.json,bd646456b2461edc20988ecc108987e9082b2c8e21c2d5458c603d9609786e3a
table2_native,conv2,legacy,BPTT,2,6,6,1e-05,0.001,bounded_uniform,100.0,30,Adam,16,0,4.0,0.25,,0,,97.86,97.8,paper_ready_results/bundles/table3_bounded_bptt/conv2/legacy/gmax_1em3/seed2/result.json,b87ca3b047a94794f54f2ae7e5898462deca4122b6ada342355238b308dfb313
table2_native,conv3,baseline,BPTT,0,8,8,1e-05,0.0001,bounded_uniform,360.0,30,Adam,16,0,1.0,1.0,,0,,77.66,77.66,paper_ready_results/bundles/table3_bounded_bptt/conv3/baseline/gmax_1em4/seed0/result.json,a8a49f76a89503ca5c620e18dc2d86009f530490d7f723931d60438dd6df8518
table2_native,conv3,baseline,BPTT,1,8,8,1e-05,0.0001,bounded_uniform,360.0,30,Adam,16,0,1.0,1.0,,0,,77.56,76.78,paper_ready_results/bundles/table3_bounded_bptt/conv3/baseline/gmax_1em4/seed1/result.json,e741691d5b4d5d045b89f77d28d9ade4455d4cb959ab6e916f5cb0d7d59dd187
table2_native,conv3,baseline,BPTT,2,8,8,1e-05,0.0001,bounded_uniform,360.0,30,Adam,16,0,1.0,1.0,,0,,77.58,77.28,paper_ready_results/bundles/table3_bounded_bptt/conv3/baseline/gmax_1em4/seed2/result.json,99339df560c0be541f6f6a5a2cb543eb0eac5fd959412e3c77d6ee4c25052a8a
table2_native,conv3,baseline,BPTT,0,8,8,1e-05,0.0005,bounded_uniform,360.0,30,Adam,16,0,1.0,1.0,,0,,87.44,87.44,paper_ready_results/bundles/table3_bounded_bptt/conv3/baseline/gmax_5em4/seed0/result.json,570312d585b3f2803f3fd986f21eada243854d90f71c9ae01b000685045cfd75
table2_native,conv3,baseline,BPTT,1,8,8,1e-05,0.0005,bounded_uniform,360.0,30,Adam,16,0,1.0,1.0,,0,,87.86,87.86,paper_ready_results/bundles/table3_bounded_bptt/conv3/baseline/gmax_5em4/seed1/result.json,26d21027c544f8b6e7a44aa34a3cc0613e3e87e9d9aa99a8f3a705042e13ddb1
table2_native,conv3,baseline,BPTT,2,8,8,1e-05,0.0005,bounded_uniform,360.0,30,Adam,16,0,1.0,1.0,,0,,88.3,88.3,paper_ready_results/bundles/table3_bounded_bptt/conv3/baseline/gmax_5em4/seed2/result.json,59b7f54868c4004211e4d45d0ea9599e16b6982d6d7358f96fad47f85ca1db76
table2_native,conv3,baseline,BPTT,0,8,8,1e-05,0.001,bounded_uniform,360.0,30,Adam,16,0,1.0,1.0,,0,,89.60000000000001,89.60000000000001,paper_ready_results/bundles/table3_bounded_bptt/conv3/baseline/gmax_1em3/seed0/result.json,80f2131401a1a4f9de4ba97b3335f86b4e1e116a37eefa2f00bc9f94ca6a1b6c
table2_native,conv3,baseline,BPTT,1,8,8,1e-05,0.001,bounded_uniform,360.0,30,Adam,16,0,1.0,1.0,,0,,89.75999999999999,89.75999999999999,paper_ready_results/bundles/table3_bounded_bptt/conv3/baseline/gmax_1em3/seed1/result.json,b5fea279e166107b47e339799e882c6fafcc5c7acc928482d04f77b31159b03b
table2_native,conv3,baseline,BPTT,2,8,8,1e-05,0.001,bounded_uniform,360.0,30,Adam,16,0,1.0,1.0,,0,,90.03999999999999,90.03999999999999,paper_ready_results/bundles/table3_bounded_bptt/conv3/baseline/gmax_1em3/seed2/result.json,6159a92da255ae045062ab0ee3861b7c70b8391b48b357f52b61fe9a8cb10809
table2_native,conv3,ours,BPTT,0,8,8,1e-05,0.0001,bounded_uniform,360.0,30,Adam,16,0,4.0,1.0,,0,,84.54,84.3,paper_ready_results/bundles/table3_bounded_bptt/conv3/ours/gmax_1em4/seed0/result.json,d42e947de3eb9b8662c2c7e2a8a823174618d4014dbbf4aad16a72af62f1cb64
table2_native,conv3,ours,BPTT,1,8,8,1e-05,0.0001,bounded_uniform,360.0,30,Adam,16,0,4.0,1.0,,0,,85.14,85.1,paper_ready_results/bundles/table3_bounded_bptt/conv3/ours/gmax_1em4/seed1/result.json,bbcb9cfe28309e2253b09246ebd9f1fe2a67680df4f946249c6ac33395d995e1
table2_native,conv3,ours,BPTT,2,8,8,1e-05,0.0001,bounded_uniform,360.0,30,Adam,16,0,4.0,1.0,,0,,85.72,85.72,paper_ready_results/bundles/table3_bounded_bptt/conv3/ours/gmax_1em4/seed2/result.json,7f4755540b9f1bbe7ae5bc974dda9d779d58cee1a56907acb1c406222f240943
table2_native,conv3,ours,BPTT,0,8,8,1e-05,0.0005,bounded_uniform,360.0,30,Adam,16,0,4.0,1.0,,0,,94.74000000000001,94.74000000000001,paper_ready_results/bundles/table3_bounded_bptt/conv3/ours/gmax_5em4/seed0/result.json,41313eb0ba3b133b6d9743e36c8155fd60974a34b4e6050ee0b21a1eff8345c3
table2_native,conv3,ours,BPTT,1,8,8,1e-05,0.0005,bounded_uniform,360.0,30,Adam,16,0,4.0,1.0,,0,,94.38,94.38,paper_ready_results/bundles/table3_bounded_bptt/conv3/ours/gmax_5em4/seed1/result.json,ffa458f917da61c2540895695062acf7ae3a368f3d4fcfea58d91c1214ae6d6e
table2_native,conv3,ours,BPTT,2,8,8,1e-05,0.0005,bounded_uniform,360.0,30,Adam,16,0,4.0,1.0,,0,,94.74000000000001,94.74000000000001,paper_ready_results/bundles/table3_bounded_bptt/conv3/ours/gmax_5em4/seed2/result.json,ed22b19b8c7b75e62c30c17e13b3b21ffff958aa22dcc01421845ac1b53bd1a0
table2_native,conv3,ours,BPTT,0,8,8,1e-05,0.001,bounded_uniform,360.0,30,Adam,16,0,4.0,1.0,,0,,95.8,95.8,paper_ready_results/bundles/table3_bounded_bptt/conv3/ours/gmax_1em3/seed0/result.json,b76222540c8a352d781da74f952d80170be21ad814e7425b65ca21d4198d7339
table2_native,conv3,ours,BPTT,1,8,8,1e-05,0.001,bounded_uniform,360.0,30,Adam,16,0,4.0,1.0,,0,,95.67999999999999,95.62,paper_ready_results/bundles/table3_bounded_bptt/conv3/ours/gmax_1em3/seed1/result.json,9c8532582f715bcfcb8b36cdabf99ccf4c0a2950adb0c3fbdfd52a02dabdee4d
table2_native,conv3,ours,BPTT,2,8,8,1e-05,0.001,bounded_uniform,360.0,30,Adam,16,0,4.0,1.0,,0,,95.72,95.7,paper_ready_results/bundles/table3_bounded_bptt/conv3/ours/gmax_1em3/seed2/result.json,8fde573f6901542576e3d713f58e1970a9b3238e6c251b40d15a8bfa8b935265
table2_native,conv3,legacy,BPTT,0,8,8,1e-05,0.0001,bounded_uniform,360.0,30,Adam,16,0,4.0,0.25,,0,,93.56,93.56,paper_ready_results/bundles/table3_bounded_bptt/conv3/legacy/gmax_1em4/seed0/result.json,9a3c7d9a83df76c71e309671e301b208006dfc89a3d908450b4a392352d00b15
table2_native,conv3,legacy,BPTT,1,8,8,1e-05,0.0001,bounded_uniform,360.0,30,Adam,16,0,4.0,0.25,,0,,95.02000000000001,95.02000000000001,paper_ready_results/bundles/table3_bounded_bptt/conv3/legacy/gmax_1em4/seed1/result.json,a658382f46d4aaefbf76a2f39b4d561816e120cd837615b9959e3994fc60f892
table2_native,conv3,legacy,BPTT,2,8,8,1e-05,0.0001,bounded_uniform,360.0,30,Adam,16,0,4.0,0.25,,0,,93.17999999999999,93.17999999999999,paper_ready_results/bundles/table3_bounded_bptt/conv3/legacy/gmax_1em4/seed2/result.json,c2ea67f4c57a9b9ebb7e9d31b3e2b799f63662067a2ebee1ea9bba66cda9992a
table2_native,conv3,legacy,BPTT,0,8,8,1e-05,0.0005,bounded_uniform,360.0,30,Adam,16,0,4.0,0.25,,0,,97.68,97.66,paper_ready_results/bundles/table3_bounded_bptt/conv3/legacy/gmax_5em4/seed0/result.json,917835781ab1f79d462c3a3cc7888e61e2c03aabef566ffe43726b3d0e156ada
table2_native,conv3,legacy,BPTT,1,8,8,1e-05,0.0005,bounded_uniform,360.0,30,Adam,16,0,4.0,0.25,,0,,97.84,97.84,paper_ready_results/bundles/table3_bounded_bptt/conv3/legacy/gmax_5em4/seed1/result.json,bf17bd4ef4eb9e6c031539c7d1f9fca0aeeddc9db80e7e96a69ef9d029b3b243
table2_native,conv3,legacy,BPTT,2,8,8,1e-05,0.0005,bounded_uniform,360.0,30,Adam,16,0,4.0,0.25,,0,,97.96000000000001,97.92,paper_ready_results/bundles/table3_bounded_bptt/conv3/legacy/gmax_5em4/seed2/result.json,2d6360ed95e05d6e323ba91ed62d08cab6beac847ff7380b878d78735c705c0e
table2_native,conv3,legacy,BPTT,0,8,8,1e-05,0.001,bounded_uniform,360.0,30,Adam,16,0,4.0,0.25,,0,,97.8,97.8,paper_ready_results/bundles/table3_bounded_bptt/conv3/legacy/gmax_1em3/seed0/result.json,bc5dae64c2658b78c37be969640be46ab96064a313589f5c91d1ff5f5c615eb7
table2_native,conv3,legacy,BPTT,1,8,8,1e-05,0.001,bounded_uniform,360.0,30,Adam,16,0,4.0,0.25,,0,,98.14,98.14,paper_ready_results/bundles/table3_bounded_bptt/conv3/legacy/gmax_1em3/seed1/result.json,bc2605e7089ad1e85da20d4ce712f9109afe1cad6f61dc0449bc29e399e0630e
table2_native,conv3,legacy,BPTT,2,8,8,1e-05,0.001,bounded_uniform,360.0,30,Adam,16,0,4.0,0.25,,0,,98.08,98.06,paper_ready_results/bundles/table3_bounded_bptt/conv3/legacy/gmax_1em3/seed2/result.json,83b726e0a9e753d27f8c086f8742b0aa776666ea79dec52f280b1eb4409611d0
table2_longer_t,conv2,baseline,BPTT,0,12,6,1e-05,0.0001,bounded_uniform,100.0,30,Adam,16,0,1.0,1.0,,0,,85.52,85.08,paper_ready_results/baseline_tk_revision/bundles/T3_BPTT_conv2_baseline_gmax0.0001_seed0/result.json,be47eab2188eccbd79a7a2831a0f4f3db7085b8bb2e93fd8142a36e146e895ad
table2_longer_t,conv2,baseline,BPTT,1,12,6,1e-05,0.0001,bounded_uniform,100.0,30,Adam,16,0,1.0,1.0,,0,,85.42,85.06,paper_ready_results/baseline_tk_revision/bundles/T3_BPTT_conv2_baseline_gmax0.0001_seed1/result.json,4a76a3a5b3f60124beb170b6d334eb3a66cf86805521e370a2c71ddef9a0f9a4
table2_longer_t,conv2,baseline,BPTT,2,12,6,1e-05,0.0001,bounded_uniform,100.0,30,Adam,16,0,1.0,1.0,,0,,85.24000000000001,85.24000000000001,paper_ready_results/baseline_tk_revision/bundles/T3_BPTT_conv2_baseline_gmax0.0001_seed2/result.json,47e97fda8f70fb170bc69f48b52ed9103bfc844b2ede3cc3e32b5fe5d116ead2
table2_longer_t,conv2,baseline,BPTT,0,12,6,1e-05,0.0005,bounded_uniform,100.0,30,Adam,16,0,1.0,1.0,,0,,92.38,92.16,paper_ready_results/baseline_tk_revision/bundles/T3_BPTT_conv2_baseline_gmax0.0005_seed0/result.json,694b292d7b4b666da9584a8067c8d5edd6a35e9875d1cdf7719c735bebe62d65
table2_longer_t,conv2,baseline,BPTT,1,12,6,1e-05,0.0005,bounded_uniform,100.0,30,Adam,16,0,1.0,1.0,,0,,91.52,91.46,paper_ready_results/baseline_tk_revision/bundles/T3_BPTT_conv2_baseline_gmax0.0005_seed1/result.json,eee41fd821f943d9b34eb4836b47c1a3207cab85da382184c28f404bca600cb5
table2_longer_t,conv2,baseline,BPTT,2,12,6,1e-05,0.0005,bounded_uniform,100.0,30,Adam,16,0,1.0,1.0,,0,,92.22,92.22,paper_ready_results/baseline_tk_revision/bundles/T3_BPTT_conv2_baseline_gmax0.0005_seed2/result.json,3fc5d618233e5298b8b8a6cd9997dfac77474851aff4b03258d15cbe257a926a
table2_longer_t,conv2,baseline,BPTT,0,12,6,1e-05,0.001,bounded_uniform,100.0,30,Adam,16,0,1.0,1.0,,0,,93.54,93.36,paper_ready_results/baseline_tk_revision/bundles/T3_BPTT_conv2_baseline_gmax0.001_seed0/result.json,6f7f06f3b651566d8aa62ee455bfa69bcb28c39a26772ae4d8e7c6237741a287
table2_longer_t,conv2,baseline,BPTT,1,12,6,1e-05,0.001,bounded_uniform,100.0,30,Adam,16,0,1.0,1.0,,0,,93.62,93.62,paper_ready_results/baseline_tk_revision/bundles/T3_BPTT_conv2_baseline_gmax0.001_seed1/result.json,be5ccb22bdbe296beed7d094ec4be17fcff869a53b0433ea69fd5787ff639f78
table2_longer_t,conv2,baseline,BPTT,2,12,6,1e-05,0.001,bounded_uniform,100.0,30,Adam,16,0,1.0,1.0,,0,,93.5,93.4,paper_ready_results/baseline_tk_revision/bundles/T3_BPTT_conv2_baseline_gmax0.001_seed2/result.json,b0505ee5e5c2f2e06f4866f530e873fd720ea96fe6b0caee118860247cc1e2f8
table2_longer_t,conv3,baseline,BPTT,0,24,8,1e-05,0.0001,bounded_uniform,360.0,30,Adam,16,0,1.0,1.0,,0,,77.68,77.68,paper_ready_results/baseline_tk_revision/bundles/T3_BPTT_conv3_baseline_gmax0.0001_seed0/result.json,884931bde33ca67afd4810863de31b91f35ae1f470b412bbfcbd0e33f55f3514
table2_longer_t,conv3,baseline,BPTT,1,24,8,1e-05,0.0001,bounded_uniform,360.0,30,Adam,16,0,1.0,1.0,,0,,77.5,76.7,paper_ready_results/baseline_tk_revision/bundles/T3_BPTT_conv3_baseline_gmax0.0001_seed1/result.json,fea3a1be3581d185d369c7ee622d1043702888108cfa8c99c3fa4e7611b43f0d
table2_longer_t,conv3,baseline,BPTT,0,24,8,1e-05,0.0005,bounded_uniform,360.0,30,Adam,16,0,1.0,1.0,,0,,87.12,87.12,paper_ready_results/baseline_tk_revision/bundles/T3_BPTT_conv3_baseline_gmax0.0005_seed0/result.json,0eeaae6041b2eada41415d49b4fd9b742ccd678a48a556463a7f8fe843c83819
table2_longer_t,conv3,baseline,BPTT,1,24,8,1e-05,0.0005,bounded_uniform,360.0,30,Adam,16,0,1.0,1.0,,0,,87.36,87.36,paper_ready_results/baseline_tk_revision/bundles/T3_BPTT_conv3_baseline_gmax0.0005_seed1/result.json,c3f840ab4e76fc7b2c384dee682b85d43699ae5e63665816b2435a72266c99d1
table2_longer_t,conv3,baseline,BPTT,0,24,8,1e-05,0.001,bounded_uniform,360.0,30,Adam,16,0,1.0,1.0,,0,,89.38000000000001,89.38000000000001,paper_ready_results/baseline_tk_revision/bundles/T3_BPTT_conv3_baseline_gmax0.001_seed0/result.json,fc963aa4edbcd592fb88795b9953845bcb8d21c79d15db1ade6f19ec825a6902
table2_longer_t,conv3,baseline,BPTT,1,24,8,1e-05,0.001,bounded_uniform,360.0,30,Adam,16,0,1.0,1.0,,0,,89.58,89.58,paper_ready_results/baseline_tk_revision/bundles/T3_BPTT_conv3_baseline_gmax0.001_seed1/result.json,4021b1d800ce674e0f6e70465ad3adb558bfb8458b9dd633157dcf90a22e9c8e
table3,conv1,ours,EqProp,0,4,4,0.0,100.0,kaiming_uniform,40.0,10,Adam,16,0,4.0,1.0,30.0,1e-05,2026081601,96.44,96.34,paper_ready_results/bundles/read_noise_20260914/conv1/ours/sigma_1e-05/seed0/result.json,76e121643d2e5c668365d45fcccd2707fbfdaa8d90b9ec7d5924e9f36e766dd2
table3,conv1,ours,EqProp,0,4,4,0.0,100.0,kaiming_uniform,40.0,10,Adam,16,0,4.0,1.0,30.0,3e-05,2026081601,96.44,96.3,paper_ready_results/bundles/read_noise_20260914/conv1/ours/sigma_3e-05/seed0/result.json,a762cdb483b8844e750df982695fdf5ea395a4dc923f26149ce8dc605e5c22f7
table3,conv1,ours,EqProp,0,4,4,0.0,100.0,kaiming_uniform,40.0,10,Adam,16,0,4.0,1.0,30.0,0.0001,2026081601,96.39999999999999,96.34,paper_ready_results/bundles/read_noise_20260914/conv1/ours/sigma_0.0001/seed0/result.json,bbdf9c6541cc6b8c693d76e3d0986fb5de4403ddc1c75172a82dcd607718f855
table3,conv1,ours,EqProp,0,4,4,0.0,100.0,kaiming_uniform,40.0,10,Adam,16,0,4.0,1.0,30.0,0.0003,2026081601,96.44,96.3,paper_ready_results/bundles/read_noise_20260914/conv1/ours/sigma_0.0003/seed0/result.json,402ee2adcaf436a0e6f968262af97f2ec4a2094d3c24bb994e345426bdab19f8
table3,conv1,ours,EqProp,0,4,4,0.0,100.0,kaiming_uniform,40.0,10,Adam,16,0,4.0,1.0,30.0,0.0005,2026081601,96.5,96.28,paper_ready_results/bundles/read_noise_20260914/conv1/ours/sigma_0.0005/seed0/result.json,2540467184850e2f7d654130635c87dfda16a350d1ea97ac28ffee20b26ffa5f
table3,conv1,legacy,EqProp,0,4,4,0.0,100.0,kaiming_uniform,40.0,10,Adam,16,0,4.0,0.25,3.0,1e-05,2026081601,96.52,96.39999999999999,paper_ready_results/bundles/read_noise_20260914/conv1/legacy/sigma_1e-05/seed0/result.json,7fdfe7198240f59dbb15c81cb7525fec71ef8abebb9b0e56e81a84c1a8e6ce33
table3,conv1,legacy,EqProp,0,4,4,0.0,100.0,kaiming_uniform,40.0,10,Adam,16,0,4.0,0.25,3.0,3e-05,2026081601,96.5,96.39999999999999,paper_ready_results/bundles/read_noise_20260914/conv1/legacy/sigma_3e-05/seed0/result.json,13554e5cb64032ca7e159a6f9543d9b5522cfe3b08ce7b847bd30d68f8eaace6
table3,conv1,legacy,EqProp,0,4,4,0.0,100.0,kaiming_uniform,40.0,10,Adam,16,0,4.0,0.25,3.0,0.0001,2026081601,96.56,96.39999999999999,paper_ready_results/bundles/read_noise_20260914/conv1/legacy/sigma_0.0001/seed0/result.json,f530d73bba0c49ec66a26ad2fcdd8fba3603f325b84544beb9d63be51b16080d
table3,conv1,legacy,EqProp,0,4,4,0.0,100.0,kaiming_uniform,40.0,10,Adam,16,0,4.0,0.25,3.0,0.0003,2026081601,96.52,96.36,paper_ready_results/bundles/read_noise_20260914/conv1/legacy/sigma_0.0003/seed0/result.json,c8d4bc00c5d24ac99fd1006dc56cc20031571c0f0e86b0e3e60d6ab0f1f93585
table3,conv1,legacy,EqProp,0,4,4,0.0,100.0,kaiming_uniform,40.0,10,Adam,16,0,4.0,0.25,3.0,0.0005,2026081601,96.48,96.38,paper_ready_results/bundles/read_noise_20260914/conv1/legacy/sigma_0.0005/seed0/result.json,46316359f129c7201a1a608610fe8b3203d460d0ecca777c82b300617a53b17c
table3,conv2,ours,EqProp,0,6,6,0.0,100.0,kaiming_uniform,100.0,30,Adam,16,0,4.0,1.0,10.0,1e-05,2026081601,98.11999999999999,98.08,paper_ready_results/bundles/read_noise_20260914/conv2/ours/sigma_1e-05/seed0/result.json,9b1216cb785ad393b8959d159a22e237b6e9b94ebd8a8e09a518751f20927070
table3,conv2,ours,EqProp,0,6,6,0.0,100.0,kaiming_uniform,100.0,30,Adam,16,0,4.0,1.0,10.0,3e-05,2026081601,98.08,98.08,paper_ready_results/bundles/read_noise_20260914/conv2/ours/sigma_3e-05/seed0/result.json,e256edb18f915f964c0b360529947d12c34fd4afd66758fae8a4c7928ea6ddbd
table3,conv2,ours,EqProp,0,6,6,0.0,100.0,kaiming_uniform,100.0,30,Adam,16,0,4.0,1.0,10.0,0.0001,2026081601,98.02,98.0,paper_ready_results/bundles/read_noise_20260914/conv2/ours/sigma_0.0001/seed0/result.json,32c7411287402ddb3df340e02917ab3c3483960334255df65a73e093888e0f02
table3,conv2,ours,EqProp,0,6,6,0.0,100.0,kaiming_uniform,100.0,30,Adam,16,0,4.0,1.0,10.0,0.0003,2026081601,97.88,97.8,paper_ready_results/bundles/read_noise_20260914/conv2/ours/sigma_0.0003/seed0/result.json,aa9140a434974fc2c9e3cd7ef7bcf8d1c3995e452799e6412a3ecfaacf6de53b
table3,conv2,ours,EqProp,0,6,6,0.0,100.0,kaiming_uniform,100.0,30,Adam,16,0,4.0,1.0,10.0,0.0005,2026081601,97.66,97.6,paper_ready_results/bundles/read_noise_20260914/conv2/ours/sigma_0.0005/seed0/result.json,86581a1e0c5f0422ef387719a6f5ae7094dfd6e6d0beed5040e6af310f1e9e28
table3,conv2,legacy,EqProp,0,6,6,0.0,100.0,kaiming_uniform,100.0,30,Adam,16,0,4.0,0.25,0.03,1e-05,2026081601,97.68,97.61999999999999,paper_ready_results/bundles/read_noise_20260914/conv2/legacy/sigma_1e-05/seed0/result.json,58a0a2f72701be8e0675950fb1e6ef400f7767bb2c167f59dc589e558ab8337b
table3,conv2,legacy,EqProp,0,6,6,0.0,100.0,kaiming_uniform,100.0,30,Adam,16,0,4.0,0.25,0.03,3e-05,2026081601,97.39999999999999,97.38,paper_ready_results/bundles/read_noise_20260914/conv2/legacy/sigma_3e-05/seed0/result.json,bad757d38f3fb1cd14e20c981a161ab7be607102cf6a8b2fb08d851694c23048
table3,conv2,legacy,EqProp,0,6,6,0.0,100.0,kaiming_uniform,100.0,30,Adam,16,0,4.0,0.25,0.03,0.0001,2026081601,96.64,96.52,paper_ready_results/bundles/read_noise_20260914/conv2/legacy/sigma_0.0001/seed0/result.json,2b10994f45ea472130faba04ff47f55e45fa68e06364300683bbc41a3b7a1968
table3,conv2,legacy,EqProp,0,6,6,0.0,100.0,kaiming_uniform,100.0,30,Adam,16,0,4.0,0.25,0.03,0.0003,2026081601,95.98,95.94,paper_ready_results/bundles/read_noise_20260914/conv2/legacy/sigma_0.0003/seed0/result.json,4dc942f7f614c8619f8e5094c6400e33c4fb1cb2c98d744715eeeed7fe8948d4
table3,conv2,legacy,EqProp,0,6,6,0.0,100.0,kaiming_uniform,100.0,30,Adam,16,0,4.0,0.25,0.03,0.0005,2026081601,95.72,95.72,paper_ready_results/bundles/read_noise_20260914/conv2/legacy/sigma_0.0005/seed0/result.json,25c8ee725dc6bebf98570263998e2508929f34a488611b62b1383b609279ba65
table3,conv3,ours,EqProp,0,8,8,0.0,100.0,kaiming_uniform,360.0,30,Adam,16,0,4.0,1.0,3.0,1e-05,2026081601,98.38,98.26,paper_ready_results/bundles/read_noise_20260914/conv3/ours/sigma_1e-05/seed0/result.json,1d3e328e610b73cad3f0a2d12b06ee383c904e97a1e3258da9e1ebac88cfed88
table3,conv3,ours,EqProp,0,8,8,0.0,100.0,kaiming_uniform,360.0,30,Adam,16,0,4.0,1.0,3.0,3e-05,2026081601,97.88,97.82,paper_ready_results/bundles/read_noise_20260914/conv3/ours/sigma_3e-05/seed0/result.json,6b5229091724cb73cfc2d4a1942e6b25fad7b711cd328242a076c836606776ac
table3,conv3,ours,EqProp,0,8,8,0.0,100.0,kaiming_uniform,360.0,30,Adam,16,0,4.0,1.0,3.0,0.0001,2026081601,97.61999999999999,97.61999999999999,paper_ready_results/bundles/read_noise_20260914/conv3/ours/sigma_0.0001/seed0/result.json,b5c945912d3264a562c5da7a28e0fdf53dc752f860372e9e8ae0992200fe2c23
table3,conv3,ours,EqProp,0,8,8,0.0,100.0,kaiming_uniform,360.0,30,Adam,16,0,4.0,1.0,3.0,0.0003,2026081601,97.11999999999999,96.82,paper_ready_results/bundles/read_noise_20260914/conv3/ours/sigma_0.0003/seed0/result.json,e49fb5b6cacb34045a0cf87b0b8e1f145e3abe55e08316412a5b4a9e7ff0a96b
table3,conv3,ours,EqProp,0,8,8,0.0,100.0,kaiming_uniform,360.0,30,Adam,16,0,4.0,1.0,3.0,0.0005,2026081601,96.78,96.6,paper_ready_results/bundles/read_noise_20260914/conv3/ours/sigma_0.0005/seed0/result.json,2871b3d4358d42dc61f4946bc00a09ee77acb7f5d7c1554ffd99bc158a2e236e
table3,conv3,legacy,EqProp,0,8,8,0.0,100.0,kaiming_uniform,360.0,30,Adam,16,0,4.0,0.25,0.001,1e-05,2026081601,96.12,95.67999999999999,paper_ready_results/bundles/read_noise_20260914/conv3/legacy/sigma_1e-05/seed0/result.json,57fb5fb23f3037a4edce5b0bf9e050f3606b2b7a3051dc5450c3c0c7ac6b406d
table3,conv3,legacy,EqProp,0,8,8,0.0,100.0,kaiming_uniform,360.0,30,Adam,16,0,4.0,0.25,0.001,3e-05,2026081601,93.42,93.42,paper_ready_results/bundles/read_noise_20260914/conv3/legacy/sigma_3e-05/seed0/result.json,9f21fe8f8935a335f0a4e5ba2e29548b60f91e1edd955d43e7bb0c2fc98faf92
table3,conv3,legacy,EqProp,0,8,8,0.0,100.0,kaiming_uniform,360.0,30,Adam,16,0,4.0,0.25,0.001,0.0001,2026081601,84.66,83.08,paper_ready_results/bundles/read_noise_20260914/conv3/legacy/sigma_0.0001/seed0/result.json,3cc88af98916023bb26458c377f558df5ef583d7f78bbddd4ad6828a8c11c61d
table3,conv3,legacy,EqProp,0,8,8,0.0,100.0,kaiming_uniform,360.0,30,Adam,16,0,4.0,0.25,0.001,0.0003,2026081601,84.92,82.34,paper_ready_results/bundles/read_noise_20260914/conv3/legacy/sigma_0.0003/seed0/result.json,88c7be8d87a8414d1eb656c8ec8683e9e1cc8196eef24eb80ad40fe58ac31674
table3,conv3,legacy,EqProp,0,8,8,0.0,100.0,kaiming_uniform,360.0,30,Adam,16,0,4.0,0.25,0.001,0.0005,2026081601,76.36,75.44,paper_ready_results/bundles/read_noise_20260914/conv3/legacy/sigma_0.0005/seed0/result.json,33d23fe176414572e65956e1119e6d716f5e65c861eca6d5bdfeeab53f863c43
