status,nonlinearity,plot_variant,depth,width,coord_source_rel_path,spice_source_rel_path,output_rel_path,p90_rel_l1_node_weighted,mean_mae_node_weighted,note
ok,double_diode_exponential,all_hidden_newton,1,64,hidden_1/hidden_64/20260311-170020_double_diode_exponential/time_digits_validate_with_residual.log,hidden_1/hidden_64/validation/validation_states_spice_layers.timing.json,double_diode_exponential/hidden_1/hidden_64/20260311-170020_double_diode_exponential/error_npz_vs_spice,1.4636218062529553e-05,9.717485464900032e-06,
ok,double_diode_exponential,all_hidden_newton,1,128,hidden_1/hidden_128/20260311-162256_double_diode_exponential/time_digits_validate_with_residual.log,hidden_1/hidden_128/validation_states_spice_layers.timing.json,double_diode_exponential/hidden_1/hidden_128/20260311-162256_double_diode_exponential/error_npz_vs_spice,9.898573083257389e-06,1.8685193673716237e-06,
ok,double_diode_exponential,all_hidden_newton,1,256,hidden_1/hidden_256/20260311-170041_double_diode_exponential/time_digits_validate_with_residual.log,hidden_1/hidden_256/validation/validation_states_spice_layers.timing.json,double_diode_exponential/hidden_1/hidden_256/20260311-170041_double_diode_exponential/error_npz_vs_spice,1.2551161020352704e-05,6.365698320827313e-06,
ok,double_diode_exponential,all_hidden_newton,1,512,hidden_1/hidden_512/20260311-170102_double_diode_exponential/time_digits_validate_with_residual.log,hidden_1/hidden_512/validation/validation_states_spice_layers.timing.json,double_diode_exponential/hidden_1/hidden_512/20260311-170102_double_diode_exponential/error_npz_vs_spice,1.2464083769731423e-05,6.835308044338289e-06,
ok,double_diode_exponential,all_hidden_newton,1,1024,hidden_1/hidden_1024/20260311-170123_double_diode_exponential/time_digits_validate_with_residual.log,hidden_1/hidden_1024/validation/validation_states_spice_layers.timing.json,double_diode_exponential/hidden_1/hidden_1024/20260311-170123_double_diode_exponential/error_npz_vs_spice,1.2733703089352909e-05,7.877346931209646e-06,
ok,double_diode_exponential,all_hidden_newton,2,64,hidden_2/hidden_64/20260311-170549_double_diode_exponential/time_digits_validate_with_residual.log,hidden_2/hidden_64/validation/validation_states_spice_layers.timing.json,double_diode_exponential/hidden_2/hidden_64/20260311-170549_double_diode_exponential/error_npz_vs_spice,1.7463513749644296e-05,1.814752604195504e-06,
ok,double_diode_exponential,all_hidden_newton,2,128,hidden_2/hidden_128/super_high_accuracy/20260316-145914_double_diode_exponential/time_digits_validate_with_residual.log,hidden_2/hidden_128/super_high_accuracy/validation_states_spice_layers.timing.json,double_diode_exponential/hidden_2/hidden_128/super_high_accuracy/20260316-145914_double_diode_exponential/error_npz_vs_spice,1.246081780685235e-05,1.414340493564351e-05,
ok,double_diode_exponential,all_hidden_newton,2,256,hidden_2/hidden_256/20260311-170612_double_diode_exponential/time_digits_validate_with_residual.log,hidden_2/hidden_256/validation/validation_states_spice_layers.timing.json,double_diode_exponential/hidden_2/hidden_256/20260311-170612_double_diode_exponential/error_npz_vs_spice,2.005530590736902e-05,1.5608299458345693e-06,
missing_or_failed,double_diode_exponential,all_hidden_newton,2,512,hidden_2/hidden_512/20260311-170652_double_diode_exponential/time_digits_validate_with_residual.log,hidden_2/hidden_512/20260311-170652_double_diode_exponential/validation_states_spice_layers.timing.json,,,,
no_spice_path,double_diode_exponential,all_hidden_newton,2,1024,hidden_2/hidden_1024/20260311-170758_double_diode_exponential/time_digits_validate_with_residual.log,,,,,
missing_or_failed,double_diode_exponential,all_hidden_newton,3,64,hidden_3/hidden_64/20260311-185700_double_diode_exponential/time_digits_validate_with_residual.log,hidden_3/hidden_64/validation_states_spice_layers.timing.json,,,,
ok,double_diode_exponential,all_hidden_newton,3,128,hidden_3/hidden_128/20260313-155212_double_diode_exponential/time_digits_validate_with_residual.log,hidden_3/hidden_128/excellent_trained_amp4/validation_states_spice_layers.timing.json,double_diode_exponential/hidden_3/hidden_128/20260313-155212_double_diode_exponential/error_npz_vs_spice,1.1962630650684112e-05,1.0967500526633656e-05,
no_spice_path,double_diode_exponential,all_hidden_newton,3,256,hidden_3/hidden_256/validation/20260317-161243_double_diode_exponential/time_digits_validate_with_residual.log,,,,,
no_spice_path,double_diode_exponential,all_hidden_newton,3,512,hidden_3/hidden_512/validation/20260311-185941_double_diode_exponential/time_digits_validate_with_residual.log,,,,,
ok,double_diode_exponential,hidden_1_no_newton,1,64,hidden_1/hidden_64/20260311-163222_double_diode_exponential_no_newton/time_digits_validate_with_residual.log,hidden_1/hidden_64/validation/validation_states_spice_layers.timing.json,double_diode_exponential/hidden_1/hidden_64/20260311-163222_double_diode_exponential_no_newton/error_npz_vs_spice,1.4630043344923876e-05,9.716709775986855e-06,
ok,double_diode_exponential,hidden_1_no_newton,1,128,hidden_1/hidden_128/20260311-162256_double_diode_exponential/time_digits_validate_with_residual.log,hidden_1/hidden_128/validation_states_spice_layers.timing.json,double_diode_exponential/hidden_1/hidden_128/20260311-162256_double_diode_exponential/error_npz_vs_spice,9.898573083257389e-06,1.8685193673716237e-06,
ok,double_diode_exponential,hidden_1_no_newton,1,256,hidden_1/hidden_256/20260311-163230_double_diode_exponential_no_newton/time_digits_validate_with_residual.log,hidden_1/hidden_256/validation/validation_states_spice_layers.timing.json,double_diode_exponential/hidden_1/hidden_256/20260311-163230_double_diode_exponential_no_newton/error_npz_vs_spice,1.255430319654261e-05,6.36600590645367e-06,
ok,double_diode_exponential,hidden_1_no_newton,1,512,hidden_1/hidden_512/20260311-163238_double_diode_exponential_no_newton/time_digits_validate_with_residual.log,hidden_1/hidden_512/validation/validation_states_spice_layers.timing.json,double_diode_exponential/hidden_1/hidden_512/20260311-163238_double_diode_exponential_no_newton/error_npz_vs_spice,1.2466420753623632e-05,6.834995144625097e-06,
ok,double_diode_exponential,hidden_1_no_newton,1,1024,hidden_1/hidden_1024/20260311-163246_double_diode_exponential_no_newton/time_digits_validate_with_residual.log,hidden_1/hidden_1024/validation/validation_states_spice_layers.timing.json,double_diode_exponential/hidden_1/hidden_1024/20260311-163246_double_diode_exponential_no_newton/error_npz_vs_spice,1.2737786256074457e-05,7.877132596588665e-06,
ok,double_diode_exponential,hidden_1_no_newton,2,64,hidden_2/hidden_64/20260311-170549_double_diode_exponential/time_digits_validate_with_residual.log,hidden_2/hidden_64/validation/validation_states_spice_layers.timing.json,double_diode_exponential/hidden_2/hidden_64/20260311-170549_double_diode_exponential/error_npz_vs_spice,1.7463513749644296e-05,1.814752604195504e-06,
ok,double_diode_exponential,hidden_1_no_newton,2,128,hidden_2/hidden_128/super_high_accuracy/20260316-145914_double_diode_exponential/time_digits_validate_with_residual.log,hidden_2/hidden_128/super_high_accuracy/validation_states_spice_layers.timing.json,double_diode_exponential/hidden_2/hidden_128/super_high_accuracy/20260316-145914_double_diode_exponential/error_npz_vs_spice,1.246081780685235e-05,1.414340493564351e-05,
ok,double_diode_exponential,hidden_1_no_newton,2,256,hidden_2/hidden_256/20260311-170612_double_diode_exponential/time_digits_validate_with_residual.log,hidden_2/hidden_256/validation/validation_states_spice_layers.timing.json,double_diode_exponential/hidden_2/hidden_256/20260311-170612_double_diode_exponential/error_npz_vs_spice,2.005530590736902e-05,1.5608299458345693e-06,
missing_or_failed,double_diode_exponential,hidden_1_no_newton,2,512,hidden_2/hidden_512/20260311-170652_double_diode_exponential/time_digits_validate_with_residual.log,hidden_2/hidden_512/20260311-170652_double_diode_exponential/validation_states_spice_layers.timing.json,,,,
no_spice_path,double_diode_exponential,hidden_1_no_newton,2,1024,hidden_2/hidden_1024/20260311-170758_double_diode_exponential/time_digits_validate_with_residual.log,,,,,
missing_or_failed,double_diode_exponential,hidden_1_no_newton,3,64,hidden_3/hidden_64/20260311-185700_double_diode_exponential/time_digits_validate_with_residual.log,hidden_3/hidden_64/validation_states_spice_layers.timing.json,,,,
ok,double_diode_exponential,hidden_1_no_newton,3,128,hidden_3/hidden_128/20260313-155212_double_diode_exponential/time_digits_validate_with_residual.log,hidden_3/hidden_128/excellent_trained_amp4/validation_states_spice_layers.timing.json,double_diode_exponential/hidden_3/hidden_128/20260313-155212_double_diode_exponential/error_npz_vs_spice,1.1962630650684112e-05,1.0967500526633656e-05,
no_spice_path,double_diode_exponential,hidden_1_no_newton,3,256,hidden_3/hidden_256/validation/20260317-161243_double_diode_exponential/time_digits_validate_with_residual.log,,,,,
no_spice_path,double_diode_exponential,hidden_1_no_newton,3,512,hidden_3/hidden_512/validation/20260311-185941_double_diode_exponential/time_digits_validate_with_residual.log,,,,,
missing_or_failed,experimental,fixed_inner_tolerance,1,64,hidden_1/hidden_64/20260311-172944_experimental/time_digits_validate_with_residual.log,hidden_1/hidden_64/20260311-172944_experimental/validation_states_spice_layers.timing.json,,,,
missing_or_failed,experimental,fixed_inner_tolerance,1,128,hidden_1/hidden_128/20260312-143619_experimental/time_digits_validate_with_residual.log,hidden_1/hidden_128/validation_states_spice_layers.timing.json,,,,
missing_or_failed,experimental,fixed_inner_tolerance,1,256,hidden_1/hidden_256/20260311-173028_experimental/time_digits_validate_with_residual.log,hidden_1/hidden_256/validation_states_spice_layers.timing.json,,,,
missing_or_failed,experimental,fixed_inner_tolerance,1,512,hidden_1/hidden_512/20260311-173056_experimental/time_digits_validate_with_residual.log,hidden_1/hidden_512/validation_states_spice_layers.timing.json,,,,
missing_or_failed,experimental,fixed_inner_tolerance,1,1024,hidden_1/hidden_1024/20260311-173123_experimental/time_digits_validate_with_residual.log,hidden_1/hidden_1024/validation_states_spice_layers.timing.json,,,,
missing_or_failed,experimental,fixed_inner_tolerance,2,64,hidden_2/hidden_64/20260311-171025_experimental/time_digits_validate_with_residual.log,hidden_2/hidden_64/20260311-171025_experimental/validation_states_spice_layers.timing.json,,,,
ok,experimental,fixed_inner_tolerance,2,128,hidden_2/hidden_128/20260312-114258_experimental/time_digits_validate_with_residual.log,hidden_2/hidden_128/super_high_accuracy/validation_states_spice_layers.timing.json,experimental/hidden_2/hidden_128/20260312-114258_experimental/error_npz_vs_spice,0.0009199397899910195,0.0010350432045027479,
missing_or_failed,experimental,fixed_inner_tolerance,2,256,hidden_2/hidden_256/20260311-171041_experimental/time_digits_validate_with_residual.log,hidden_2/hidden_256/20260311-171041_experimental/validation_states_spice_layers.timing.json,,,,
no_spice_path,experimental,fixed_inner_tolerance,2,512,hidden_2/hidden_512/20260311-171059_experimental/time_digits_validate_with_residual.log,,,,,
no_spice_path,experimental,fixed_inner_tolerance,2,1024,hidden_2/hidden_1024/20260311-171126_experimental/time_digits_validate_with_residual.log,,,,,
ok,experimental,fixed_inner_tolerance,3,64,hidden_3/hidden_64/validation/20260313-125137_experimental/time_digits_validate_with_residual.log,hidden_3/hidden_64/validation_states_spice_layers.timing.json,experimental/hidden_3/hidden_64/validation/20260313-125137_experimental/error_npz_vs_spice,1.272795072927572e-05,2.1291043656664604e-05,
ok,experimental,fixed_inner_tolerance,3,128,hidden_3/hidden_128/amp_4/validation/20260313-125308_experimental/time_digits_validate_with_residual.log,hidden_3/hidden_128/amp_4/validation_states_spice_layers.timing.json,experimental/hidden_3/hidden_128/amp_4/validation/20260313-125308_experimental/error_npz_vs_spice,1.4852313428213184e-05,1.2503753630455078e-05,
missing_or_failed,experimental,fixed_inner_tolerance,3,256,hidden_3/hidden_256/validation/20260313-125843_experimental/time_digits_validate_with_residual.log,hidden_3/hidden_256/validation_states_spice_layers.timing.json,,,,
missing_or_failed,experimental,progressive_inner_tolerance,1,64,hidden_1/hidden_64/20260317-113144_experimental/time_digits_validate_with_residual.log,hidden_1/hidden_64/redundant/20260311-172944_experimental/validation_states_spice_layers.timing.json,,,,
missing_or_failed,experimental,progressive_inner_tolerance,1,128,hidden_1/hidden_128/20260317-113144_experimental/time_digits_validate_with_residual.log,hidden_1/hidden_128/validation_states_spice_layers.timing.json,,,,
missing_or_failed,experimental,progressive_inner_tolerance,1,256,hidden_1/hidden_256/20260317-113706_experimental/time_digits_validate_with_residual.log,hidden_1/hidden_256/validation_states_spice_layers.timing.json,,,,
missing_or_failed,experimental,progressive_inner_tolerance,1,512,hidden_1/hidden_512/20260317-113706_experimental/time_digits_validate_with_residual.log,hidden_1/hidden_512/validation_states_spice_layers.timing.json,,,,
missing_or_failed,experimental,progressive_inner_tolerance,1,1024,hidden_1/hidden_1024/20260317-113706_experimental/time_digits_validate_with_residual.log,hidden_1/hidden_1024/validation_states_spice_layers.timing.json,,,,
missing_or_failed,experimental,progressive_inner_tolerance,2,64,hidden_2/hidden_64/20260313-150228_experimental/time_digits_validate_with_residual.log,hidden_2/hidden_64/20260311-171025_experimental/validation_states_spice_layers.timing.json,,,,
ok,experimental,progressive_inner_tolerance,2,128,hidden_2/hidden_128/20260313-150244_experimental/time_digits_validate_with_residual.log,hidden_2/hidden_128/super_high_accuracy/validation_states_spice_layers.timing.json,experimental/hidden_2/hidden_128/20260313-150244_experimental/error_npz_vs_spice,1.3533619079228063e-05,1.483449324236207e-05,
missing_or_failed,experimental,progressive_inner_tolerance,2,256,hidden_2/hidden_256/20260313-150302_experimental/time_digits_validate_with_residual.log,hidden_2/hidden_256/20260311-171041_experimental/validation_states_spice_layers.timing.json,,,,
no_spice_path,experimental,progressive_inner_tolerance,2,512,hidden_2/hidden_512/20260313-150320_experimental/time_digits_validate_with_residual.log,,,,,
no_spice_path,experimental,progressive_inner_tolerance,2,1024,hidden_2/hidden_1024/20260313-150347_experimental/time_digits_validate_with_residual.log,,,,,
ok,experimental,progressive_inner_tolerance,3,64,hidden_3/hidden_64/validation/20260313-151007_experimental/time_digits_validate_with_residual.log,hidden_3/hidden_64/validation_states_spice_layers.timing.json,experimental/hidden_3/hidden_64/validation/20260313-151007_experimental/error_npz_vs_spice,1.272795072927572e-05,2.129106380315559e-05,
ok,experimental,progressive_inner_tolerance,3,128,hidden_3/hidden_128/amp_4/validation/20260313-151035_experimental/time_digits_validate_with_residual.log,hidden_3/hidden_128/amp_4/validation_states_spice_layers.timing.json,experimental/hidden_3/hidden_128/amp_4/validation/20260313-151035_experimental/error_npz_vs_spice,1.4852313428213184e-05,1.2503477076768561e-05,
ok,experimental,progressive_inner_tolerance,3,256,hidden_3/hidden_256/validation/20260317-161514_experimental/time_digits_validate_with_residual.log,hidden_3/hidden_256/validation_states_spice_layers.timing.json,experimental/hidden_3/hidden_256/validation/20260317-161514_experimental/error_npz_vs_spice,0.0632856452341136,0.04324670615664648,
no_spice_path,experimental,progressive_inner_tolerance,3,512,hidden_3/hidden_512/validation/20260313-171929_experimental/time_digits_validate_with_residual.log,,,,,
ok,single_diode_exponential,main,1,64,hidden_1/hidden_64/20260317-170659_single_diode_exponential/time_digits_validate_with_residual.log,hidden_1/hidden_64/validation_states_spice_layers.timing.json,single_diode_exponential/hidden_1/hidden_64/20260317-170659_single_diode_exponential/error_npz_vs_spice,0.06849977464065758,0.07661082418131966,
missing_or_failed,single_diode_exponential,main,1,128,hidden_1/hidden_128/20260316-172522_single_diode_exponential/time_digits_validate_with_residual.log,hidden_1/hidden_128/validation_states_spice_layers.timing.json,single_diode_exponential/hidden_1/hidden_128/20260316-172522_single_diode_exponential/error_npz_vs_spice,,,shape_mismatch
ok,single_diode_exponential,main,1,256,hidden_1/hidden_256/20260311-170349_single_diode_exponential/time_digits_validate_with_residual.log,hidden_1/hidden_256/validation_states_spice_layers.timing.json,single_diode_exponential/hidden_1/hidden_256/20260311-170349_single_diode_exponential/error_npz_vs_spice,1.6334111355152485e-05,1.8776623254856095e-05,
ok,single_diode_exponential,main,1,512,hidden_1/hidden_512/20260311-170405_single_diode_exponential/time_digits_validate_with_residual.log,hidden_1/hidden_512/validation_states_spice_layers.timing.json,single_diode_exponential/hidden_1/hidden_512/20260311-170405_single_diode_exponential/error_npz_vs_spice,1.1642279633887151e-05,5.57901374618997e-06,
ok,single_diode_exponential,main,1,1024,hidden_1/hidden_1024/20260311-170419_single_diode_exponential/time_digits_validate_with_residual.log,hidden_1/hidden_1024/validation_states_spice_layers.timing.json,single_diode_exponential/hidden_1/hidden_1024/20260311-170419_single_diode_exponential/error_npz_vs_spice,1.1352281270289233e-05,5.767244471884173e-06,
ok,single_diode_exponential,main,2,64,hidden_2/hidden_64/20260317-103528_single_diode_exponential/time_digits_validate_with_residual.log,hidden_2/hidden_64/validation_states_spice_layers.timing.json,single_diode_exponential/hidden_2/hidden_64/20260317-103528_single_diode_exponential/error_npz_vs_spice,0.10335948880652478,0.025988195260342118,
ok,single_diode_exponential,main,2,128,hidden_2/hidden_128/20260314-160910_single_diode_exponential/time_digits_validate_with_residual.log,hidden_2/hidden_128/validation_states_spice_layers.timing.json,single_diode_exponential/hidden_2/hidden_128/20260314-160910_single_diode_exponential/error_npz_vs_spice,1.0785640628131756e-05,4.589455741375594e-06,
ok,single_diode_exponential,main,2,256,hidden_2/hidden_256/20260317-094836_single_diode_exponential/time_digits_validate_with_residual.log,hidden_2/hidden_256/validation_states_spice_layers.timing.json,single_diode_exponential/hidden_2/hidden_256/20260317-094836_single_diode_exponential/error_npz_vs_spice,0.5709201367246044,0.037789844577016986,
no_spice_path,single_diode_exponential,main,2,512,hidden_2/hidden_512/20260317-105922_single_diode_exponential/time_digits_validate_with_residual.log,,,,,
no_spice_path,single_diode_exponential,main,2,1024,hidden_2/hidden_1024/20260317-110028_single_diode_exponential/time_digits_validate_with_residual.log,,,,,
