status,nonlinearity,run_dir,run_npz,spice_npz,output_dir,run_npz_exists,spice_npz_exists,node_weighted_p50,node_weighted_p90,node_weighted_p99,avg_p50,avg_p90,avg_p99,returncode,stderr,stdout
ok,double_diode_exponential,/home/filip/server_code/labs/figures_for_paper_digits/timings/double_diode_exponential/hidden_1/hidden_64/20260311-170020_double_diode_exponential,/home/filip/server_code/labs/figures_for_paper_digits/timings/double_diode_exponential/hidden_1/hidden_64/20260311-170020_double_diode_exponential/validation_states.npz,/home/filip/server_code/labs/figures_for_paper_digits/timings/double_diode_exponential/hidden_1/hidden_64/validation/validation_states_spice_layers.npz,/home/filip/server_code/labs/figures_for_paper_digits/timings/double_diode_exponential/hidden_1/hidden_64/20260311-170020_double_diode_exponential/error_npz_vs_spice,,,,,,,,,,,
ok,double_diode_exponential,/home/filip/server_code/labs/figures_for_paper_digits/timings/double_diode_exponential/hidden_1/hidden_128/20260311-162256_double_diode_exponential,/home/filip/server_code/labs/figures_for_paper_digits/timings/double_diode_exponential/hidden_1/hidden_128/20260311-162256_double_diode_exponential/validation_states.npz,/home/filip/server_code/labs/figures_for_paper_digits/timings/double_diode_exponential/hidden_1/hidden_128/validation_states_spice_layers.npz,/home/filip/server_code/labs/figures_for_paper_digits/timings/double_diode_exponential/hidden_1/hidden_128/20260311-162256_double_diode_exponential/error_npz_vs_spice,,,,,,,,,,,
ok,double_diode_exponential,/home/filip/server_code/labs/figures_for_paper_digits/timings/double_diode_exponential/hidden_1/hidden_256/20260311-170041_double_diode_exponential,/home/filip/server_code/labs/figures_for_paper_digits/timings/double_diode_exponential/hidden_1/hidden_256/20260311-170041_double_diode_exponential/validation_states.npz,/home/filip/server_code/labs/figures_for_paper_digits/timings/double_diode_exponential/hidden_1/hidden_256/validation/validation_states_spice_layers.npz,/home/filip/server_code/labs/figures_for_paper_digits/timings/double_diode_exponential/hidden_1/hidden_256/20260311-170041_double_diode_exponential/error_npz_vs_spice,,,,,,,,,,,
ok,double_diode_exponential,/home/filip/server_code/labs/figures_for_paper_digits/timings/double_diode_exponential/hidden_1/hidden_512/20260311-170102_double_diode_exponential,/home/filip/server_code/labs/figures_for_paper_digits/timings/double_diode_exponential/hidden_1/hidden_512/20260311-170102_double_diode_exponential/validation_states.npz,/home/filip/server_code/labs/figures_for_paper_digits/timings/double_diode_exponential/hidden_1/hidden_512/validation/validation_states_spice_layers.npz,/home/filip/server_code/labs/figures_for_paper_digits/timings/double_diode_exponential/hidden_1/hidden_512/20260311-170102_double_diode_exponential/error_npz_vs_spice,,,,,,,,,,,
ok,double_diode_exponential,/home/filip/server_code/labs/figures_for_paper_digits/timings/double_diode_exponential/hidden_1/hidden_1024/20260311-170123_double_diode_exponential,/home/filip/server_code/labs/figures_for_paper_digits/timings/double_diode_exponential/hidden_1/hidden_1024/20260311-170123_double_diode_exponential/validation_states.npz,/home/filip/server_code/labs/figures_for_paper_digits/timings/double_diode_exponential/hidden_1/hidden_1024/validation/validation_states_spice_layers.npz,/home/filip/server_code/labs/figures_for_paper_digits/timings/double_diode_exponential/hidden_1/hidden_1024/20260311-170123_double_diode_exponential/error_npz_vs_spice,,,,,,,,,,,
ok,double_diode_exponential,/home/filip/server_code/labs/figures_for_paper_digits/timings/double_diode_exponential/hidden_2/hidden_64/20260311-170549_double_diode_exponential,/home/filip/server_code/labs/figures_for_paper_digits/timings/double_diode_exponential/hidden_2/hidden_64/20260311-170549_double_diode_exponential/validation_states.npz,/home/filip/server_code/labs/figures_for_paper_digits/timings/double_diode_exponential/hidden_2/hidden_64/validation/validation_states_spice_layers.npz,/home/filip/server_code/labs/figures_for_paper_digits/timings/double_diode_exponential/hidden_2/hidden_64/20260311-170549_double_diode_exponential/error_npz_vs_spice,,,,,,,,,,,
ok,double_diode_exponential,/home/filip/server_code/labs/figures_for_paper_digits/timings/double_diode_exponential/hidden_2/hidden_128/super_high_accuracy/20260316-145914_double_diode_exponential,/home/filip/server_code/labs/figures_for_paper_digits/timings/double_diode_exponential/hidden_2/hidden_128/super_high_accuracy/20260316-145914_double_diode_exponential/validation_states.npz,/home/filip/server_code/labs/figures_for_paper_digits/timings/double_diode_exponential/hidden_2/hidden_128/super_high_accuracy/validation_states_spice_layers.npz,/home/filip/server_code/labs/figures_for_paper_digits/timings/double_diode_exponential/hidden_2/hidden_128/super_high_accuracy/20260316-145914_double_diode_exponential/error_npz_vs_spice,,,,,,,,,,,
ok,double_diode_exponential,/home/filip/server_code/labs/figures_for_paper_digits/timings/double_diode_exponential/hidden_2/hidden_256/20260311-170612_double_diode_exponential,/home/filip/server_code/labs/figures_for_paper_digits/timings/double_diode_exponential/hidden_2/hidden_256/20260311-170612_double_diode_exponential/validation_states.npz,/home/filip/server_code/labs/figures_for_paper_digits/timings/double_diode_exponential/hidden_2/hidden_256/validation/validation_states_spice_layers.npz,/home/filip/server_code/labs/figures_for_paper_digits/timings/double_diode_exponential/hidden_2/hidden_256/20260311-170612_double_diode_exponential/error_npz_vs_spice,,,,,,,,,,,
missing_input,double_diode_exponential,/home/filip/server_code/labs/figures_for_paper_digits/timings/double_diode_exponential/hidden_2/hidden_512/20260311-170652_double_diode_exponential,/home/filip/server_code/labs/figures_for_paper_digits/timings/double_diode_exponential/hidden_2/hidden_512/20260311-170652_double_diode_exponential/validation_states.npz,/home/filip/server_code/labs/figures_for_paper_digits/timings/double_diode_exponential/hidden_2/hidden_512/20260311-170652_double_diode_exponential/validation_states_spice_layers.npz,/home/filip/server_code/labs/figures_for_paper_digits/timings/double_diode_exponential/hidden_2/hidden_512/20260311-170652_double_diode_exponential/error_npz_vs_spice,True,False,,,,,,,,,
missing_input,double_diode_exponential,/home/filip/server_code/labs/figures_for_paper_digits/timings/double_diode_exponential/hidden_3/hidden_64/20260311-185700_double_diode_exponential,/home/filip/server_code/labs/figures_for_paper_digits/timings/double_diode_exponential/hidden_3/hidden_64/20260311-185700_double_diode_exponential/validation_states.npz,/home/filip/server_code/labs/figures_for_paper_digits/timings/double_diode_exponential/hidden_3/hidden_64/validation_states_spice_layers.npz,/home/filip/server_code/labs/figures_for_paper_digits/timings/double_diode_exponential/hidden_3/hidden_64/20260311-185700_double_diode_exponential/error_npz_vs_spice,True,False,,,,,,,,,
ok,double_diode_exponential,/home/filip/server_code/labs/figures_for_paper_digits/timings/double_diode_exponential/hidden_3/hidden_128/20260313-155212_double_diode_exponential,/home/filip/server_code/labs/figures_for_paper_digits/timings/double_diode_exponential/hidden_3/hidden_128/20260313-155212_double_diode_exponential/validation_states.npz,/home/filip/server_code/labs/figures_for_paper_digits/timings/double_diode_exponential/hidden_3/hidden_128/excellent_trained_amp4/validation_states_spice_layers.npz,/home/filip/server_code/labs/figures_for_paper_digits/timings/double_diode_exponential/hidden_3/hidden_128/20260313-155212_double_diode_exponential/error_npz_vs_spice,,,,,,,,,,,
ok,double_diode_exponential,/home/filip/server_code/labs/figures_for_paper_digits/timings/double_diode_exponential/hidden_1/hidden_64/20260311-163222_double_diode_exponential_no_newton,/home/filip/server_code/labs/figures_for_paper_digits/timings/double_diode_exponential/hidden_1/hidden_64/20260311-163222_double_diode_exponential_no_newton/validation_states.npz,/home/filip/server_code/labs/figures_for_paper_digits/timings/double_diode_exponential/hidden_1/hidden_64/validation/validation_states_spice_layers.npz,/home/filip/server_code/labs/figures_for_paper_digits/timings/double_diode_exponential/hidden_1/hidden_64/20260311-163222_double_diode_exponential_no_newton/error_npz_vs_spice,,,,,,,,,,,
ok,double_diode_exponential,/home/filip/server_code/labs/figures_for_paper_digits/timings/double_diode_exponential/hidden_1/hidden_256/20260311-163230_double_diode_exponential_no_newton,/home/filip/server_code/labs/figures_for_paper_digits/timings/double_diode_exponential/hidden_1/hidden_256/20260311-163230_double_diode_exponential_no_newton/validation_states.npz,/home/filip/server_code/labs/figures_for_paper_digits/timings/double_diode_exponential/hidden_1/hidden_256/validation/validation_states_spice_layers.npz,/home/filip/server_code/labs/figures_for_paper_digits/timings/double_diode_exponential/hidden_1/hidden_256/20260311-163230_double_diode_exponential_no_newton/error_npz_vs_spice,,,,,,,,,,,
ok,double_diode_exponential,/home/filip/server_code/labs/figures_for_paper_digits/timings/double_diode_exponential/hidden_1/hidden_512/20260311-163238_double_diode_exponential_no_newton,/home/filip/server_code/labs/figures_for_paper_digits/timings/double_diode_exponential/hidden_1/hidden_512/20260311-163238_double_diode_exponential_no_newton/validation_states.npz,/home/filip/server_code/labs/figures_for_paper_digits/timings/double_diode_exponential/hidden_1/hidden_512/validation/validation_states_spice_layers.npz,/home/filip/server_code/labs/figures_for_paper_digits/timings/double_diode_exponential/hidden_1/hidden_512/20260311-163238_double_diode_exponential_no_newton/error_npz_vs_spice,,,,,,,,,,,
ok,double_diode_exponential,/home/filip/server_code/labs/figures_for_paper_digits/timings/double_diode_exponential/hidden_1/hidden_1024/20260311-163246_double_diode_exponential_no_newton,/home/filip/server_code/labs/figures_for_paper_digits/timings/double_diode_exponential/hidden_1/hidden_1024/20260311-163246_double_diode_exponential_no_newton/validation_states.npz,/home/filip/server_code/labs/figures_for_paper_digits/timings/double_diode_exponential/hidden_1/hidden_1024/validation/validation_states_spice_layers.npz,/home/filip/server_code/labs/figures_for_paper_digits/timings/double_diode_exponential/hidden_1/hidden_1024/20260311-163246_double_diode_exponential_no_newton/error_npz_vs_spice,,,,,,,,,,,
missing_input,experimental,/home/filip/server_code/labs/figures_for_paper_digits/timings/experimental/hidden_1/hidden_64/20260311-172944_experimental,/home/filip/server_code/labs/figures_for_paper_digits/timings/experimental/hidden_1/hidden_64/20260311-172944_experimental/validation_states.npz,/home/filip/server_code/labs/figures_for_paper_digits/timings/experimental/hidden_1/hidden_64/20260311-172944_experimental/validation_states_spice_layers.npz,/home/filip/server_code/labs/figures_for_paper_digits/timings/experimental/hidden_1/hidden_64/20260311-172944_experimental/error_npz_vs_spice,False,False,,,,,,,,,
missing_input,experimental,/home/filip/server_code/labs/figures_for_paper_digits/timings/experimental/hidden_1/hidden_128/20260312-143619_experimental,/home/filip/server_code/labs/figures_for_paper_digits/timings/experimental/hidden_1/hidden_128/20260312-143619_experimental/validation_states.npz,/home/filip/server_code/labs/figures_for_paper_digits/timings/experimental/hidden_1/hidden_128/validation_states_spice_layers.npz,/home/filip/server_code/labs/figures_for_paper_digits/timings/experimental/hidden_1/hidden_128/20260312-143619_experimental/error_npz_vs_spice,False,False,,,,,,,,,
missing_input,experimental,/home/filip/server_code/labs/figures_for_paper_digits/timings/experimental/hidden_1/hidden_256/20260311-173028_experimental,/home/filip/server_code/labs/figures_for_paper_digits/timings/experimental/hidden_1/hidden_256/20260311-173028_experimental/validation_states.npz,/home/filip/server_code/labs/figures_for_paper_digits/timings/experimental/hidden_1/hidden_256/validation_states_spice_layers.npz,/home/filip/server_code/labs/figures_for_paper_digits/timings/experimental/hidden_1/hidden_256/20260311-173028_experimental/error_npz_vs_spice,False,False,,,,,,,,,
missing_input,experimental,/home/filip/server_code/labs/figures_for_paper_digits/timings/experimental/hidden_1/hidden_512/20260311-173056_experimental,/home/filip/server_code/labs/figures_for_paper_digits/timings/experimental/hidden_1/hidden_512/20260311-173056_experimental/validation_states.npz,/home/filip/server_code/labs/figures_for_paper_digits/timings/experimental/hidden_1/hidden_512/validation_states_spice_layers.npz,/home/filip/server_code/labs/figures_for_paper_digits/timings/experimental/hidden_1/hidden_512/20260311-173056_experimental/error_npz_vs_spice,False,False,,,,,,,,,
missing_input,experimental,/home/filip/server_code/labs/figures_for_paper_digits/timings/experimental/hidden_1/hidden_1024/20260311-173123_experimental,/home/filip/server_code/labs/figures_for_paper_digits/timings/experimental/hidden_1/hidden_1024/20260311-173123_experimental/validation_states.npz,/home/filip/server_code/labs/figures_for_paper_digits/timings/experimental/hidden_1/hidden_1024/validation_states_spice_layers.npz,/home/filip/server_code/labs/figures_for_paper_digits/timings/experimental/hidden_1/hidden_1024/20260311-173123_experimental/error_npz_vs_spice,False,False,,,,,,,,,
missing_input,experimental,/home/filip/server_code/labs/figures_for_paper_digits/timings/experimental/hidden_2/hidden_64/20260311-171025_experimental,/home/filip/server_code/labs/figures_for_paper_digits/timings/experimental/hidden_2/hidden_64/20260311-171025_experimental/validation_states.npz,/home/filip/server_code/labs/figures_for_paper_digits/timings/experimental/hidden_2/hidden_64/20260311-171025_experimental/validation_states_spice_layers.npz,/home/filip/server_code/labs/figures_for_paper_digits/timings/experimental/hidden_2/hidden_64/20260311-171025_experimental/error_npz_vs_spice,True,False,,,,,,,,,
ok,experimental,/home/filip/server_code/labs/figures_for_paper_digits/timings/experimental/hidden_2/hidden_128/20260312-114258_experimental,/home/filip/server_code/labs/figures_for_paper_digits/timings/experimental/hidden_2/hidden_128/20260312-114258_experimental/validation_states.npz,/home/filip/server_code/labs/figures_for_paper_digits/timings/experimental/hidden_2/hidden_128/super_high_accuracy/validation_states_spice_layers.npz,/home/filip/server_code/labs/figures_for_paper_digits/timings/experimental/hidden_2/hidden_128/20260312-114258_experimental/error_npz_vs_spice,,,,,,,,,,,
missing_input,experimental,/home/filip/server_code/labs/figures_for_paper_digits/timings/experimental/hidden_2/hidden_256/20260311-171041_experimental,/home/filip/server_code/labs/figures_for_paper_digits/timings/experimental/hidden_2/hidden_256/20260311-171041_experimental/validation_states.npz,/home/filip/server_code/labs/figures_for_paper_digits/timings/experimental/hidden_2/hidden_256/20260311-171041_experimental/validation_states_spice_layers.npz,/home/filip/server_code/labs/figures_for_paper_digits/timings/experimental/hidden_2/hidden_256/20260311-171041_experimental/error_npz_vs_spice,True,False,,,,,,,,,
ok,experimental,/home/filip/server_code/labs/figures_for_paper_digits/timings/experimental/hidden_3/hidden_64/validation/20260313-125137_experimental,/home/filip/server_code/labs/figures_for_paper_digits/timings/experimental/hidden_3/hidden_64/validation/20260313-125137_experimental/validation_states.npz,/home/filip/server_code/labs/figures_for_paper_digits/timings/experimental/hidden_3/hidden_64/validation_states_spice_layers.npz,/home/filip/server_code/labs/figures_for_paper_digits/timings/experimental/hidden_3/hidden_64/validation/20260313-125137_experimental/error_npz_vs_spice,,,,,,,,,,,
ok,experimental,/home/filip/server_code/labs/figures_for_paper_digits/timings/experimental/hidden_3/hidden_128/amp_4/validation/20260313-125308_experimental,/home/filip/server_code/labs/figures_for_paper_digits/timings/experimental/hidden_3/hidden_128/amp_4/validation/20260313-125308_experimental/validation_states.npz,/home/filip/server_code/labs/figures_for_paper_digits/timings/experimental/hidden_3/hidden_128/amp_4/validation_states_spice_layers.npz,/home/filip/server_code/labs/figures_for_paper_digits/timings/experimental/hidden_3/hidden_128/amp_4/validation/20260313-125308_experimental/error_npz_vs_spice,,,,,,,,,,,
missing_input,experimental,/home/filip/server_code/labs/figures_for_paper_digits/timings/experimental/hidden_3/hidden_256/validation/20260313-125843_experimental,/home/filip/server_code/labs/figures_for_paper_digits/timings/experimental/hidden_3/hidden_256/validation/20260313-125843_experimental/validation_states.npz,/home/filip/server_code/labs/figures_for_paper_digits/timings/experimental/hidden_3/hidden_256/validation_states_spice_layers.npz,/home/filip/server_code/labs/figures_for_paper_digits/timings/experimental/hidden_3/hidden_256/validation/20260313-125843_experimental/error_npz_vs_spice,True,False,,,,,,,,,
missing_input,experimental,/home/filip/server_code/labs/figures_for_paper_digits/timings/experimental/hidden_1/hidden_64/20260317-113144_experimental,/home/filip/server_code/labs/figures_for_paper_digits/timings/experimental/hidden_1/hidden_64/20260317-113144_experimental/validation_states.npz,/home/filip/server_code/labs/figures_for_paper_digits/timings/experimental/hidden_1/hidden_64/redundant/20260311-172944_experimental/validation_states_spice_layers.npz,/home/filip/server_code/labs/figures_for_paper_digits/timings/experimental/hidden_1/hidden_64/20260317-113144_experimental/error_npz_vs_spice,True,False,,,,,,,,,
missing_input,experimental,/home/filip/server_code/labs/figures_for_paper_digits/timings/experimental/hidden_1/hidden_128/20260317-113144_experimental,/home/filip/server_code/labs/figures_for_paper_digits/timings/experimental/hidden_1/hidden_128/20260317-113144_experimental/validation_states.npz,/home/filip/server_code/labs/figures_for_paper_digits/timings/experimental/hidden_1/hidden_128/validation_states_spice_layers.npz,/home/filip/server_code/labs/figures_for_paper_digits/timings/experimental/hidden_1/hidden_128/20260317-113144_experimental/error_npz_vs_spice,True,False,,,,,,,,,
missing_input,experimental,/home/filip/server_code/labs/figures_for_paper_digits/timings/experimental/hidden_1/hidden_256/20260317-113706_experimental,/home/filip/server_code/labs/figures_for_paper_digits/timings/experimental/hidden_1/hidden_256/20260317-113706_experimental/validation_states.npz,/home/filip/server_code/labs/figures_for_paper_digits/timings/experimental/hidden_1/hidden_256/validation_states_spice_layers.npz,/home/filip/server_code/labs/figures_for_paper_digits/timings/experimental/hidden_1/hidden_256/20260317-113706_experimental/error_npz_vs_spice,True,False,,,,,,,,,
missing_input,experimental,/home/filip/server_code/labs/figures_for_paper_digits/timings/experimental/hidden_1/hidden_512/20260317-113706_experimental,/home/filip/server_code/labs/figures_for_paper_digits/timings/experimental/hidden_1/hidden_512/20260317-113706_experimental/validation_states.npz,/home/filip/server_code/labs/figures_for_paper_digits/timings/experimental/hidden_1/hidden_512/validation_states_spice_layers.npz,/home/filip/server_code/labs/figures_for_paper_digits/timings/experimental/hidden_1/hidden_512/20260317-113706_experimental/error_npz_vs_spice,True,False,,,,,,,,,
missing_input,experimental,/home/filip/server_code/labs/figures_for_paper_digits/timings/experimental/hidden_1/hidden_1024/20260317-113706_experimental,/home/filip/server_code/labs/figures_for_paper_digits/timings/experimental/hidden_1/hidden_1024/20260317-113706_experimental/validation_states.npz,/home/filip/server_code/labs/figures_for_paper_digits/timings/experimental/hidden_1/hidden_1024/validation_states_spice_layers.npz,/home/filip/server_code/labs/figures_for_paper_digits/timings/experimental/hidden_1/hidden_1024/20260317-113706_experimental/error_npz_vs_spice,True,False,,,,,,,,,
missing_input,experimental,/home/filip/server_code/labs/figures_for_paper_digits/timings/experimental/hidden_2/hidden_64/20260313-150228_experimental,/home/filip/server_code/labs/figures_for_paper_digits/timings/experimental/hidden_2/hidden_64/20260313-150228_experimental/validation_states.npz,/home/filip/server_code/labs/figures_for_paper_digits/timings/experimental/hidden_2/hidden_64/20260311-171025_experimental/validation_states_spice_layers.npz,/home/filip/server_code/labs/figures_for_paper_digits/timings/experimental/hidden_2/hidden_64/20260313-150228_experimental/error_npz_vs_spice,True,False,,,,,,,,,
ok,experimental,/home/filip/server_code/labs/figures_for_paper_digits/timings/experimental/hidden_2/hidden_128/20260313-150244_experimental,/home/filip/server_code/labs/figures_for_paper_digits/timings/experimental/hidden_2/hidden_128/20260313-150244_experimental/validation_states.npz,/home/filip/server_code/labs/figures_for_paper_digits/timings/experimental/hidden_2/hidden_128/super_high_accuracy/validation_states_spice_layers.npz,/home/filip/server_code/labs/figures_for_paper_digits/timings/experimental/hidden_2/hidden_128/20260313-150244_experimental/error_npz_vs_spice,,,,,,,,,,,
missing_input,experimental,/home/filip/server_code/labs/figures_for_paper_digits/timings/experimental/hidden_2/hidden_256/20260313-150302_experimental,/home/filip/server_code/labs/figures_for_paper_digits/timings/experimental/hidden_2/hidden_256/20260313-150302_experimental/validation_states.npz,/home/filip/server_code/labs/figures_for_paper_digits/timings/experimental/hidden_2/hidden_256/20260311-171041_experimental/validation_states_spice_layers.npz,/home/filip/server_code/labs/figures_for_paper_digits/timings/experimental/hidden_2/hidden_256/20260313-150302_experimental/error_npz_vs_spice,True,False,,,,,,,,,
ok,experimental,/home/filip/server_code/labs/figures_for_paper_digits/timings/experimental/hidden_3/hidden_64/validation/20260313-151007_experimental,/home/filip/server_code/labs/figures_for_paper_digits/timings/experimental/hidden_3/hidden_64/validation/20260313-151007_experimental/validation_states.npz,/home/filip/server_code/labs/figures_for_paper_digits/timings/experimental/hidden_3/hidden_64/validation_states_spice_layers.npz,/home/filip/server_code/labs/figures_for_paper_digits/timings/experimental/hidden_3/hidden_64/validation/20260313-151007_experimental/error_npz_vs_spice,,,,,,,,,,,
ok,experimental,/home/filip/server_code/labs/figures_for_paper_digits/timings/experimental/hidden_3/hidden_128/amp_4/validation/20260313-151035_experimental,/home/filip/server_code/labs/figures_for_paper_digits/timings/experimental/hidden_3/hidden_128/amp_4/validation/20260313-151035_experimental/validation_states.npz,/home/filip/server_code/labs/figures_for_paper_digits/timings/experimental/hidden_3/hidden_128/amp_4/validation_states_spice_layers.npz,/home/filip/server_code/labs/figures_for_paper_digits/timings/experimental/hidden_3/hidden_128/amp_4/validation/20260313-151035_experimental/error_npz_vs_spice,,,,,,,,,,,
missing_input,experimental,/home/filip/server_code/labs/figures_for_paper_digits/timings/experimental/hidden_3/hidden_256/validation/20260317-161514_experimental,/home/filip/server_code/labs/figures_for_paper_digits/timings/experimental/hidden_3/hidden_256/validation/20260317-161514_experimental/validation_states.npz,/home/filip/server_code/labs/figures_for_paper_digits/timings/experimental/hidden_3/hidden_256/validation_states_spice_layers.npz,/home/filip/server_code/labs/figures_for_paper_digits/timings/experimental/hidden_3/hidden_256/validation/20260317-161514_experimental/error_npz_vs_spice,True,False,,,,,,,,,
ok,single_diode_exponential,/home/filip/server_code/labs/figures_for_paper_digits/timings/single_diode_exponential/hidden_1/hidden_64/20260317-170659_single_diode_exponential,/home/filip/server_code/labs/figures_for_paper_digits/timings/single_diode_exponential/hidden_1/hidden_64/20260317-170659_single_diode_exponential/validation_states.npz,/home/filip/server_code/labs/figures_for_paper_digits/timings/single_diode_exponential/hidden_1/hidden_64/validation_states_spice_layers.npz,/home/filip/server_code/labs/figures_for_paper_digits/timings/single_diode_exponential/hidden_1/hidden_64/20260317-170659_single_diode_exponential/error_npz_vs_spice,,,,,,,,,,,
compare_failed,single_diode_exponential,/home/filip/server_code/labs/figures_for_paper_digits/timings/single_diode_exponential/hidden_1/hidden_128/20260316-172522_single_diode_exponential,/home/filip/server_code/labs/figures_for_paper_digits/timings/single_diode_exponential/hidden_1/hidden_128/20260316-172522_single_diode_exponential/validation_states.npz,/home/filip/server_code/labs/figures_for_paper_digits/timings/single_diode_exponential/hidden_1/hidden_128/validation_states_spice_layers.npz,/home/filip/server_code/labs/figures_for_paper_digits/timings/single_diode_exponential/hidden_1/hidden_128/20260316-172522_single_diode_exponential/error_npz_vs_spice,,,,,,,,,1,"Traceback (most recent call last):
  File ""/home/filip/server_code/labs/tools/error_compare_npz.py"", line 291, in <module>
    raise SystemExit(main())
                     ^^^^^^
  File ""/home/filip/server_code/labs/tools/error_compare_npz.py"", line 240, in main
    summary_path = write_npz_error_summary(
                   ^^^^^^^^^^^^^^^^^^^^^^^^
  File ""/home/filip/server_code/labs/paper_post_processing.py"", line 601, in write_npz_error_summary
    rel_err, mae, ref_mean_abs = compute_relative_L1_error(values_a, values_b, axis=1)
                                 ^^^^^^^^^^^^^^^^^^^^^^^^^^^^^^^^^^^^^^^^^^^^^^^^^^^^^
  File ""/home/filip/server_code/labs/paper_post_processing.py"", line 57, in compute_relative_L1_error
    raise ValueError(
ValueError: Shape mismatch: cd_voltages (360, 10) vs spice_voltages (360, 20)
","Saved error summary to /home/filip/server_code/labs/figures_for_paper_digits/timings/single_diode_exponential/hidden_1/hidden_128/20260316-172522_single_diode_exponential/error_npz_vs_spice/Layer_1_vs_Layer_1_error_summary.json
"
ok,single_diode_exponential,/home/filip/server_code/labs/figures_for_paper_digits/timings/single_diode_exponential/hidden_1/hidden_256/20260311-170349_single_diode_exponential,/home/filip/server_code/labs/figures_for_paper_digits/timings/single_diode_exponential/hidden_1/hidden_256/20260311-170349_single_diode_exponential/validation_states.npz,/home/filip/server_code/labs/figures_for_paper_digits/timings/single_diode_exponential/hidden_1/hidden_256/validation_states_spice_layers.npz,/home/filip/server_code/labs/figures_for_paper_digits/timings/single_diode_exponential/hidden_1/hidden_256/20260311-170349_single_diode_exponential/error_npz_vs_spice,,,,,,,,,,,
ok,single_diode_exponential,/home/filip/server_code/labs/figures_for_paper_digits/timings/single_diode_exponential/hidden_1/hidden_512/20260311-170405_single_diode_exponential,/home/filip/server_code/labs/figures_for_paper_digits/timings/single_diode_exponential/hidden_1/hidden_512/20260311-170405_single_diode_exponential/validation_states.npz,/home/filip/server_code/labs/figures_for_paper_digits/timings/single_diode_exponential/hidden_1/hidden_512/validation_states_spice_layers.npz,/home/filip/server_code/labs/figures_for_paper_digits/timings/single_diode_exponential/hidden_1/hidden_512/20260311-170405_single_diode_exponential/error_npz_vs_spice,,,,,,,,,,,
ok,single_diode_exponential,/home/filip/server_code/labs/figures_for_paper_digits/timings/single_diode_exponential/hidden_1/hidden_1024/20260311-170419_single_diode_exponential,/home/filip/server_code/labs/figures_for_paper_digits/timings/single_diode_exponential/hidden_1/hidden_1024/20260311-170419_single_diode_exponential/validation_states.npz,/home/filip/server_code/labs/figures_for_paper_digits/timings/single_diode_exponential/hidden_1/hidden_1024/validation_states_spice_layers.npz,/home/filip/server_code/labs/figures_for_paper_digits/timings/single_diode_exponential/hidden_1/hidden_1024/20260311-170419_single_diode_exponential/error_npz_vs_spice,,,,,,,,,,,
ok,single_diode_exponential,/home/filip/server_code/labs/figures_for_paper_digits/timings/single_diode_exponential/hidden_2/hidden_64/20260317-103528_single_diode_exponential,/home/filip/server_code/labs/figures_for_paper_digits/timings/single_diode_exponential/hidden_2/hidden_64/20260317-103528_single_diode_exponential/validation_states.npz,/home/filip/server_code/labs/figures_for_paper_digits/timings/single_diode_exponential/hidden_2/hidden_64/validation_states_spice_layers.npz,/home/filip/server_code/labs/figures_for_paper_digits/timings/single_diode_exponential/hidden_2/hidden_64/20260317-103528_single_diode_exponential/error_npz_vs_spice,,,,,,,,,,,
ok,single_diode_exponential,/home/filip/server_code/labs/figures_for_paper_digits/timings/single_diode_exponential/hidden_2/hidden_128/20260314-160910_single_diode_exponential,/home/filip/server_code/labs/figures_for_paper_digits/timings/single_diode_exponential/hidden_2/hidden_128/20260314-160910_single_diode_exponential/validation_states.npz,/home/filip/server_code/labs/figures_for_paper_digits/timings/single_diode_exponential/hidden_2/hidden_128/validation_states_spice_layers.npz,/home/filip/server_code/labs/figures_for_paper_digits/timings/single_diode_exponential/hidden_2/hidden_128/20260314-160910_single_diode_exponential/error_npz_vs_spice,,,,,,,,,,,
ok,single_diode_exponential,/home/filip/server_code/labs/figures_for_paper_digits/timings/single_diode_exponential/hidden_2/hidden_256/20260317-094836_single_diode_exponential,/home/filip/server_code/labs/figures_for_paper_digits/timings/single_diode_exponential/hidden_2/hidden_256/20260317-094836_single_diode_exponential/validation_states.npz,/home/filip/server_code/labs/figures_for_paper_digits/timings/single_diode_exponential/hidden_2/hidden_256/validation_states_spice_layers.npz,/home/filip/server_code/labs/figures_for_paper_digits/timings/single_diode_exponential/hidden_2/hidden_256/20260317-094836_single_diode_exponential/error_npz_vs_spice,,,,,,,,,,,
